{
"type": "FeatureCollection",
"name": "cfm_1_0A_no_tvz_faults_old_min",
"crs": { "type": "name", "properties": { "name": "urn:ogc:def:crs:EPSG::2193" } },
"features": [
{ "type": "Feature", "properties": { "OBJECTID_1": 867, "OBJECTID": 870, "Fault_ID": 818, "Name": "Acton", "Name_stat": "informal", "Lineage": "New", "Fault_stat": "A-LS", "DomainName": "Southern South Island", "Domain_No": 21, "Dip_pref": 60, "Dip_min": 50.0, "Dip_max": 70.0, "Dip_dir": "E", "Dom_sense": "reverse", "Sub_sense": "dextral", "Rake_pref": 110, "Rake_minus": 90, "Rake_plus": 130, "SR_pref": 0.2, "SR_min": 0.05, "SR_max": 0.35, "SRT_pref": null, "SRT_min": null, "SRT_max": null, "SRT_gen": "10,000s yrs", "UpdDth_prf": 0.0, "UpdDth_min": 0.0, "UpdDth_max": 0.0, "Depth_Dfc": 33.9, "Method_Dfc": 1, "Depth_D90": 28.5, "Method_D90": 1.0, "QualCode": 3, "References": "Turnbull and Allibone 2003 (QMAP); Barrell CFM compilation", "Comments": "Connects Late Q scarps on Five Rivers Plain and fault scarp up Acton Stream, shown on QMAP. Approx 2 m scarp on ~18 ka surface basis for slip rates, plus topographic expression (up to E) in hill country.", "CompiledBy": "D Barrell, N Mortimer", "LastUpdate": "12/02/2021", "Shape_Leng": 34864.388031399998, "Shape_Le_1": 34864.388031399998 }, "geometry": { "type": "MultiLineString", "coordinates": [ [ [ 1238210.089599999599159, 4926060.901200000196695 ], [ 1232375.872399999760091, 4936546.503700000233948 ], [ 1230786.019899999722838, 4938874.049700000323355 ], [ 1231087.7725, 4942193.3284 ], [ 1231225.0756, 4943311.769000000320375 ], [ 1233606.187400000169873, 4947143.08739999961108 ], [ 1236004.419599999673665, 4952071.182300000451505 ], [ 1236979.6316, 4953651.850399999879301 ], [ 1238008.862800000235438, 4957244.899299999698997 ] ] ] } },
{ "type": "Feature", "properties": { "OBJECTID_1": 393, "OBJECTID": 394, "Fault_ID": 10, "Name": "Aka Aka", "Name_stat": "published", "Lineage": "New", "Fault_stat": "A-LS", "DomainName": "North Waikato - South Auckland", "Domain_No": 2, "Dip_pref": 65, "Dip_min": 50.0, "Dip_max": 80.0, "Dip_dir": "SE", "Dom_sense": "normal", "Sub_sense": null, "Rake_pref": -90, "Rake_minus": -110, "Rake_plus": -70, "SR_pref": 0.02, "SR_min": 0.0, "SR_max": 0.03, "SRT_pref": "650 000", "SRT_min": null, "SRT_max": null, "SRT_gen": "100,000s yrs", "UpdDth_prf": 0.0, "UpdDth_min": 0.0, "UpdDth_max": 0.0, "Depth_Dfc": 23.2, "Method_Dfc": 1, "Depth_D90": 17.8, "Method_D90": 1.0, "QualCode": 3, "References": "Townsend and Bland CFM compilation", "Comments": null, "CompiledBy": null, "LastUpdate": null, "Shape_Leng": 8553.9543082599994, "Shape_Le_1": 8553.9543082599994 }, "geometry": { "type": "MultiLineString", "coordinates": [ [ [ 1762136.97580000013113, 5874658.598399999551475 ], [ 1764009.096900000236928, 5875176.8109 ], [ 1765731.772199999541044, 5875502.92339999973774 ], [ 1767120.837500000372529, 5876032.091099999845028 ], [ 1767984.204800000414252, 5876935.764499999582767 ], [ 1770074.460400000214577, 5877300.8936 ] ] ] } },
{ "type": "Feature", "properties": { "OBJECTID_1": 263, "OBJECTID": 264, "Fault_ID": 326, "Name": "Akatarawa", "Name_stat": "published", "Lineage": "Unmodified", "Fault_stat": "A-LS", "DomainName": "North Island Dextral Fault Belt", "Domain_No": 5, "Dip_pref": 75, "Dip_min": 65.0, "Dip_max": 85.0, "Dip_dir": "NW", "Dom_sense": "dextral", "Sub_sense": "reverse", "Rake_pref": 160, "Rake_minus": 140, "Rake_plus": 180, "SR_pref": 0.6, "SR_min": 0.3, "SR_max": 0.9, "SRT_pref": null, "SRT_min": null, "SRT_max": null, "SRT_gen": "10,000s yrs", "UpdDth_prf": 0.0, "UpdDth_min": 0.0, "UpdDth_max": 0.0, "Depth_Dfc": 25.0, "Method_Dfc": 3, "Depth_D90": 21.0, "Method_D90": 1.0, "QualCode": 2, "References": "Litchfield et al. 2013, 2014; Robinson et al. 2011; Van Dissen et al. 2001", "Comments": null, "CompiledBy": null, "LastUpdate": null, "Shape_Leng": 14545.3529784, "Shape_Le_1": 14545.3529784 }, "geometry": { "type": "MultiLineString", "coordinates": [ [ [ 1778177.778099999763072, 5457884.56900000013411 ], [ 1777631.5499, 5455169.4978 ], [ 1773815.546699999831617, 5448004.333499999716878 ], [ 1771021.140800000168383, 5445643.910699999891222 ] ] ] } },
{ "type": "Feature", "properties": { "OBJECTID_1": 183, "OBJECTID": 184, "Fault_ID": 805, "Name": "Akatore", "Name_stat": "published", "Lineage": "Modified", "Fault_stat": "A-LS", "DomainName": "Otago", "Domain_No": 20, "Dip_pref": 45, "Dip_min": 30.0, "Dip_max": 60.0, "Dip_dir": "SE", "Dom_sense": "reverse", "Sub_sense": "dextral", "Rake_pref": 110, "Rake_minus": 90, "Rake_plus": 130, "SR_pref": 1.2, "SR_min": 0.05, "SR_max": 6.0, "SRT_pref": "1000s yrs", "SRT_min": "1000s yrs", "SRT_max": "100,000s yrs", "SRT_gen": null, "UpdDth_prf": 0.0, "UpdDth_min": 0.0, "UpdDth_max": 0.0, "Depth_Dfc": 28.1, "Method_Dfc": 1, "Depth_D90": 25.4, "Method_D90": 1.0, "QualCode": 1, "References": "Villamor et al. 2018 (GNS MS 124); Holt 2018 (OU thesis); Taylor-Silva et al. 2020; Barrell 2021 (CR2020/88); Craw et al. 2020; Litchfield and Norris 2000", "Comments": "Barrell 2020 suggested that recency of trace on GIF suggests association with Holocene Akatore rupture (triggered?). Holocene net amount (4.8 to 7.4 m - median 6.1 m) from Taylor-Silva et al. 2020 applied over 5 ka timeframe.", "CompiledBy": "D Barrell", "LastUpdate": "12/02/2021", "Shape_Leng": 40364.099310400001, "Shape_Le_1": 40364.099310400001 }, "geometry": { "type": "MultiLineString", "coordinates": [ [ [ 1388638.470300000160933, 4901835.5756 ], [ 1386257.215599999763072, 4897985.880400000140071 ], [ 1382010.644600000232458, 4892270.869 ], [ 1382169.394899999722838, 4890881.8037 ], [ 1376958.473500000312924, 4885230.325500000268221 ], [ 1376382.56209999974817, 4883355.1392 ], [ 1373041.2516, 4879451.780799999833107 ], [ 1371691.8739, 4878618.341699999757111 ], [ 1370699.684399999678135, 4876554.587500000372529 ], [ 1369786.8701, 4875403.647699999623001 ], [ 1366486.682300000451505, 4869018.606599999591708 ] ] ] } },
{ "type": "Feature", "properties": { "OBJECTID_1": 216, "OBJECTID": 217, "Fault_ID": 700, "Name": "Albury", "Name_stat": "published", "Lineage": "Modified", "Fault_stat": "A-LS", "DomainName": "Central Canterbury", "Domain_No": 18, "Dip_pref": 60, "Dip_min": 50.0, "Dip_max": 70.0, "Dip_dir": "W", "Dom_sense": "reverse", "Sub_sense": "dextral", "Rake_pref": 110, "Rake_minus": 90, "Rake_plus": 130, "SR_pref": 0.13, "SR_min": 0.02, "SR_max": 0.2, "SRT_pref": null, "SRT_min": null, "SRT_max": null, "SRT_gen": "100,000s yrs", "UpdDth_prf": 0.0, "UpdDth_min": 0.0, "UpdDth_max": 0.0, "Depth_Dfc": 26.0, "Method_Dfc": 1, "Depth_D90": 20.6, "Method_D90": 1.0, "QualCode": 3, "References": "Litchfield et al. 2013 (SR2012/019); Barrell 2016 (CR2015/166) and refs therein", "Comments": "Adjusted linework to accord with the structure contouring interpretations of Barrell and Strong 2012 (CR2012/245) . Rake revised to include dextral component. SRs from Litchfield et al.", "CompiledBy": "D Barrell", "LastUpdate": "12/02/2021", "Shape_Leng": 20678.755967900001, "Shape_Le_1": 20678.755967900001 }, "geometry": { "type": "MultiLineString", "coordinates": [ [ [ 1425765.166799999773502, 5103641.427400000393391 ], [ 1418128.550200000405312, 5119445.903400000184774 ], [ 1417222.889000000432134, 5122437.830900000408292 ] ] ] } },
{ "type": "Feature", "properties": { "OBJECTID_1": 350, "OBJECTID": 351, "Fault_ID": 640, "Name": "Alexander", "Name_stat": "published", "Lineage": "New", "Fault_stat": "A-LS", "DomainName": "Northeastern Canterbury", "Domain_No": 17, "Dip_pref": 50, "Dip_min": 35.0, "Dip_max": 65.0, "Dip_dir": "SE", "Dom_sense": "reverse", "Sub_sense": null, "Rake_pref": 90, "Rake_minus": 70, "Rake_plus": 110, "SR_pref": 0.15, "SR_min": 0.06, "SR_max": 0.4, "SRT_pref": null, "SRT_min": null, "SRT_max": null, "SRT_gen": "10,000s yrs", "UpdDth_prf": 0.0, "UpdDth_min": 0.0, "UpdDth_max": 0.0, "Depth_Dfc": 25.6, "Method_Dfc": 1, "Depth_D90": 18.4, "Method_D90": 1.0, "QualCode": 3, "References": "Barrell and Townsend 2012; Goded et al. 2018; Litchfield et al. 2003", "Comments": null, "CompiledBy": null, "LastUpdate": null, "Shape_Leng": 32827.34918170001, "Shape_Le_1": 32827.34918170001 }, "geometry": { "type": "MultiLineString", "coordinates": [ [ [ 1577973.736499999649823, 5247300.696399999782443 ], [ 1585244.486399999819696, 5250835.3898 ], [ 1593250.700500000268221, 5250905.2867 ], [ 1600814.713200000114739, 5254038.196999999694526 ], [ 1606961.427500000223517, 5259980.229000000283122 ] ] ] } },
{ "type": "Feature", "properties": { "OBJECTID_1": 506, "OBJECTID": 508, "Fault_ID": 319, "Name": "Alfredton North", "Name_stat": "published", "Lineage": "Modified", "Fault_stat": "A-LS", "DomainName": "North Island Dextral Fault Belt", "Domain_No": 5, "Dip_pref": 70, "Dip_min": 60.0, "Dip_max": 80.0, "Dip_dir": "NW", "Dom_sense": "dextral", "Sub_sense": "reverse", "Rake_pref": 160, "Rake_minus": 140, "Rake_plus": 180, "SR_pref": 2.5, "SR_min": 1.5, "SR_max": 3.5, "SRT_pref": null, "SRT_min": null, "SRT_max": null, "SRT_gen": "10,000s yrs", "UpdDth_prf": 0.0, "UpdDth_min": 0.0, "UpdDth_max": 0.0, "Depth_Dfc": 20.3, "Method_Dfc": 3, "Depth_D90": 20.3, "Method_D90": 1.0, "QualCode": 2, "References": "Litchfield et al. 2013, 2014; Beanland 1995", "Comments": "Segment of previous Alfredton-Makuri 2; slip rate sharing in this complex area: rate is lower North of Saunders Road junction", "CompiledBy": "R Langridge", "LastUpdate": "11/12/2020", "Shape_Leng": 15248.264547700001, "Shape_Le_1": 15248.264547700001 }, "geometry": { "type": "MultiLineString", "coordinates": [ [ [ 1842179.974499999545515, 5492971.241600000299513 ], [ 1848140.665500000119209, 5503009.2083 ], [ 1849023.996299999766052, 5506472.233199999667704 ] ] ] } },
{ "type": "Feature", "properties": { "OBJECTID_1": 507, "OBJECTID": 509, "Fault_ID": 321, "Name": "Alfredton South", "Name_stat": "published", "Lineage": "Modified", "Fault_stat": "A-LS", "DomainName": "North Island Dextral Fault Belt", "Domain_No": 5, "Dip_pref": 70, "Dip_min": 60.0, "Dip_max": 80.0, "Dip_dir": "NW", "Dom_sense": "dextral", "Sub_sense": "reverse", "Rake_pref": 160, "Rake_minus": 140, "Rake_plus": 180, "SR_pref": 3.5, "SR_min": 2.5, "SR_max": 4.5, "SRT_pref": null, "SRT_min": null, "SRT_max": null, "SRT_gen": "1000s yrs", "UpdDth_prf": 0.0, "UpdDth_min": 0.0, "UpdDth_max": 0.0, "Depth_Dfc": 19.4, "Method_Dfc": 3, "Depth_D90": 19.4, "Method_D90": 1.0, "QualCode": 2, "References": "Litchfield et al. 2013, 2014; Schermer et al. 1998, 2004; Beanland 1995", "Comments": "Previously segment of Alfredton-Makuri 2. Slip rate sharing in this complex area; rate is higher to south of Saunders Road junction", "CompiledBy": "R Langridge", "LastUpdate": "11/12/2020", "Shape_Leng": 9859.1833565899997, "Shape_Le_1": 9859.1833565899997 }, "geometry": { "type": "MultiLineString", "coordinates": [ [ [ 1835644.3958, 5485600.2533 ], [ 1837766.677299999631941, 5487718.026100000366569 ], [ 1842179.974499999545515, 5492971.241600000299513 ] ] ] } },
{ "type": "Feature", "properties": { "OBJECTID_1": 513, "OBJECTID": 515, "Fault_ID": 603, "Name": "Alpine: Caswell", "Name_stat": "published", "Lineage": "Modified", "Fault_stat": "A-LS", "DomainName": "Alpine Fault", "Domain_No": 15, "Dip_pref": 80, "Dip_min": 70.0, "Dip_max": 90.0, "Dip_dir": "SE", "Dom_sense": "dextral", "Sub_sense": null, "Rake_pref": 180, "Rake_minus": 160, "Rake_plus": -160, "SR_pref": 31.4, "SR_min": 27.9, "SR_max": 33.5, "SRT_pref": null, "SRT_min": null, "SRT_max": null, "SRT_gen": "10,000s yrs", "UpdDth_prf": 0.0, "UpdDth_min": 0.0, "UpdDth_max": 0.0, "Depth_Dfc": 26.4, "Method_Dfc": 1, "Depth_D90": 22.8, "Method_D90": 1.0, "QualCode": 1, "References": "Barnes 2009; Barnes et al. 2013; Barnes (unpubl)", "Comments": "Weighted mean SR from Caswell & Doubtful fan offsets", "CompiledBy": "P Barnes", "LastUpdate": "24/11/2020", "Shape_Leng": 22209.8794366, "Shape_Le_1": 22209.8794366 }, "geometry": { "type": "MultiLineString", "coordinates": [ [ [ 1126024.282999999821186, 4995037.309999999590218 ], [ 1128728.673600000329316, 4995850.376500000245869 ], [ 1130911.263799999840558, 4997636.8098 ], [ 1133650.126500000245869, 5000929.359299999661744 ], [ 1135472.7473, 5003721.299999999813735 ], [ 1140819.069199999794364, 5010897.073400000110269 ] ] ] } },
{ "type": "Feature", "properties": { "OBJECTID_1": 317, "OBJECTID": 318, "Fault_ID": 602, "Name": "Alpine: Caswell - South George", "Name_stat": "published", "Lineage": "Modified", "Fault_stat": "A-LS", "DomainName": "Alpine Fault", "Domain_No": 15, "Dip_pref": 80, "Dip_min": 70.0, "Dip_max": 90.0, "Dip_dir": "SE", "Dom_sense": "dextral", "Sub_sense": null, "Rake_pref": 180, "Rake_minus": 160, "Rake_plus": -160, "SR_pref": 27.2, "SR_min": 24.2, "SR_max": 29.0, "SRT_pref": "17 000", "SRT_min": "16 000", "SRT_max": "19 000", "SRT_gen": "10,000s yrs", "UpdDth_prf": 0.0, "UpdDth_min": 0.0, "UpdDth_max": 0.0, "Depth_Dfc": 20.9, "Method_Dfc": 1, "Depth_D90": 16.8, "Method_D90": 1.0, "QualCode": 1, "References": "Barnes 2009; Barnes et al. 2013; Barnes (unpubl)", "Comments": "SR from George-Milford weighted mean", "CompiledBy": "P Barnes", "LastUpdate": "24/11/2020", "Shape_Leng": 22107.516531699999, "Shape_Le_1": 22107.516531699999 }, "geometry": { "type": "MultiLineString", "coordinates": [ [ [ 1140819.069199999794364, 5010897.073400000110269 ], [ 1141766.831399999558926, 5011597.554700000211596 ], [ 1143024.900999999605119, 5013022.2939 ], [ 1145375.3426, 5016621.82880000025034 ], [ 1146525.980899999849498, 5018563.2637 ], [ 1150226.2527, 5023005.245799999684095 ], [ 1152388.556400000117719, 5025487.327200000174344 ], [ 1154869.397199999541044, 5027811.390700000338256 ] ] ] } },
{ "type": "Feature", "properties": { "OBJECTID_1": 515, "OBJECTID": 517, "Fault_ID": 600, "Name": "Alpine: George landward", "Name_stat": "informal", "Lineage": "Modified", "Fault_stat": "A-LS", "DomainName": "Alpine Fault", "Domain_No": 15, "Dip_pref": 80, "Dip_min": 70.0, "Dip_max": 90.0, "Dip_dir": "SE", "Dom_sense": "dextral", "Sub_sense": null, "Rake_pref": 180, "Rake_minus": 160, "Rake_plus": -160, "SR_pref": 8.9, "SR_min": 7.8, "SR_max": 10.0, "SRT_pref": "17 000", "SRT_min": "16 000", "SRT_max": "19 000", "SRT_gen": "10,000s yrs", "UpdDth_prf": 0.0, "UpdDth_min": 0.0, "UpdDth_max": 0.0, "Depth_Dfc": 23.1, "Method_Dfc": 1, "Depth_D90": 19.0, "Method_D90": 1.0, "QualCode": 1, "References": "Barnes (in prep)", "Comments": "New data. Mean from three sites, offest gullies", "CompiledBy": "P Barnes", "LastUpdate": "24/11/2020", "Shape_Leng": 16414.172216499999, "Shape_Le_1": 16414.172216499999 }, "geometry": { "type": "MultiLineString", "coordinates": [ [ [ 1154848.925200000405312, 5027792.9923 ], [ 1156601.896599999628961, 5027681.884600000455976 ], [ 1161699.7319, 5032549.0801 ], [ 1162152.69550000037998, 5033024.917600000277162 ], [ 1163659.449799999594688, 5034371.8531 ], [ 1164701.241600000299513, 5035608.743900000117719 ], [ 1165435.52489999961108, 5036300.790400000289083 ], [ 1167174.321600000374019, 5037814.38219999987632 ] ] ] } },
{ "type": "Feature", "properties": { "OBJECTID_1": 514, "OBJECTID": 516, "Fault_ID": 601, "Name": "Alpine: George seaward", "Name_stat": "informal", "Lineage": "Modified", "Fault_stat": "A-LS", "DomainName": "Alpine Fault", "Domain_No": 15, "Dip_pref": 80, "Dip_min": 70.0, "Dip_max": 90.0, "Dip_dir": "SE", "Dom_sense": "dextral", "Sub_sense": null, "Rake_pref": 180, "Rake_minus": 160, "Rake_plus": -160, "SR_pref": 18.3, "SR_min": 16.4, "SR_max": 19.0, "SRT_pref": "17 000", "SRT_min": "16 000", "SRT_max": "19 000", "SRT_gen": "10,000s yrs", "UpdDth_prf": 0.0, "UpdDth_min": 0.0, "UpdDth_max": 0.0, "Depth_Dfc": 23.2, "Method_Dfc": 1, "Depth_D90": 19.0, "Method_D90": 1.0, "QualCode": 1, "References": "Barnes (in prep)", "Comments": "SR deficit across the two George Basin traces", "CompiledBy": "P Barnes", "LastUpdate": "24/11/2020", "Shape_Leng": 16090.2549296, "Shape_Le_1": 16090.2549296 }, "geometry": { "type": "MultiLineString", "coordinates": [ [ [ 1154848.925200000405312, 5027792.9923 ], [ 1155643.873200000263751, 5028537.955299999564886 ], [ 1158335.3931, 5030873.991499999538064 ], [ 1162821.259700000286102, 5034953.591 ], [ 1165428.140700000338256, 5037408.1217 ], [ 1167174.321600000374019, 5037814.38219999987632 ] ] ] } },
{ "type": "Feature", "properties": { "OBJECTID_1": 325, "OBJECTID": 326, "Fault_ID": 599, "Name": "Alpine: George to Jacksons", "Name_stat": "published", "Lineage": "Modified", "Fault_stat": "A-LS", "DomainName": "Alpine Fault", "Domain_No": 15, "Dip_pref": 80, "Dip_min": 70.0, "Dip_max": 90.0, "Dip_dir": "SE", "Dom_sense": "dextral", "Sub_sense": null, "Rake_pref": 180, "Rake_minus": 160, "Rake_plus": -160, "SR_pref": 27.2, "SR_min": 24.2, "SR_max": 34.0, "SRT_pref": "17 000", "SRT_min": "16 000", "SRT_max": "270 000", "SRT_gen": "10,000s yrs", "UpdDth_prf": 0.0, "UpdDth_min": 0.0, "UpdDth_max": 0.0, "Depth_Dfc": 25.0, "Method_Dfc": 1, "Depth_D90": 20.5, "Method_D90": 1.0, "QualCode": 1, "References": "Litchfield et al. 2013, 2014; Barnes 2009; Berryman et al. 2012a; Barth et al. 2014; Howarth et al. 2018, 2021; Sutherland et al. 2006", "Comments": "SR=offsh wtd mean. cf. 23.2 +/-1.4 onshore from Sutherland et al 2006 using 3 ranked groups of features 18-79 ka. Barnes (2009) ca;c 24.5 +1.8/-2.8 wt mean using Sutherland's Rank 1 data (and 17 +2/-1 ka). cf Barth et al (2013) 29.6 +4.5/-2.5 (270 ka)", "CompiledBy": "P Barnes", "LastUpdate": "17/12/2020", "Shape_Leng": 116656.77108200001, "Shape_Le_1": 116656.77108200001 }, "geometry": { "type": "MultiLineString", "coordinates": [ [ [ 1167174.321600000374019, 5037814.38219999987632 ], [ 1172272.889399999752641, 5042178.149400000460446 ], [ 1173960.06209999974817, 5043673.7429 ], [ 1182074.723500000312924, 5050308.127000000327826 ], [ 1182692.399299999698997, 5050639.4211 ], [ 1183121.2588, 5051004.573200000450015 ], [ 1184009.497399999760091, 5051360.5449 ], [ 1187831.266699999570847, 5054486.4353 ], [ 1190157.810600000433624, 5057033.72690000012517 ], [ 1193622.912899999879301, 5059257.131099999882281 ], [ 1198554.989, 5063585.892199999652803 ], [ 1199302.981300000101328, 5064480.521099999547005 ], [ 1201430.976300000213087, 5065772.8553 ], [ 1205228.795199999585748, 5069327.482200000435114 ], [ 1211708.839200000278652, 5075869.150999999605119 ], [ 1214860.664900000207126, 5078430.099399999715388 ], [ 1219294.696600000374019, 5082502.254700000397861 ], [ 1220208.377500000409782, 5083605.1541 ], [ 1223052.349700000137091, 5086268.735500000417233 ], [ 1225403.863699999637902, 5088173.650600000284612 ], [ 1226529.497100000269711, 5089693.616399999707937 ], [ 1230863.711199999786913, 5092963.174499999731779 ], [ 1232528.944899999536574, 5094744.714300000108778 ], [ 1239418.4715, 5098802.353900000452995 ], [ 1242413.865500000305474, 5102335.919599999673665 ], [ 1256296.244, 5112205.350499999709427 ] ] ] } },
{ "type": "Feature", "properties": { "OBJECTID_1": 319, "OBJECTID": 320, "Fault_ID": 598, "Name": "Alpine: Jacksons to Kaniere", "Name_stat": "published", "Lineage": "Unmodified", "Fault_stat": "A-LS", "DomainName": "Alpine Fault", "Domain_No": 15, "Dip_pref": 50, "Dip_min": 40.0, "Dip_max": 60.0, "Dip_dir": "SE", "Dom_sense": "dextral", "Sub_sense": "reverse", "Rake_pref": 160, "Rake_minus": 140, "Rake_plus": 180, "SR_pref": 27.0, "SR_min": 22.0, "SR_max": 32.0, "SRT_pref": null, "SRT_min": "4 400", "SRT_max": "270 000", "SRT_gen": null, "UpdDth_prf": 0.0, "UpdDth_min": 0.0, "UpdDth_max": 0.0, "Depth_Dfc": 22.3, "Method_Dfc": 1, "Depth_D90": 18.1, "Method_D90": 1.0, "QualCode": 1, "References": "Litchfield et al. 2013, 2014; Berryman et al. 2012b; De Pascale et al. 2014; Barth et al. 2014; Howarth et al. 2018, 2021; Norris and Cooper 2001", "Comments": null, "CompiledBy": null, "LastUpdate": null, "Shape_Leng": 236438.974586, "Shape_Le_1": 236438.974586 }, "geometry": { "type": "MultiLineString", "coordinates": [ [ [ 1256296.244, 5112205.350499999709427 ], [ 1285547.64740000013262, 5131564.627600000239909 ], [ 1306825.896300000138581, 5146539.8766 ], [ 1331034.364500000141561, 5163044.1135 ], [ 1361323.368599999696016, 5184577.844600000418723 ], [ 1395852.941700000315905, 5211051.11780000012368 ], [ 1417382.0581, 5226100.902300000190735 ], [ 1448649.962899999693036, 5249579.2971 ] ] ] } },
{ "type": "Feature", "properties": { "OBJECTID_1": 1, "OBJECTID": 1, "Fault_ID": 597, "Name": "Alpine: Kaniere to Springs Junction", "Name_stat": "published", "Lineage": "Unmodified", "Fault_stat": "A-LS", "DomainName": "Alpine Fault", "Domain_No": 15, "Dip_pref": 60, "Dip_min": 40.0, "Dip_max": 60.0, "Dip_dir": "SE", "Dom_sense": "dextral and reverse", "Sub_sense": null, "Rake_pref": 135, "Rake_minus": 115, "Rake_plus": 155, "SR_pref": 15.0, "SR_min": 13.0, "SR_max": 17.0, "SRT_pref": null, "SRT_min": null, "SRT_max": null, "SRT_gen": "1000s yrs", "UpdDth_prf": 0.0, "UpdDth_min": 0.0, "UpdDth_max": 0.0, "Depth_Dfc": 23.4, "Method_Dfc": 1, "Depth_D90": 19.4, "Method_D90": 1.0, "QualCode": 1, "References": "Litchfield et al. 2013, 2014; Howarth et al. 2018, 2021; Berryman et al. 1992; Yetton 1998, 2002; Langridge et al. 2010", "Comments": null, "CompiledBy": null, "LastUpdate": null, "Shape_Leng": 106078.206072, "Shape_Le_1": 106078.206072 }, "geometry": { "type": "MultiLineString", "coordinates": [ [ [ 1535290.185200000181794, 5310464.981300000101328 ], [ 1518897.4468, 5297107.53969999961555 ], [ 1486240.5932, 5276195.462600000202656 ], [ 1472947.879999999888241, 5267525.404199999757111 ], [ 1459206.154, 5258710.517699999734759 ], [ 1448649.962899999693036, 5249579.2971 ] ] ] } },
{ "type": "Feature", "properties": { "OBJECTID_1": 512, "OBJECTID": 514, "Fault_ID": 605, "Name": "Alpine: Nancy", "Name_stat": "published", "Lineage": "Modified", "Fault_stat": "A-LS", "DomainName": "Alpine Fault", "Domain_No": 15, "Dip_pref": 80, "Dip_min": 70.0, "Dip_max": 90.0, "Dip_dir": "SE", "Dom_sense": "dextral", "Sub_sense": null, "Rake_pref": 180, "Rake_minus": 160, "Rake_plus": -160, "SR_pref": 15.7, "SR_min": 13.8, "SR_max": 16.7, "SRT_pref": null, "SRT_min": null, "SRT_max": null, "SRT_gen": "10,000s yrs", "UpdDth_prf": 0.0, "UpdDth_min": 0.0, "UpdDth_max": 0.0, "Depth_Dfc": 27.2, "Method_Dfc": 1, "Depth_D90": 23.3, "Method_D90": 1.0, "QualCode": 1, "References": "Barnes 2009; Barnes et al. 2013; Barnes (in prep)", "Comments": "SR = 0.5X weighted mean SR from Caswell & Doubtful fan offsets", "CompiledBy": "P Barnes", "LastUpdate": "24/11/2020", "Shape_Leng": 12088.155283399999, "Shape_Le_1": 12088.155283399999 }, "geometry": { "type": "MultiLineString", "coordinates": [ [ [ 1118457.686499999836087, 4985618.972900000400841 ], [ 1121162.0258, 4989181.941100000403821 ], [ 1123145.939899999648333, 4991379.685600000433624 ], [ 1126024.282999999821186, 4995037.309999999590218 ] ] ] } },
{ "type": "Feature", "properties": { "OBJECTID_1": 511, "OBJECTID": 513, "Fault_ID": 604, "Name": "Alpine: Resolution - Charles", "Name_stat": "published", "Lineage": "Modified", "Fault_stat": "A-LS", "DomainName": "Alpine Fault", "Domain_No": 15, "Dip_pref": 80, "Dip_min": 70.0, "Dip_max": 90.0, "Dip_dir": "SE", "Dom_sense": "dextral", "Sub_sense": null, "Rake_pref": 180, "Rake_minus": 160, "Rake_plus": -160, "SR_pref": 15.7, "SR_min": 13.8, "SR_max": 16.7, "SRT_pref": null, "SRT_min": null, "SRT_max": null, "SRT_gen": "10,000s yrs", "UpdDth_prf": 0.0, "UpdDth_min": 0.0, "UpdDth_max": 0.0, "Depth_Dfc": 26.2, "Method_Dfc": 1, "Depth_D90": 21.9, "Method_D90": 1.0, "QualCode": 1, "References": "Barnes 2009; Barnes et al. 2013; Barnes (in prep)", "Comments": "SR = 0.5X weighted mean SR from Caswell & Doubtful fan offsets", "CompiledBy": "P Barnes", "LastUpdate": "25/11/2020", "Shape_Leng": 10049.252273100001, "Shape_Le_1": 10049.252273100001 }, "geometry": { "type": "MultiLineString", "coordinates": [ [ [ 1116950.576399999670684, 4987924.733900000341237 ], [ 1122731.712299999780953, 4996144.58420000039041 ] ] ] } },
{ "type": "Feature", "properties": { "OBJECTID_1": 306, "OBJECTID": 307, "Fault_ID": 606, "Name": "Alpine: Resolution - Dagg", "Name_stat": "published", "Lineage": "Modified", "Fault_stat": "A-LS", "DomainName": "Alpine Fault", "Domain_No": 15, "Dip_pref": 80, "Dip_min": 70.0, "Dip_max": 90.0, "Dip_dir": "SE", "Dom_sense": "dextral", "Sub_sense": null, "Rake_pref": 180, "Rake_minus": 160, "Rake_plus": -160, "SR_pref": 31.4, "SR_min": 27.9, "SR_max": 33.5, "SRT_pref": null, "SRT_min": null, "SRT_max": null, "SRT_gen": "10,000s yrs", "UpdDth_prf": 0.0, "UpdDth_min": 0.0, "UpdDth_max": 0.0, "Depth_Dfc": 27.3, "Method_Dfc": 1, "Depth_D90": 23.7, "Method_D90": 1.0, "QualCode": 1, "References": "Barnes 2009; Barnes et al. 2013; Barnes (in prep)", "Comments": "Weighted mean SR from Caswell and Doubtful fan offsets", "CompiledBy": "P Barnes", "LastUpdate": "17/12/2020", "Shape_Leng": 66425.944877200003, "Shape_Le_1": 66425.944877200003 }, "geometry": { "type": "MultiLineString", "coordinates": [ [ [ 1077458.793999999761581, 4935098.634999999776483 ], [ 1079751.418100000359118, 4937448.096800000406802 ], [ 1082413.080199999734759, 4941992.9836 ], [ 1084650.425900000147521, 4945133.338600000366569 ], [ 1086096.459099999628961, 4947135.502299999818206 ], [ 1088573.2089, 4951626.615799999795854 ], [ 1091330.7714, 4956036.38300000037998 ], [ 1096812.189799999818206, 4961837.035400000400841 ], [ 1100329.127399999648333, 4964498.488300000317395 ], [ 1105910.688400000333786, 4970932.162700000219047 ], [ 1107013.9764, 4973336.155500000342727 ], [ 1114340.611399999819696, 4984661.5411 ], [ 1116950.576399999670684, 4987924.733900000341237 ] ] ] } },
{ "type": "Feature", "properties": { "OBJECTID_1": 510, "OBJECTID": 512, "Fault_ID": 607, "Name": "Alpine: Resolution - Five Fingers", "Name_stat": "published", "Lineage": "Modified", "Fault_stat": "A-LS", "DomainName": "Alpine Fault", "Domain_No": 15, "Dip_pref": 80, "Dip_min": 70.0, "Dip_max": 90.0, "Dip_dir": "SE", "Dom_sense": "dextral", "Sub_sense": null, "Rake_pref": 180, "Rake_minus": 160, "Rake_plus": -160, "SR_pref": 31.4, "SR_min": 27.9, "SR_max": 33.5, "SRT_pref": null, "SRT_min": null, "SRT_max": null, "SRT_gen": "10,000s yrs", "UpdDth_prf": 0.0, "UpdDth_min": 0.0, "UpdDth_max": 0.0, "Depth_Dfc": 26.4, "Method_Dfc": 1, "Depth_D90": 21.8, "Method_D90": 1.0, "QualCode": 1, "References": "Barnes et al. 2005, 2013; Barnes (in prep)", "Comments": "SR assigned from weighted mean Caswell & Doubtful fan offsets", "CompiledBy": "P Barnes", "LastUpdate": "25/11/2020", "Shape_Leng": 78758.665398600002, "Shape_Le_1": 78758.665398600002 }, "geometry": { "type": "MultiLineString", "coordinates": [ [ [ 1022904.431300000287592, 4878607.781999999657273 ], [ 1036193.845200000330806, 4890238.801799999549985 ], [ 1050204.51659999974072, 4906722.237800000235438 ], [ 1056662.224999999627471, 4915682.792899999767542 ], [ 1067962.167700000107288, 4927982.890800000168383 ], [ 1070309.82079999987036, 4930961.818 ], [ 1072222.9742, 4932219.573800000362098 ], [ 1074999.841300000436604, 4933708.428399999625981 ], [ 1076661.02489999961108, 4935555.124800000339746 ] ] ] } },
{ "type": "Feature", "properties": { "OBJECTID_1": 335, "OBJECTID": 336, "Fault_ID": 596, "Name": "Alpine: Springs Junction to Tophouse", "Name_stat": "published", "Lineage": "Unmodified", "Fault_stat": "A-LS", "DomainName": "Alpine Fault", "Domain_No": 15, "Dip_pref": 65, "Dip_min": 55.0, "Dip_max": 75.0, "Dip_dir": "SE", "Dom_sense": "dextral", "Sub_sense": "reverse", "Rake_pref": 160, "Rake_minus": 140, "Rake_plus": 180, "SR_pref": 5.5, "SR_min": 3.0, "SR_max": 8.0, "SRT_pref": null, "SRT_min": null, "SRT_max": null, "SRT_gen": "10,000s yrs", "UpdDth_prf": 0.0, "UpdDth_min": 0.0, "UpdDth_max": 0.0, "Depth_Dfc": 27.2, "Method_Dfc": 1, "Depth_D90": 23.0, "Method_D90": 1.0, "QualCode": 2, "References": "Litchfield et al. 2013, 2014; Howarth et al. 2018; Knuepfer 1992; Langridge et al. 2017a", "Comments": null, "CompiledBy": null, "LastUpdate": null, "Shape_Leng": 85749.663541200003, "Shape_Le_1": 85749.663541200003 }, "geometry": { "type": "MultiLineString", "coordinates": [ [ [ 1589146.322999999858439, 5372491.513600000180304 ], [ 1583345.267, 5369819.65500000026077 ], [ 1578512.572300000116229, 5366231.029799999669194 ], [ 1567917.591699999757111, 5356510.764600000344217 ], [ 1552240.5795, 5342745.752100000157952 ], [ 1549278.812199999578297, 5339169.416600000113249 ], [ 1547163.835, 5324275.722299999557436 ], [ 1543686.862099999561906, 5318203.736399999819696 ], [ 1535290.185200000181794, 5310464.981300000101328 ] ] ] } },
{ "type": "Feature", "properties": { "OBJECTID_1": 354, "OBJECTID": 355, "Fault_ID": 645, "Name": "AmberBlyth", "Name_stat": "published", "Lineage": "New", "Fault_stat": "A-LS", "DomainName": "Northeastern Canterbury", "Domain_No": 17, "Dip_pref": 45, "Dip_min": 30.0, "Dip_max": 60.0, "Dip_dir": "SE", "Dom_sense": "reverse", "Sub_sense": null, "Rake_pref": 90, "Rake_minus": 70, "Rake_plus": 110, "SR_pref": 1.85, "SR_min": 1.21, "SR_max": 3.13, "SRT_pref": null, "SRT_min": null, "SRT_max": null, "SRT_gen": "10,000s yrs", "UpdDth_prf": 0.0, "UpdDth_min": 0.0, "UpdDth_max": 0.0, "Depth_Dfc": 23.7, "Method_Dfc": 1, "Depth_D90": 15.2, "Method_D90": 1.0, "QualCode": 3, "References": "Barrell and Townsend 2012; Forsyth et al. 2008; Goded et al. 2018; Rattenbury et al. 2006; Oakley et al. 2017; Vanderleest 2015", "Comments": null, "CompiledBy": null, "LastUpdate": null, "Shape_Leng": 59744.442388800002, "Shape_Le_1": 59744.442388800002 }, "geometry": { "type": "MultiLineString", "coordinates": [ [ [ 1571064.731200000271201, 5223728.58490000013262 ], [ 1580881.294800000265241, 5226387.723399999551475 ], [ 1584944.205, 5228618.9211 ], [ 1588874.9874, 5230292.215300000272691 ], [ 1595250.103799999691546, 5232335.537499999627471 ], [ 1600678.813799999654293, 5234928.30449999962002 ], [ 1607336.5449, 5239921.596300000324845 ], [ 1611553.881099999882281, 5243247.227 ], [ 1624083.279799999669194, 5250062.653599999845028 ] ] ] } },
{ "type": "Feature", "properties": { "OBJECTID_1": 418, "OBJECTID": 419, "Fault_ID": 329, "Name": "Aotea - Evans Bay", "Name_stat": "published", "Lineage": "New", "Fault_stat": "A-LS", "DomainName": "North Island Dextral Fault Belt", "Domain_No": 5, "Dip_pref": 70, "Dip_min": 60.0, "Dip_max": 80.0, "Dip_dir": "E", "Dom_sense": "reverse", "Sub_sense": "dextral", "Rake_pref": 110, "Rake_minus": 90, "Rake_plus": 130, "SR_pref": 1.4, "SR_min": 0.6, "SR_max": 2.4, "SRT_pref": null, "SRT_min": null, "SRT_max": null, "SRT_gen": "1000s yrs", "UpdDth_prf": 0.0, "UpdDth_min": 0.0, "UpdDth_max": 0.0, "Depth_Dfc": 22.8, "Method_Dfc": 3, "Depth_D90": 20.8, "Method_D90": 1.0, "QualCode": 1, "References": "Barnes et al. 2019", "Comments": "Represents the Aotea and evans Bay F's. Location along the Aotea F. Length extends S onshore from Fig. 15 Barnes et al. (2019). Inferred secondary dextral sense of movement. SR from combined vert SR's. Net SR from Vert SR (converted to Dip SR)", "CompiledBy": "R Van Dissen, N Litchfield", "LastUpdate": "15/10/2020", "Shape_Leng": 9325.9157268899999, "Shape_Le_1": 9325.9157268899999 }, "geometry": { "type": "MultiLineString", "coordinates": [ [ [ 1747961.073900000192225, 5420471.438299999572337 ], [ 1748893.768799999728799, 5425552.537399999797344 ], [ 1749200.026800000108778, 5426666.2029 ], [ 1749858.865199999883771, 5427626.5433 ], [ 1750473.232099999673665, 5428797.03969999961555 ], [ 1750442.492200000211596, 5429314.495299999602139 ] ] ] } },
{ "type": "Feature", "properties": { "OBJECTID_1": 118, "OBJECTID": 119, "Fault_ID": 38, "Name": "Ararata", "Name_stat": "published", "Lineage": "Unmodified", "Fault_stat": "A-LS", "DomainName": "western North Island", "Domain_No": 3, "Dip_pref": 70, "Dip_min": 60.0, "Dip_max": 80.0, "Dip_dir": "SE", "Dom_sense": "normal", "Sub_sense": null, "Rake_pref": -90, "Rake_minus": -110, "Rake_plus": -70, "SR_pref": 0.02, "SR_min": 0.02, "SR_max": 0.02, "SRT_pref": null, "SRT_min": null, "SRT_max": null, "SRT_gen": "100,000s yrs", "UpdDth_prf": 0.0, "UpdDth_min": 0.0, "UpdDth_max": 0.0, "Depth_Dfc": 12.0, "Method_Dfc": 2, "Depth_D90": 12.0, "Method_D90": 2.0, "QualCode": 1, "References": "Litchfield et al. 2013, 2014; McVerry et al. 2005; Pillans 1990", "Comments": "Dfcomb fixed at 12 km depth - likely bending realted faults", "CompiledBy": null, "LastUpdate": null, "Shape_Leng": 9431.7748399299999, "Shape_Le_1": 9431.7748399299999 }, "geometry": { "type": "MultiLineString", "coordinates": [ [ [ 1713956.99170000012964, 5617461.075299999676645 ], [ 1719911.545599999837577, 5624775.558500000275671 ] ] ] } },
{ "type": "Feature", "properties": { "OBJECTID_1": 629, "OBJECTID": 631, "Fault_ID": 361, "Name": "Ariel Bank", "Name_stat": "published", "Lineage": "Modified", "Fault_stat": "A-LS", "DomainName": "Hikurangi accretionary margin", "Domain_No": 7, "Dip_pref": 40, "Dip_min": 30.0, "Dip_max": 50.0, "Dip_dir": "NW", "Dom_sense": "reverse", "Sub_sense": null, "Rake_pref": 90, "Rake_minus": 70, "Rake_plus": 110, "SR_pref": 6.1, "SR_min": 4.4, "SR_max": 8.8, "SRT_pref": null, "SRT_min": null, "SRT_max": null, "SRT_gen": "10,000s yrs", "UpdDth_prf": 0.0, "UpdDth_min": 0.0, "UpdDth_max": 0.0, "Depth_Dfc": 11.7, "Method_Dfc": 3, "Depth_D90": 11.7, "Method_D90": 3.0, "QualCode": 1, "References": "Mountjoy and Barnes 2011; Litchfield et al. 2020", "Comments": "Structure from Litchfield et al. (2020)., Rates from Mountjoy & Barnes (2011) & Litchfield et al (2014)", "CompiledBy": "J Mountjoy", "LastUpdate": "13/11/2020", "Shape_Leng": 19918.881744499999, "Shape_Le_1": 19918.881744499999 }, "geometry": { "type": "MultiLineString", "coordinates": [ [ [ 2058202.9824, 5687091.365500000305474 ], [ 2062386.688, 5690986.6584 ], [ 2065624.776600000448525, 5692867.759800000116229 ], [ 2068424.307099999859929, 5702943.7736 ] ] ] } },
{ "type": "Feature", "properties": { "OBJECTID_1": 633, "OBJECTID": 635, "Fault_ID": 355, "Name": "Ariel Bank 2", "Name_stat": "published", "Lineage": "Modified", "Fault_stat": "A-LS", "DomainName": "Hikurangi accretionary margin", "Domain_No": 7, "Dip_pref": 40, "Dip_min": 30.0, "Dip_max": 50.0, "Dip_dir": "NW", "Dom_sense": "reverse", "Sub_sense": null, "Rake_pref": 90, "Rake_minus": 70, "Rake_plus": 110, "SR_pref": 6.1, "SR_min": 4.4, "SR_max": 8.8, "SRT_pref": null, "SRT_min": null, "SRT_max": null, "SRT_gen": "10,000s yrs", "UpdDth_prf": 0.0, "UpdDth_min": 0.0, "UpdDth_max": 0.0, "Depth_Dfc": 13.6, "Method_Dfc": 3, "Depth_D90": 13.6, "Method_D90": 3.0, "QualCode": 3, "References": "Mountjoy and Barnes 2011; Litchfield et al. 2020", "Comments": "Structure from Litchfield et al. (2020)., Rates from Mountjoy & Barnes (2011) & Litchfield et al (2014)", "CompiledBy": "J Mountjoy", "LastUpdate": "21/12/2020", "Shape_Leng": 25044.369113799999, "Shape_Le_1": 25044.369113799999 }, "geometry": { "type": "MultiLineString", "coordinates": [ [ [ 2073990.2719, 5719498.969200000166893 ], [ 2075549.194199999794364, 5721494.3898 ], [ 2078771.371600000187755, 5727596.672899999655783 ], [ 2082327.3788, 5731533.680700000375509 ], [ 2088169.3904, 5737058.1919 ], [ 2089591.594200000166893, 5738821.990199999883771 ] ] ] } },
{ "type": "Feature", "properties": { "OBJECTID_1": 658, "OBJECTID": 660, "Fault_ID": 363, "Name": "Ariel East", "Name_stat": "published", "Lineage": "Unmodified", "Fault_stat": "A-LS", "DomainName": "Hikurangi accretionary margin", "Domain_No": 7, "Dip_pref": 40, "Dip_min": 30.0, "Dip_max": 50.0, "Dip_dir": "NW", "Dom_sense": "reverse", "Sub_sense": null, "Rake_pref": 90, "Rake_minus": 70, "Rake_plus": 110, "SR_pref": 1.6, "SR_min": 0.7, "SR_max": 3.0, "SRT_pref": null, "SRT_min": null, "SRT_max": null, "SRT_gen": "10,000s yrs", "UpdDth_prf": 0.0, "UpdDth_min": 0.0, "UpdDth_max": 0.0, "Depth_Dfc": 11.3, "Method_Dfc": 3, "Depth_D90": 11.3, "Method_D90": 3.0, "QualCode": 1, "References": "Mountjoy and Barnes 2011; Litchfield et al. 2013, 2014", "Comments": null, "CompiledBy": "J Mountjoy", "LastUpdate": "21/12/2020", "Shape_Leng": 16114.6985286, "Shape_Le_1": 16114.6985286 }, "geometry": { "type": "MultiLineString", "coordinates": [ [ [ 2055230.3125, 5680347.967299999669194 ], [ 2061434.501299999654293, 5686197.575500000268221 ], [ 2065825.439000000245869, 5692385.685499999672174 ] ] ] } },
{ "type": "Feature", "properties": { "OBJECTID_1": 227, "OBJECTID": 228, "Fault_ID": 722, "Name": "Awahokomo", "Name_stat": "published", "Lineage": "Modified", "Fault_stat": "A-LS", "DomainName": "Central Canterbury", "Domain_No": 18, "Dip_pref": 60, "Dip_min": 40.0, "Dip_max": 70.0, "Dip_dir": "SW", "Dom_sense": "reverse", "Sub_sense": "dextral", "Rake_pref": 110, "Rake_minus": 90, "Rake_plus": 130, "SR_pref": 0.58, "SR_min": 0.22, "SR_max": 0.98, "SRT_pref": null, "SRT_min": null, "SRT_max": null, "SRT_gen": "10,000s yrs", "UpdDth_prf": 0.0, "UpdDth_min": 0.0, "UpdDth_max": 0.0, "Depth_Dfc": 24.0, "Method_Dfc": 1, "Depth_D90": 19.2, "Method_D90": 1.0, "QualCode": 3, "References": "Barrell et al. 2002 (CR2001/125); Barrell et al. 2009 (GSNZ Misc Publ 128B);  Litchfield et al. 2013, 2014; Barrell 2016 (CR2015/166)", "Comments": "SR from Litchfield et al. 2013; based on Barrell et al. (2002, 2009). Possible association with the SW-dipping Wharekuri Fault. QC of 3 reflects that investigation has only been undertaken at one location at the northern end of the fault source.", "CompiledBy": "D Barrell", "LastUpdate": "12/02/2021", "Shape_Leng": 17659.963939500001, "Shape_Le_1": 17659.963939500001 }, "geometry": { "type": "MultiLineString", "coordinates": [ [ [ 1398538.8344, 5034253.129700000397861 ], [ 1395697.385300000198185, 5038989.3037 ], [ 1390760.686700000427663, 5048617.778099999763072 ], [ 1390586.93709999974817, 5049922.794700000435114 ] ] ] } },
{ "type": "Feature", "properties": { "OBJECTID_1": 64, "OBJECTID": 65, "Fault_ID": 299, "Name": "Awakeri", "Name_stat": "published", "Lineage": "Modified", "Fault_stat": "A-LS", "DomainName": "North Island Dextral Fault Belt", "Domain_No": 5, "Dip_pref": 60, "Dip_min": 50.0, "Dip_max": 70.0, "Dip_dir": "NW", "Dom_sense": "normal", "Sub_sense": null, "Rake_pref": -90, "Rake_minus": -110, "Rake_plus": -70, "SR_pref": 0.25, "SR_min": 0.1, "SR_max": 0.5, "SRT_pref": null, "SRT_min": null, "SRT_max": null, "SRT_gen": "1000s yrs", "UpdDth_prf": 0.0, "UpdDth_min": 0.0, "UpdDth_max": 0.0, "Depth_Dfc": 16.3, "Method_Dfc": 1, "Depth_D90": 11.6, "Method_D90": 1.0, "QualCode": 3, "References": "Abbott et al. 2017 (CR2017/13)", "Comments": null, "CompiledBy": "P Villamor", "LastUpdate": "12/02/2021", "Shape_Leng": 16798.572653899999, "Shape_Le_1": 16798.572653899999 }, "geometry": { "type": "MultiLineString", "coordinates": [ [ [ 1940595.41399999987334, 5791243.486499999649823 ], [ 1938680.012699999846518, 5786325.955199999734759 ], [ 1934943.954400000162423, 5778178.736399999819696 ], [ 1934233.88399999961257, 5775721.0746 ] ] ] } },
{ "type": "Feature", "properties": { "OBJECTID_1": 492, "OBJECTID": 494, "Fault_ID": 729, "Name": "Awamoa", "Name_stat": "published", "Lineage": "New", "Fault_stat": "A-LS", "DomainName": "Central Canterbury", "Domain_No": 18, "Dip_pref": 45, "Dip_min": 30.0, "Dip_max": 60.0, "Dip_dir": "E", "Dom_sense": "reverse", "Sub_sense": null, "Rake_pref": 90, "Rake_minus": 70, "Rake_plus": 110, "SR_pref": 0.1, "SR_min": 0.08, "SR_max": 0.12, "SRT_pref": null, "SRT_min": null, "SRT_max": null, "SRT_gen": "100,000s yrs", "UpdDth_prf": 0.0, "UpdDth_min": 0.0, "UpdDth_max": 0.0, "Depth_Dfc": 20.7, "Method_Dfc": 1, "Depth_D90": 17.4, "Method_D90": 1.0, "QualCode": 3, "References": "Barrell 2016 (CR2015/166)", "Comments": "Marine terrace height change (~7 m) is the main evidence for activity. Due to N-S strike, it is assessed as pure dip slip, and assigned a preferred slip rate of 0.1 mm/yr (9 m vertical offset since ~125 ka, resolved onto a 45 degree fault plane.", "CompiledBy": "D Barrell", "LastUpdate": "12/02/2021", "Shape_Leng": 22254.450990500001, "Shape_Le_1": 22254.450990500001 }, "geometry": { "type": "MultiLineString", "coordinates": [ [ [ 1440720.795, 4989732.2198 ], [ 1437450.193199999630451, 4999984.1804 ], [ 1437450.193199999630451, 5001492.308400000445545 ], [ 1437648.631, 5003556.062599999830127 ], [ 1438442.38260000012815, 5006572.318599999882281 ], [ 1439196.446600000374019, 5008239.196899999864399 ], [ 1440228.323699999600649, 5011017.327499999664724 ] ] ] } },
{ "type": "Feature", "properties": { "OBJECTID_1": 682, "OBJECTID": 685, "Fault_ID": 371, "Name": "Awanui", "Name_stat": "published", "Lineage": "Modified", "Fault_stat": "A-LS", "DomainName": "Hikurangi accretionary margin", "Domain_No": 7, "Dip_pref": 40, "Dip_min": 30.0, "Dip_max": 50.0, "Dip_dir": "NW", "Dom_sense": "reverse", "Sub_sense": null, "Rake_pref": 90, "Rake_minus": 70, "Rake_plus": 110, "SR_pref": 1.0, "SR_min": 0.5, "SR_max": 1.5, "SRT_pref": null, "SRT_min": null, "SRT_max": null, "SRT_gen": "10,000s yrs", "UpdDth_prf": 0.0, "UpdDth_min": 0.0, "UpdDth_max": 0.0, "Depth_Dfc": 27.8, "Method_Dfc": 3, "Depth_D90": 23.1, "Method_D90": 1.0, "QualCode": 3, "References": "Henderson 1993; Hull 1990; Langridge and Ries 2016; Lee et al. 2020", "Comments": "Modified linework as per Nov20 workshp. Replaces Hawke Bay 1. Slip rate reduced from 2014 AFM to be more consistent with long RI at Ahuriri Lagoon. Name change from Napier 1931", "CompiledBy": "R Langridge", "LastUpdate": "18/11/2020", "Shape_Leng": 65000.315639100001, "Shape_Le_1": 65000.315639100001 }, "geometry": { "type": "MultiLineString", "coordinates": [ [ [ 1955989.0642, 5651261.759600000455976 ], [ 1948263.2155, 5639620.06969999987632 ], [ 1942323.307699999772012, 5629102.861100000329316 ], [ 1937957.673999999649823, 5620834.615399999544024 ], [ 1937163.922399999573827, 5618387.214700000360608 ], [ 1931938.391099999658763, 5612037.201999999582767 ], [ 1923405.561599999666214, 5603967.3942 ], [ 1922082.617600000463426, 5597033.844499999657273 ] ] ] } },
{ "type": "Feature", "properties": { "OBJECTID_1": 231, "OBJECTID": 232, "Fault_ID": 540, "Name": "Awatere: Northeast 1", "Name_stat": "published", "Lineage": "Unmodified", "Fault_stat": "A-LS", "DomainName": "Marlborough Fault System", "Domain_No": 14, "Dip_pref": 75, "Dip_min": 65.0, "Dip_max": 85.0, "Dip_dir": "NW", "Dom_sense": "dextral", "Sub_sense": "reverse", "Rake_pref": 160, "Rake_minus": 140, "Rake_plus": 180, "SR_pref": 6.0, "SR_min": 4.0, "SR_max": 8.0, "SRT_pref": null, "SRT_min": null, "SRT_max": null, "SRT_gen": "10,000s yrs", "UpdDth_prf": 0.0, "UpdDth_min": 0.0, "UpdDth_max": 0.0, "Depth_Dfc": 26.3, "Method_Dfc": 1, "Depth_D90": 19.4, "Method_D90": 1.0, "QualCode": 1, "References": "Litchfield et al. 2013, 2014; Benson et al. 2001a,b; Grapes et al. 1998; Little et al. 1998; Mason and Little 2006; Pondard and Barnes 2010\r\n", "Comments": null, "CompiledBy": null, "LastUpdate": null, "Shape_Leng": 86291.047526399998, "Shape_Le_1": 86291.047526399998 }, "geometry": { "type": "MultiLineString", "coordinates": [ [ [ 1685374.17850000038743, 5390425.674700000323355 ], [ 1659939.999900000169873, 5370320.028400000184774 ], [ 1628461.205400000326335, 5347351.115500000305474 ], [ 1620073.3459, 5340843.46030000038445 ], [ 1616103.232599999755621, 5339229.068099999800324 ] ] ] } },
{ "type": "Feature", "properties": { "OBJECTID_1": 232, "OBJECTID": 233, "Fault_ID": 539, "Name": "Awatere: Northeast 2", "Name_stat": "published", "Lineage": "Unmodified", "Fault_stat": "A-LS", "DomainName": "Marlborough Fault System", "Domain_No": 14, "Dip_pref": 80, "Dip_min": 70.0, "Dip_max": 90.0, "Dip_dir": "NW", "Dom_sense": "dextral", "Sub_sense": null, "Rake_pref": 180, "Rake_minus": 160, "Rake_plus": -160, "SR_pref": 1.5, "SR_min": 0.5, "SR_max": 2.5, "SRT_pref": null, "SRT_min": null, "SRT_max": null, "SRT_gen": "10,000s yrs", "UpdDth_prf": 0.0, "UpdDth_min": 0.0, "UpdDth_max": 0.0, "Depth_Dfc": 29.0, "Method_Dfc": 1, "Depth_D90": 21.2, "Method_D90": 1.0, "QualCode": 1, "References": "Litchfield et al. 2013, 2014; Benson et al. 2001a,b; Grapes et al. 1998; Little et al. 1998; Mason and Little 2006; Mason et al. 2006\r\n", "Comments": null, "CompiledBy": null, "LastUpdate": null, "Shape_Leng": 21957.495977, "Shape_Le_1": 21957.495977 }, "geometry": { "type": "MultiLineString", "coordinates": [ [ [ 1704563.874200000427663, 5401097.469700000248849 ], [ 1685374.17850000038743, 5390425.674700000323355 ] ] ] } },
{ "type": "Feature", "properties": { "OBJECTID_1": 2, "OBJECTID": 2, "Fault_ID": 541, "Name": "Awatere: Southwest", "Name_stat": "published", "Lineage": "Modified", "Fault_stat": "A-LS", "DomainName": "Marlborough Fault System", "Domain_No": 14, "Dip_pref": 75, "Dip_min": 60.0, "Dip_max": 90.0, "Dip_dir": "NW", "Dom_sense": "dextral", "Sub_sense": "reverse", "Rake_pref": 160, "Rake_minus": 140, "Rake_plus": 180, "SR_pref": 5.8, "SR_min": 5.3, "SR_max": 6.3, "SRT_pref": "11300", "SRT_min": "10100", "SRT_max": "12700", "SRT_gen": "10,000s yrs", "UpdDth_prf": 0.0, "UpdDth_min": 0.0, "UpdDth_max": 0.0, "Depth_Dfc": 28.5, "Method_Dfc": 1, "Depth_D90": 23.7, "Method_D90": 1.0, "QualCode": 1, "References": "McCalpin 1992, 1996; Zinke et al. 2017", "Comments": "Linework modified to intersect Shingle Peak. SR updated to oldest terrace riser offset at Saxton River", "CompiledBy": "R Van Dissen, N Litchfield", "LastUpdate": "05/10/2020", "Shape_Leng": 101513.270412, "Shape_Le_1": 101513.270412 }, "geometry": { "type": "MultiLineString", "coordinates": [ [ [ 1628396.717899999581277, 5347290.144500000402331 ], [ 1607768.247100000269711, 5338355.036100000143051 ], [ 1594829.4222, 5336221.996899999678135 ], [ 1590175.1941, 5335586.83629999961704 ], [ 1581381.073599999770522, 5332833.9583 ], [ 1571215.1968, 5324856.052400000393391 ], [ 1557153.326399999670684, 5316345.87459999974817 ], [ 1543113.9194, 5312276.232900000177324 ], [ 1535290.185200000181794, 5310464.981300000101328 ] ] ] } },
{ "type": "Feature", "properties": { "OBJECTID_1": 481, "OBJECTID": 483, "Fault_ID": 795, "Name": "Backbone", "Name_stat": "informal", "Lineage": "New", "Fault_stat": "N-PS", "DomainName": "Otago", "Domain_No": 20, "Dip_pref": 60, "Dip_min": 40.0, "Dip_max": 70.0, "Dip_dir": "W", "Dom_sense": "reverse", "Sub_sense": "sinistral", "Rake_pref": 70, "Rake_minus": 50, "Rake_plus": 90, "SR_pref": 0.05, "SR_min": 0.01, "SR_max": 0.1, "SRT_pref": null, "SRT_min": null, "SRT_max": null, "SRT_gen": "≥ 1 Ma", "UpdDth_prf": 0.0, "UpdDth_min": 0.0, "UpdDth_max": 0.0, "Depth_Dfc": 34.1, "Method_Dfc": 1, "Depth_D90": 28.3, "Method_D90": 1.0, "QualCode": 3, "References": "Barrell 2019 (CR2018/207)", "Comments": "Inferred fault in bedrock, peneplain offset, as much as ~200 m up to the west. Nominal slip rates inferred (no known Late Quaternary scarps).", "CompiledBy": "D Barrell", "LastUpdate": "18/11/2020", "Shape_Leng": 23739.7311634, "Shape_Le_1": 23739.7311634 }, "geometry": { "type": "MultiLineString", "coordinates": [ [ [ 1333650.8881, 4919853.405899999663234 ], [ 1334365.264600000344217, 4924139.6645 ], [ 1335873.3926, 4929299.049800000153482 ], [ 1335873.3926, 4938109.6924 ], [ 1337937.14670000039041, 4941046.573300000280142 ], [ 1339524.64989999961108, 4941364.073900000192225 ] ] ] } },
{ "type": "Feature", "properties": { "OBJECTID_1": 351, "OBJECTID": 352, "Fault_ID": 638, "Name": "Balmoral", "Name_stat": "published", "Lineage": "New", "Fault_stat": "A-LS", "DomainName": "Northeastern Canterbury", "Domain_No": 17, "Dip_pref": 55, "Dip_min": 40.0, "Dip_max": 70.0, "Dip_dir": "SW", "Dom_sense": "reverse", "Sub_sense": null, "Rake_pref": 90, "Rake_minus": 70, "Rake_plus": 110, "SR_pref": 0.42, "SR_min": 0.18, "SR_max": 0.81, "SRT_pref": null, "SRT_min": null, "SRT_max": null, "SRT_gen": "10,000s yrs", "UpdDth_prf": 0.0, "UpdDth_min": 0.0, "UpdDth_max": 0.0, "Depth_Dfc": 28.8, "Method_Dfc": 1, "Depth_D90": 24.0, "Method_D90": 1.0, "QualCode": 3, "References": "Barrell and Townsend 2012; Goded et al. 2018; Pettinga et al. 2001; Rattenbury et al. 2006", "Comments": null, "CompiledBy": null, "LastUpdate": null, "Shape_Leng": 19915.817824500002, "Shape_Le_1": 19915.817824500002 }, "geometry": { "type": "MultiLineString", "coordinates": [ [ [ 1579038.85190000012517, 5252478.911899999715388 ], [ 1576434.363699999637902, 5257837.746399999596179 ], [ 1575062.812199999578297, 5260423.9994 ], [ 1574784.184000000357628, 5262088.676400000229478 ], [ 1575591.522699999623001, 5265052.794599999673665 ], [ 1577084.11780000012368, 5267278.808299999684095 ], [ 1577488.507299999706447, 5268760.731499999761581 ], [ 1577208.930800000205636, 5270795.626299999654293 ] ] ] } },
{ "type": "Feature", "properties": { "OBJECTID_1": 3, "OBJECTID": 3, "Fault_ID": 580, "Name": "Barefell", "Name_stat": "published", "Lineage": "Modified", "Fault_stat": "A-LS", "DomainName": "Marlborough Fault System", "Domain_No": 14, "Dip_pref": 60, "Dip_min": 50.0, "Dip_max": 70.0, "Dip_dir": "NW", "Dom_sense": "dextral", "Sub_sense": "reverse", "Rake_pref": 160, "Rake_minus": 140, "Rake_plus": 180, "SR_pref": 0.5, "SR_min": 0.25, "SR_max": 1.0, "SRT_pref": null, "SRT_min": null, "SRT_max": null, "SRT_gen": null, "UpdDth_prf": 0.0, "UpdDth_min": 0.0, "UpdDth_max": 0.0, "Depth_Dfc": 28.9, "Method_Dfc": 1, "Depth_D90": 24.5, "Method_D90": 1.0, "QualCode": 3, "References": "Mason and Little 2006", "Comments": null, "CompiledBy": null, "LastUpdate": null, "Shape_Leng": 17815.253968599998, "Shape_Le_1": 17815.253968599998 }, "geometry": { "type": "MultiLineString", "coordinates": [ [ [ 1616103.232599999755621, 5339229.068099999800324 ], [ 1614714.966699999757111, 5337440.0 ], [ 1610568.513500000350177, 5328753.606300000101328 ], [ 1609634.662999999709427, 5322902.2275 ] ] ] } },
{ "type": "Feature", "properties": { "OBJECTID_1": 874, "OBJECTID": 877, "Fault_ID": 848, "Name": "Barn", "Name_stat": "published", "Lineage": "Unmodified", "Fault_stat": "A-LS", "DomainName": "Western Fiordland Margin - Caswell High", "Domain_No": 24, "Dip_pref": 30, "Dip_min": 10.0, "Dip_max": 60.0, "Dip_dir": "SE", "Dom_sense": "reverse", "Sub_sense": "dextral", "Rake_pref": 110, "Rake_minus": 90, "Rake_plus": 130, "SR_pref": 0.5, "SR_min": 0.1, "SR_max": 1.0, "SRT_pref": null, "SRT_min": null, "SRT_max": null, "SRT_gen": "100,000s yrs", "UpdDth_prf": 0.0, "UpdDth_min": 0.0, "UpdDth_max": 0.0, "Depth_Dfc": 19.3, "Method_Dfc": 3, "Depth_D90": 15.6, "Method_D90": 1.0, "QualCode": 3, "References": "Litchfield et al. 2013, 2014; Sutherland et al. 1995, 2007", "Comments": null, "CompiledBy": null, "LastUpdate": null, "Shape_Leng": 68149.352474, "Shape_Le_1": 68149.352474 }, "geometry": { "type": "MultiLineString", "coordinates": [ [ [ 1197172.144899999722838, 5100587.3712 ], [ 1206772.979100000113249, 5112773.941599999554455 ], [ 1218957.841799999587238, 5119420.116899999789894 ], [ 1228557.284, 5127542.246100000105798 ], [ 1250965.332000000402331, 5141082.2264 ] ] ] } },
{ "type": "Feature", "properties": { "OBJECTID_1": 281, "OBJECTID": 282, "Fault_ID": 756, "Name": "Barrier Range", "Name_stat": "published", "Lineage": "Modified", "Fault_stat": "N-PS", "DomainName": "Southern Alps", "Domain_No": 19, "Dip_pref": 60, "Dip_min": 40.0, "Dip_max": 70.0, "Dip_dir": "NW", "Dom_sense": "reverse", "Sub_sense": "dextral", "Rake_pref": 110, "Rake_minus": 90, "Rake_plus": 130, "SR_pref": 0.05, "SR_min": 0.01, "SR_max": 0.1, "SRT_pref": null, "SRT_min": null, "SRT_max": null, "SRT_gen": "≥ 1 Ma", "UpdDth_prf": 0.0, "UpdDth_min": 0.0, "UpdDth_max": 0.0, "Depth_Dfc": 25.7, "Method_Dfc": 1, "Depth_D90": 22.5, "Method_D90": 1.0, "QualCode": 3, "References": "Litchfield et al. 2013; Barrell 2016 (CR2015/166)", "Comments": "Sourced from the Cox et al. 2012. Dobson revised to Barrier Range cf QMAP. Position refined to accord better with geological mapped location. Nominal slip rates inferred (no known Late Quaternary scarps).", "CompiledBy": "D Barrell", "LastUpdate": "18/11/2020", "Shape_Leng": 58713.324482900003, "Shape_Le_1": 58713.324482900003 }, "geometry": { "type": "MultiLineString", "coordinates": [ [ [ 1333050.119, 5087347.5949 ], [ 1343315.972900000400841, 5109255.1387 ], [ 1346135.087500000372529, 5113121.353000000119209 ], [ 1349364.801, 5115595.00899999961257 ], [ 1351878.347699999809265, 5121217.4161 ], [ 1353862.726599999703467, 5128361.1804 ], [ 1354742.2703, 5133738.416299999691546 ], [ 1357302.316800000146031, 5139870.5784 ] ] ] } },
{ "type": "Feature", "properties": { "OBJECTID_1": 500, "OBJECTID": 502, "Fault_ID": 834, "Name": "Beacon Hill", "Name_stat": "informal", "Lineage": "New", "Fault_stat": "N-PS", "DomainName": "Southern South Island", "Domain_No": 21, "Dip_pref": 70, "Dip_min": 55.0, "Dip_max": 85.0, "Dip_dir": "NE", "Dom_sense": "reverse", "Sub_sense": "sinistral", "Rake_pref": 70, "Rake_minus": 50, "Rake_plus": 90, "SR_pref": 0.05, "SR_min": 0.01, "SR_max": 0.1, "SRT_pref": null, "SRT_min": null, "SRT_max": null, "SRT_gen": "≥ 1 Ma", "UpdDth_prf": 0.0, "UpdDth_min": 0.0, "UpdDth_max": 0.0, "Depth_Dfc": 33.4, "Method_Dfc": 1, "Depth_D90": 28.8, "Method_D90": 1.0, "QualCode": 3, "References": "Barrell 2021 (CR2020/88)", "Comments": "Fault in bedrock, indicated peneplain offset; nominal slip rates (no known Late Quaternary scarps)", "CompiledBy": "D Barrell", "LastUpdate": "18/11/2020", "Shape_Leng": 20337.0137995, "Shape_Le_1": 20337.0137995 }, "geometry": { "type": "MultiLineString", "coordinates": [ [ [ 1309482.741600000299513, 4888873.9041 ], [ 1315832.754300000146031, 4884309.832499999552965 ], [ 1326548.4008, 4877840.7571 ] ] ] } },
{ "type": "Feature", "properties": { "OBJECTID_1": 482, "OBJECTID": 484, "Fault_ID": 792, "Name": "Beaumont River", "Name_stat": "informal", "Lineage": "New", "Fault_stat": "N-PS", "DomainName": "Otago", "Domain_No": 20, "Dip_pref": 60, "Dip_min": 40.0, "Dip_max": 70.0, "Dip_dir": "E", "Dom_sense": "reverse", "Sub_sense": "sinistral", "Rake_pref": 70, "Rake_minus": 50, "Rake_plus": 90, "SR_pref": 0.05, "SR_min": 0.01, "SR_max": 0.1, "SRT_pref": null, "SRT_min": null, "SRT_max": null, "SRT_gen": "≥ 1 Ma", "UpdDth_prf": 0.0, "UpdDth_min": 0.0, "UpdDth_max": 0.0, "Depth_Dfc": 29.5, "Method_Dfc": 1, "Depth_D90": 24.8, "Method_D90": 1.0, "QualCode": 3, "References": "Barrell 2019 (CR2018/207)", "Comments": "Inferred fault in bedrock, peneplain offset, as much as ~200 m up to the east. Nominal slip rates inferred (no known Late Quaternary scarps).", "CompiledBy": "D Barrell", "LastUpdate": "18/11/2020", "Shape_Leng": 36468.45619360001, "Shape_Le_1": 36468.45619360001 }, "geometry": { "type": "MultiLineString", "coordinates": [ [ [ 1334524.014899999834597, 4918742.153699999675155 ], [ 1338889.6486, 4925171.541500000283122 ], [ 1340318.401499999687076, 4931045.303299999795854 ], [ 1340000.9008, 4933744.0587 ], [ 1340874.027599999681115, 4938744.693699999712408 ], [ 1340159.651100000366569, 4940490.947200000286102 ], [ 1339921.525700000114739, 4945967.833100000396371 ], [ 1340953.402700000442564, 4947872.836900000460446 ], [ 1340318.401499999687076, 4950809.717799999751151 ], [ 1338889.6486, 4952635.3465 ] ] ] } },
{ "type": "Feature", "properties": { "OBJECTID_1": 369, "OBJECTID": 370, "Fault_ID": 690, "Name": "Ben McLeod", "Name_stat": "published", "Lineage": "New", "Fault_stat": "A-LS", "DomainName": "Central Canterbury", "Domain_No": 18, "Dip_pref": 45, "Dip_min": 35.0, "Dip_max": 55.0, "Dip_dir": "SE", "Dom_sense": "reverse", "Sub_sense": null, "Rake_pref": 90, "Rake_minus": 70, "Rake_plus": 110, "SR_pref": 0.9, "SR_min": 0.1, "SR_max": 1.8, "SRT_pref": null, "SRT_min": null, "SRT_max": null, "SRT_gen": "10,000s yrs", "UpdDth_prf": 0.0, "UpdDth_min": 0.0, "UpdDth_max": 0.0, "Depth_Dfc": 26.6, "Method_Dfc": 1, "Depth_D90": 21.3, "Method_D90": 1.0, "QualCode": 2, "References": "Goded et al. 2019 (CR2019/79); Stahl et al. 2016a,b", "Comments": null, "CompiledBy": null, "LastUpdate": null, "Shape_Leng": 35013.75486790001, "Shape_Le_1": 35013.75486790001 }, "geometry": { "type": "MultiLineString", "coordinates": [ [ [ 1426960.940399999730289, 5141052.503200000151992 ], [ 1426399.686099999584258, 5147150.757299999706447 ], [ 1427725.942599999718368, 5152927.525399999693036 ], [ 1427107.693900000303984, 5156060.512799999676645 ], [ 1430753.735600000247359, 5160599.463700000196695 ], [ 1434473.588700000196695, 5162359.640599999576807 ], [ 1438213.235299999825656, 5163377.2604 ], [ 1442693.697999999858439, 5167302.002899999730289 ] ] ] } },
{ "type": "Feature", "properties": { "OBJECTID_1": 174, "OBJECTID": 175, "Fault_ID": 405, "Name": "Bidwill", "Name_stat": "published", "Lineage": "Unmodified", "Fault_stat": "A-LS", "DomainName": "Hikurangi accretionary margin", "Domain_No": 7, "Dip_pref": 60, "Dip_min": 50.0, "Dip_max": 70.0, "Dip_dir": "NW", "Dom_sense": "reverse", "Sub_sense": null, "Rake_pref": 90, "Rake_minus": 70, "Rake_plus": 110, "SR_pref": 0.2, "SR_min": 0.1, "SR_max": 0.3, "SRT_pref": null, "SRT_min": null, "SRT_max": null, "SRT_gen": "100,000s yrs", "UpdDth_prf": 0.0, "UpdDth_min": 0.0, "UpdDth_max": 0.0, "Depth_Dfc": 19.2, "Method_Dfc": 3, "Depth_D90": 19.2, "Method_D90": 3.0, "QualCode": 2, "References": "Litchfield et al. 2013, 2014; Nicol et al. 2002; Robinson et al. 2011", "Comments": null, "CompiledBy": null, "LastUpdate": null, "Shape_Leng": 14708.9481674, "Shape_Le_1": 14708.9481674 }, "geometry": { "type": "MultiLineString", "coordinates": [ [ [ 1808189.902900000102818, 5441298.940100000239909 ], [ 1807204.8054, 5439429.948200000450015 ], [ 1802068.510800000280142, 5435870.268799999728799 ], [ 1796690.871399999596179, 5432498.9885 ] ] ] } },
{ "type": "Feature", "properties": { "OBJECTID_1": 856, "OBJECTID": 859, "Fault_ID": 682, "Name": "Big Ben", "Name_stat": "informal", "Lineage": "New", "Fault_stat": "A-LS", "DomainName": "Central Canterbury", "Domain_No": 18, "Dip_pref": 60, "Dip_min": 50.0, "Dip_max": 70.0, "Dip_dir": "NW", "Dom_sense": "reverse", "Sub_sense": "dextral", "Rake_pref": 110, "Rake_minus": 90, "Rake_plus": 130, "SR_pref": 0.2, "SR_min": 0.05, "SR_max": 0.25, "SRT_pref": null, "SRT_min": null, "SRT_max": null, "SRT_gen": "100,000s yrs", "UpdDth_prf": 0.0, "UpdDth_min": 0.0, "UpdDth_max": 0.0, "Depth_Dfc": 21.5, "Method_Dfc": 1, "Depth_D90": 16.0, "Method_D90": 1.0, "QualCode": 3, "References": "Cox and Barrell 2007 (Aoraki QMAP);  Barrell 2013 (CR2012/325); this compilation", "Comments": "Prominent fault block, up to 0.5 km throw on peneplain; correlated with Quaternary faults at Rakiaia Gorge. Best SR based on ~30 m throw on ~165 ka lake sediments, resolved onto 60 deg pure reverse fault (sense inferred from strike).", "CompiledBy": "D Barrell", "LastUpdate": "12/02/2021", "Shape_Leng": 26643.658183700001, "Shape_Le_1": 26643.658183700001 }, "geometry": { "type": "MultiLineString", "coordinates": [ [ [ 1489166.302199999801815, 5179219.684100000187755 ], [ 1492595.309000000357628, 5187178.36670000012964 ], [ 1493378.477300000376999, 5189083.370500000193715 ], [ 1494453.593999999575317, 5190591.178000000305474 ], [ 1496422.098000000230968, 5193787.350999999791384 ], [ 1497097.0592, 5194915.99210000038147 ], [ 1497689.727, 5195720.326999999582767 ], [ 1498475.268699999898672, 5197152.857800000347197 ], [ 1499702.937800000421703, 5198825.027800000272691 ], [ 1500803.606700000353158, 5200095.030299999751151 ], [ 1501311.607699999585748, 5201068.698900000192225 ], [ 1501650.275100000202656, 5201830.700500000268221 ], [ 1501650.275100000202656, 5202508.0351 ] ] ] } },
{ "type": "Feature", "properties": { "OBJECTID_1": 53, "OBJECTID": 54, "Fault_ID": 785, "Name": "Billys Ridge", "Name_stat": "published", "Lineage": "Modified", "Fault_stat": "N-PS", "DomainName": "Otago", "Domain_No": 20, "Dip_pref": 45, "Dip_min": 30.0, "Dip_max": 60.0, "Dip_dir": "NW", "Dom_sense": "reverse", "Sub_sense": "dextral", "Rake_pref": 110, "Rake_minus": 90, "Rake_plus": 130, "SR_pref": 0.05, "SR_min": 0.01, "SR_max": 0.1, "SRT_pref": null, "SRT_min": null, "SRT_max": null, "SRT_gen": "≥ 1 Ma", "UpdDth_prf": 0.0, "UpdDth_min": 0.0, "UpdDth_max": 0.0, "Depth_Dfc": 24.4, "Method_Dfc": 1, "Depth_D90": 20.4, "Method_D90": 1.0, "QualCode": 3, "References": "Litchfield et al. 2013, 2014;  Barrell 2016 (CR2015/166);  Villamor et al. 2018 (GNS MS 124); Barrell 2021 (CR2020/88)", "Comments": "Fault in bedrock, peneplain offset typically ~50-100 m but locally as much as 250 m (Barrell 2016). Includes Macraes Fault along strike to the northeast. No evidence for Late Quaternary movement, and nominal slip rates inferred.", "CompiledBy": "D Barrell", "LastUpdate": "12/02/2021", "Shape_Leng": 34114.289241099999, "Shape_Le_1": 34114.289241099999 }, "geometry": { "type": "MultiLineString", "coordinates": [ [ [ 1405567.581199999898672, 4976282.777499999850988 ], [ 1391808.270600000396371, 4965463.527599999681115 ], [ 1389833.9835, 4962061.270200000144541 ], [ 1388405.219399999827147, 4957242.153900000266731 ], [ 1382859.541600000113249, 4951971.643400000408292 ] ] ] } },
{ "type": "Feature", "properties": { "OBJECTID_1": 489, "OBJECTID": 491, "Fault_ID": 726, "Name": "Black Hill", "Name_stat": "published", "Lineage": "New", "Fault_stat": "N-PS", "DomainName": "Central Canterbury", "Domain_No": 18, "Dip_pref": 45, "Dip_min": 30.0, "Dip_max": 60.0, "Dip_dir": "SE", "Dom_sense": "reverse", "Sub_sense": "dextral", "Rake_pref": 110, "Rake_minus": 90, "Rake_plus": 130, "SR_pref": 0.05, "SR_min": 0.01, "SR_max": 0.1, "SRT_pref": null, "SRT_min": null, "SRT_max": null, "SRT_gen": "≥ 1 Ma", "UpdDth_prf": 0.0, "UpdDth_min": 0.0, "UpdDth_max": 0.0, "Depth_Dfc": 20.9, "Method_Dfc": 1, "Depth_D90": 17.4, "Method_D90": 1.0, "QualCode": 3, "References": "Barrell and Van Dissen 2003 (CR2003/107); Barrell 2016 (CR2015/166)", "Comments": "Major fault in bedrock, with as much as ~500 m offset of the peneplain, up to the southeast. Proposed as possible active fault by Barrell 2016. No definitive evidence for Late Quaternary movement, and nominal slip rates inferred.", "CompiledBy": "D Barrell", "LastUpdate": "12/02/2021", "Shape_Leng": 22149.8572709, "Shape_Le_1": 22149.8572709 }, "geometry": { "type": "MultiLineString", "coordinates": [ [ [ 1398409.507299999706447, 5018429.024299999698997 ], [ 1407007.945600000210106, 5028485.418399999849498 ], [ 1411770.455199999734759, 5036026.058500000275671 ] ] ] } },
{ "type": "Feature", "properties": { "OBJECTID_1": 47, "OBJECTID": 48, "Fault_ID": 721, "Name": "Blue Lake", "Name_stat": "published", "Lineage": "Modified", "Fault_stat": "N-PS", "DomainName": "Central Canterbury", "Domain_No": 18, "Dip_pref": 70, "Dip_min": 60.0, "Dip_max": 80.0, "Dip_dir": "NE", "Dom_sense": "reverse", "Sub_sense": "dextral", "Rake_pref": 110, "Rake_minus": 90, "Rake_plus": 130, "SR_pref": 0.07, "SR_min": 0.02, "SR_max": 0.15, "SRT_pref": null, "SRT_min": null, "SRT_max": null, "SRT_gen": "≥ 1 Ma", "UpdDth_prf": 0.0, "UpdDth_min": 0.0, "UpdDth_max": 0.0, "Depth_Dfc": 25.8, "Method_Dfc": 1, "Depth_D90": 21.2, "Method_D90": 1.0, "QualCode": 3, "References": "Henne et al. 2011 (NZJGG); Litchfield et al. 2013 (SR2012/019); Barrell 2019 (CR2018/207)", "Comments": "Major fault in bedrock, up to 1 km Late Cenozoic peneplain offset.  Barrell 2019 uses post-Miocene throw on peneplan to obtain SR of 0.07 mm/yr. This is porposes as pref. SR, with nominal min and max of 0.02 and 0.15 respectively.", "CompiledBy": "D Barrell", "LastUpdate": "18/11/2020", "Shape_Leng": 40950.490070599997, "Shape_Le_1": 40950.490070599997 }, "geometry": { "type": "MultiLineString", "coordinates": [ [ [ 1354731.056200000457466, 5020252.729100000113249 ], [ 1350206.6721, 5023189.610000000335276 ], [ 1339570.4008, 5045970.280500000342727 ], [ 1341475.4046, 5056209.676 ] ] ] } },
{ "type": "Feature", "properties": { "OBJECTID_1": 97, "OBJECTID": 98, "Fault_ID": 830, "Name": "Blue Mountain", "Name_stat": "published", "Lineage": "Modified", "Fault_stat": "A-LS", "DomainName": "Southern South Island", "Domain_No": 21, "Dip_pref": 45, "Dip_min": 30.0, "Dip_max": 60.0, "Dip_dir": "SE", "Dom_sense": "reverse", "Sub_sense": null, "Rake_pref": 90, "Rake_minus": 70, "Rake_plus": 110, "SR_pref": 0.22, "SR_min": 0.11, "SR_max": 0.44, "SRT_pref": "100 000", "SRT_min": "10 000", "SRT_max": "100 000", "SRT_gen": "100,000s yrs", "UpdDth_prf": 0.0, "UpdDth_min": 0.0, "UpdDth_max": 0.0, "Depth_Dfc": 32.0, "Method_Dfc": 1, "Depth_D90": 27.8, "Method_D90": 1.0, "QualCode": 3, "References": "Barrell 2021 (CR2020/88); Pace et al. 2005", "Comments": "Preferred slip rate from data in Pace et al. 2005; min and max are half and twice respectively", "CompiledBy": "D Barrell", "LastUpdate": "18/11/2020", "Shape_Leng": 39547.3661182, "Shape_Le_1": 39547.3661182 }, "geometry": { "type": "MultiLineString", "coordinates": [ [ [ 1309403.366499999538064, 4889285.773 ], [ 1309244.6162, 4894365.783200000412762 ], [ 1311043.786399999633431, 4898943.083999999798834 ], [ 1310736.235999999567866, 4900466.91509999986738 ], [ 1312747.0949, 4905979.586900000460446 ], [ 1316654.465599999763072, 4911875.174700000323355 ], [ 1317337.39879999961704, 4913943.767900000326335 ], [ 1320157.377600000239909, 4917911.983099999837577 ], [ 1327539.267300000414252, 4921007.614199999719858 ] ] ] } },
{ "type": "Feature", "properties": { "OBJECTID_1": 872, "OBJECTID": 875, "Fault_ID": 648, "Name": "Boby Stream", "Name_stat": "published", "Lineage": "New", "Fault_stat": "A-LS", "DomainName": "Northeastern Canterbury", "Domain_No": 17, "Dip_pref": 70, "Dip_min": 60.0, "Dip_max": 80.0, "Dip_dir": "S", "Dom_sense": "dextral and reverse", "Sub_sense": null, "Rake_pref": 135, "Rake_minus": 115, "Rake_plus": 155, "SR_pref": 0.3, "SR_min": 0.15, "SR_max": 0.45, "SRT_pref": null, "SRT_min": null, "SRT_max": null, "SRT_gen": "10,000s yrs", "UpdDth_prf": 0.0, "UpdDth_min": 0.0, "UpdDth_max": 0.0, "Depth_Dfc": 26.5, "Method_Dfc": 1, "Depth_D90": 20.9, "Method_D90": 1.0, "QualCode": 3, "References": "Nicol and Campbell 2001 (NZJGG); Forsyth et al. 2008 (Chch QMAP);   Barrell and Townsend 2012 (CR2012/113); this compilation", "Comments": "This source represents the Boby Stream Fault and Mound anticline structure. Steep south dip inferred, aligned to interpretation of the nearby Birch Fault, which is a south dipping reactivated Cretaceous normal fault (Nicol 1993; NZJGG).", "CompiledBy": "D Barrell", "LastUpdate": "12/02/2021", "Shape_Leng": 18144.1622231, "Shape_Le_1": 18144.1622231 }, "geometry": { "type": "MultiLineString", "coordinates": [ [ [ 1563605.61600000038743, 5230433.360399999655783 ], [ 1565404.786299999803305, 5231004.861600000411272 ], [ 1570675.296799999661744, 5231608.112800000235438 ], [ 1574887.471900000236928, 5232169.030600000172853 ], [ 1581566.0647, 5231607.892300000414252 ] ] ] } },
{ "type": "Feature", "properties": { "OBJECTID_1": 602, "OBJECTID": 604, "Fault_ID": 568, "Name": "BooBoo", "Name_stat": "published", "Lineage": "Modified", "Fault_stat": "A-LS", "DomainName": "Marlborough Fault System", "Domain_No": 14, "Dip_pref": 70, "Dip_min": 55.0, "Dip_max": 85.0, "Dip_dir": "N", "Dom_sense": "dextral", "Sub_sense": "normal", "Rake_pref": -160, "Rake_minus": -180, "Rake_plus": -140, "SR_pref": 8.3, "SR_min": 7.1, "SR_max": 9.5, "SRT_pref": "13 300", "SRT_min": "14 300", "SRT_max": "12 300", "SRT_gen": "10,000s yrs", "UpdDth_prf": 0.0, "UpdDth_min": 0.0, "UpdDth_max": 0.0, "Depth_Dfc": 18.8, "Method_Dfc": 3, "Depth_D90": 18.8, "Method_D90": 3.0, "QualCode": 1, "References": "Wallace et al. 2012; Barnes et al. 2015; Kearse et al. 2018", "Comments": "Revised location, dip, rake, SR. SR determined at Campbell Bank  using cited timeframe. Larger but undated slope gully displacements south of Palliser imply similar rate if aged ~21 ka (LGM).", "CompiledBy": "P Barnes", "LastUpdate": "13/11/2020", "Shape_Leng": 92713.534454699999, "Shape_Le_1": 92713.534454699999 }, "geometry": { "type": "MultiLineString", "coordinates": [ [ [ 1809947.0532, 5382042.0482 ], [ 1794738.280299999751151, 5384198.7802 ], [ 1777930.32050000037998, 5384429.739799999631941 ], [ 1759220.66370000038296, 5384686.830799999646842 ], [ 1741401.645399999804795, 5379861.74129999987781 ], [ 1722329.692099999636412, 5382431.919200000353158 ], [ 1718371.010099999606609, 5381266.9545 ] ] ] } },
{ "type": "Feature", "properties": { "OBJECTID_1": 62, "OBJECTID": 63, "Fault_ID": 183, "Name": "Braemar", "Name_stat": "published", "Lineage": "Modified", "Fault_stat": "A-LS", "DomainName": "Havre Trough - Taupo Rift", "Domain_No": 4, "Dip_pref": 45, "Dip_min": 35.0, "Dip_max": 55.0, "Dip_dir": "SE", "Dom_sense": "normal", "Sub_sense": null, "Rake_pref": -90, "Rake_minus": -110, "Rake_plus": -70, "SR_pref": 2.0, "SR_min": 1.0, "SR_max": 3.0, "SRT_pref": null, "SRT_min": null, "SRT_max": null, "SRT_gen": "1000s yrs", "UpdDth_prf": 0.0, "UpdDth_min": 0.0, "UpdDth_max": 0.0, "Depth_Dfc": 16.4, "Method_Dfc": 1, "Depth_D90": 11.8, "Method_D90": 1.0, "QualCode": 1, "References": "Abbott et al. 2017 (CR2017/13); Beanland 1995; Begg and Mouslopoulou 2010; Mouslopoulou et al. 2007", "Comments": "Southern extent shortened. SR database would suggest rate of 0.7 (0.4-1). NEEDS CHECKING WITH PILAR.", "CompiledBy": "P Villamor", "LastUpdate": "12/02/2021", "Shape_Leng": 28194.323827299999, "Shape_Le_1": 28194.323827299999 }, "geometry": { "type": "MultiLineString", "coordinates": [ [ [ 1930336.4978, 5795842.462600000202656 ], [ 1925951.7856, 5787490.412700000219047 ], [ 1918313.1096, 5781121.399000000208616 ], [ 1915456.373700000345707, 5777719.5 ], [ 1911622.6201, 5775614.874200000427663 ] ] ] } },
{ "type": "Feature", "properties": { "OBJECTID_1": 217, "OBJECTID": 218, "Fault_ID": 698, "Name": "Brothers", "Name_stat": "published", "Lineage": "Modified", "Fault_stat": "A-LS", "DomainName": "Central Canterbury", "Domain_No": 18, "Dip_pref": 60, "Dip_min": 50.0, "Dip_max": 70.0, "Dip_dir": "E", "Dom_sense": "reverse", "Sub_sense": "dextral", "Rake_pref": 110, "Rake_minus": 90, "Rake_plus": 130, "SR_pref": 0.07, "SR_min": 0.05, "SR_max": 0.12, "SRT_pref": null, "SRT_min": null, "SRT_max": null, "SRT_gen": "100,000s yrs", "UpdDth_prf": 0.0, "UpdDth_min": 0.0, "UpdDth_max": 0.0, "Depth_Dfc": 26.7, "Method_Dfc": 1, "Depth_D90": 21.2, "Method_D90": 1.0, "QualCode": 3, "References": "Litchfield et al. 2013, 2014; Barrell 2016 (CR2015/166) and references therein", "Comments": "Brothers rangefront is not conducive to scarp preservation, and Litchfield et al. SR revised to accord with that for Maungati Fault, which underlies terraced areas more suitable for preserving deformation.", "CompiledBy": "D Barrell", "LastUpdate": "12/02/2021", "Shape_Leng": 52018.612307099997, "Shape_Le_1": 52018.612307099997 }, "geometry": { "type": "MultiLineString", "coordinates": [ [ [ 1440874.922399999573827, 5083009.543700000271201 ], [ 1434524.909699999727309, 5094439.566499999724329 ], [ 1430820.735600000247359, 5101318.747000000439584 ], [ 1429339.065999999642372, 5115817.942599999718368 ], [ 1426269.893199999816716, 5122802.956600000150502 ], [ 1423941.555200000293553, 5126083.796500000171363 ], [ 1419814.046900000423193, 5128729.635099999606609 ] ] ] } },
{ "type": "Feature", "properties": { "OBJECTID_1": 4, "OBJECTID": 4, "Fault_ID": 595, "Name": "Browning Pass", "Name_stat": "published", "Lineage": "Modified", "Fault_stat": "A-LS", "DomainName": "Marlborough Fault System", "Domain_No": 14, "Dip_pref": 60, "Dip_min": 50.0, "Dip_max": 70.0, "Dip_dir": "NW", "Dom_sense": "dextral", "Sub_sense": null, "Rake_pref": 180, "Rake_minus": 160, "Rake_plus": -160, "SR_pref": 2.0, "SR_min": 1.0, "SR_max": 3.0, "SRT_pref": null, "SRT_min": null, "SRT_max": null, "SRT_gen": null, "UpdDth_prf": 0.0, "UpdDth_min": 0.0, "UpdDth_max": 0.0, "Depth_Dfc": 12.5, "Method_Dfc": 3, "Depth_D90": 12.5, "Method_D90": 3.0, "QualCode": 3, "References": "Becker and Craw 2000; Litchfield et al. 2013, 2014; Nathan et al. 2002", "Comments": null, "CompiledBy": null, "LastUpdate": null, "Shape_Leng": 32162.851113199999, "Shape_Le_1": 32162.851113199999 }, "geometry": { "type": "MultiLineString", "coordinates": [ [ [ 1480098.200199999846518, 5258937.0757 ], [ 1478272.5335, 5256973.204699999652803 ], [ 1475062.209800000302494, 5250631.4561 ], [ 1469956.0833, 5248503.808400000445545 ], [ 1467244.89159999974072, 5245119.19469999987632 ], [ 1461522.628600000403821, 5241484.343399999663234 ], [ 1457777.890999999828637, 5237152.542700000107288 ] ] ] } },
{ "type": "Feature", "properties": { "OBJECTID_1": 781, "OBJECTID": 784, "Fault_ID": 145, "Name": "Calypso 2", "Name_stat": "published", "Lineage": "Unmodified", "Fault_stat": "N-PS", "DomainName": "Havre Trough - Taupo Rift", "Domain_No": 4, "Dip_pref": 50, "Dip_min": 40.0, "Dip_max": 60.0, "Dip_dir": "NW", "Dom_sense": "normal", "Sub_sense": null, "Rake_pref": -90, "Rake_minus": -110, "Rake_plus": -70, "SR_pref": 2.3, "SR_min": 1.7, "SR_max": 2.9, "SRT_pref": null, "SRT_min": null, "SRT_max": null, "SRT_gen": "10,000s yrs", "UpdDth_prf": 0.0, "UpdDth_min": 0.0, "UpdDth_max": 0.0, "Depth_Dfc": 21.5, "Method_Dfc": 1, "Depth_D90": 16.3, "Method_D90": 1.0, "QualCode": 2, "References": "Lamarche and Barnes 2005; Lamarche et al. 2006; Litchfield et al. 2013, 2014", "Comments": "Assumed LGM deposits displaced. SR range adopted from Stirling et al. (2012).", "CompiledBy": "P Barnes", "LastUpdate": "06/01/2021", "Shape_Leng": 13731.223418, "Shape_Le_1": 13731.223418 }, "geometry": { "type": "MultiLineString", "coordinates": [ [ [ 1970674.48589999973774, 5835995.2198 ], [ 1967288.07010000012815, 5832428.727900000289083 ], [ 1960520.896499999798834, 5826782.794700000435114 ] ] ] } },
{ "type": "Feature", "properties": { "OBJECTID_1": 635, "OBJECTID": 637, "Fault_ID": 571, "Name": "Campbell Bank", "Name_stat": "published", "Lineage": "Unmodified", "Fault_stat": "A-LS", "DomainName": "Marlborough Fault System", "Domain_No": 14, "Dip_pref": 65, "Dip_min": 55.0, "Dip_max": 75.0, "Dip_dir": "SE", "Dom_sense": "dextral", "Sub_sense": "reverse", "Rake_pref": 160, "Rake_minus": 140, "Rake_plus": 180, "SR_pref": 3.0, "SR_min": 2.0, "SR_max": 4.0, "SRT_pref": null, "SRT_min": null, "SRT_max": null, "SRT_gen": "10,000s yrs", "UpdDth_prf": 0.0, "UpdDth_min": 0.0, "UpdDth_max": 0.0, "Depth_Dfc": 16.9, "Method_Dfc": 3, "Depth_D90": 16.9, "Method_D90": 3.0, "QualCode": 3, "References": "Barnes and Audru 1999; Wallace et al. 2012; Barnes et al. 2015; Litchfield et al. 2013, 2014", "Comments": "Clipped to NE end of Chancet. Modified rake.", "CompiledBy": "P Barnes", "LastUpdate": "16/12/2020", "Shape_Leng": 18451.253314199999, "Shape_Le_1": 18451.253314199999 }, "geometry": { "type": "MultiLineString", "coordinates": [ [ [ 1741437.417100000195205, 5379939.271099999547005 ], [ 1733714.099299999885261, 5371042.542700000107288 ], [ 1730711.443300000391901, 5365086.790500000119209 ] ] ] } },
{ "type": "Feature", "properties": { "OBJECTID_1": 863, "OBJECTID": 866, "Fault_ID": 715, "Name": "Campbell Hills", "Name_stat": "informal", "Lineage": "New", "Fault_stat": "N-PS", "DomainName": "Central Canterbury", "Domain_No": 18, "Dip_pref": 45, "Dip_min": 30.0, "Dip_max": 60.0, "Dip_dir": "W", "Dom_sense": "reverse", "Sub_sense": null, "Rake_pref": 90, "Rake_minus": 70, "Rake_plus": 110, "SR_pref": 0.05, "SR_min": 0.01, "SR_max": 0.1, "SRT_pref": null, "SRT_min": null, "SRT_max": null, "SRT_gen": "≥ 1 Ma", "UpdDth_prf": 0.0, "UpdDth_min": 0.0, "UpdDth_max": 0.0, "Depth_Dfc": 23.8, "Method_Dfc": 1, "Depth_D90": 18.0, "Method_D90": 1.0, "QualCode": 3, "References": "Barrell CFM compilation", "Comments": "Peneplain offset of typically ~500 m. There is no recognised Late Quaternary deformation, although rugged hill terrain reduces likelihood of its preservation. Nominal slip rates inferred.", "CompiledBy": "D Barrell", "LastUpdate": "12/02/2021", "Shape_Leng": 29427.833997199999, "Shape_Le_1": 29427.833997199999 }, "geometry": { "type": "MultiLineString", "coordinates": [ [ [ 1420840.4868, 5067182.396499999798834 ], [ 1426079.2472, 5056726.042299999855459 ], [ 1423909.659599999897182, 5052968.951399999670684 ], [ 1423274.658300000242889, 5047783.107699999585748 ], [ 1417824.230700000189245, 5041697.678899999707937 ] ] ] } },
{ "type": "Feature", "properties": { "OBJECTID_1": 145, "OBJECTID": 146, "Fault_ID": 22, "Name": "Cape Egmont: Central", "Name_stat": "published", "Lineage": "Modified", "Fault_stat": "A-LS", "DomainName": "western North Island", "Domain_No": 3, "Dip_pref": 60, "Dip_min": 50.0, "Dip_max": 70.0, "Dip_dir": "SE", "Dom_sense": "normal", "Sub_sense": null, "Rake_pref": -90, "Rake_minus": -110, "Rake_plus": -70, "SR_pref": 0.35, "SR_min": 0.21, "SR_max": 0.49, "SRT_pref": null, "SRT_min": null, "SRT_max": null, "SRT_gen": "100,000s yrs", "UpdDth_prf": 0.0, "UpdDth_min": 0.0, "UpdDth_max": 0.0, "Depth_Dfc": 27.0, "Method_Dfc": 1, "Depth_D90": 21.9, "Method_D90": 1.0, "QualCode": 1, "References": "Nodder, 1994; Seebeck et al. 2021", "Comments": null, "CompiledBy": "H Seebeck", "LastUpdate": "30/04/2021", "Shape_Leng": 13355.583266899999, "Shape_Le_1": 13355.583266899999 }, "geometry": { "type": "MultiLineString", "coordinates": [ [ [ 1655581.931699999608099, 5631230.352099999785423 ], [ 1653332.875, 5629068.0 ], [ 1652274.633399999700487, 5627682.28249999973923 ], [ 1649891.125, 5623741.0 ], [ 1648574.428100000135601, 5620084.75690000038594 ] ] ] } },
{ "type": "Feature", "properties": { "OBJECTID_1": 144, "OBJECTID": 145, "Fault_ID": 21, "Name": "Cape Egmont: North", "Name_stat": "published", "Lineage": "Modified", "Fault_stat": "A-LS", "DomainName": "western North Island", "Domain_No": 3, "Dip_pref": 60, "Dip_min": 50.0, "Dip_max": 70.0, "Dip_dir": "SE", "Dom_sense": "normal", "Sub_sense": null, "Rake_pref": -90, "Rake_minus": -110, "Rake_plus": -70, "SR_pref": 0.17, "SR_min": 0.12, "SR_max": 0.23, "SRT_pref": null, "SRT_min": null, "SRT_max": null, "SRT_gen": "100,000s yrs", "UpdDth_prf": 0.0, "UpdDth_min": 0.0, "UpdDth_max": 0.0, "Depth_Dfc": 26.6, "Method_Dfc": 1, "Depth_D90": 21.5, "Method_D90": 1.0, "QualCode": 1, "References": "Nodder, 1994; Seebeck et al. 2021", "Comments": null, "CompiledBy": "H Seebeck", "LastUpdate": "30/04/2021", "Shape_Leng": 13361.3910777, "Shape_Le_1": 13361.3910777 }, "geometry": { "type": "MultiLineString", "coordinates": [ [ [ 1664207.0, 5641408.0 ], [ 1662474.25, 5639238.5 ], [ 1659640.75, 5636793.414099999703467 ], [ 1656177.875, 5634009.0 ], [ 1654649.2736, 5632160.364400000311434 ] ] ] } },
{ "type": "Feature", "properties": { "OBJECTID_1": 146, "OBJECTID": 147, "Fault_ID": 23, "Name": "Cape Egmont: South", "Name_stat": "published", "Lineage": "Modified", "Fault_stat": "A-LS", "DomainName": "western North Island", "Domain_No": 3, "Dip_pref": 60, "Dip_min": 50.0, "Dip_max": 70.0, "Dip_dir": "SE", "Dom_sense": "normal", "Sub_sense": null, "Rake_pref": -90, "Rake_minus": -110, "Rake_plus": -70, "SR_pref": 0.43, "SR_min": 0.39, "SR_max": 0.72, "SRT_pref": null, "SRT_min": null, "SRT_max": null, "SRT_gen": "100,000s yrs", "UpdDth_prf": 0.0, "UpdDth_min": 0.0, "UpdDth_max": 0.0, "Depth_Dfc": 27.3, "Method_Dfc": 1, "Depth_D90": 22.1, "Method_D90": 1.0, "QualCode": 1, "References": "Nodder, 1994; Seebeck et al. 2021", "Comments": null, "CompiledBy": "H Seebeck", "LastUpdate": "30/04/2021", "Shape_Leng": 52059.116334699997, "Shape_Le_1": 52059.116334699997 }, "geometry": { "type": "MultiLineString", "coordinates": [ [ [ 1657681.082899999804795, 5620330.108099999837577 ], [ 1652869.625, 5620202.0 ], [ 1648739.792999999597669, 5620170.7467 ], [ 1644429.721900000236928, 5618384.80559999961406 ], [ 1642396.25, 5617103.0 ], [ 1639374.125, 5613874.5 ], [ 1636951.25899999961257, 5611434.1875 ], [ 1633252.3766, 5605006.122600000351667 ], [ 1629338.75, 5597570.375 ], [ 1627198.75, 5592412.414099999703467 ], [ 1624838.375, 5589869.9688 ], [ 1622278.75, 5587766.335900000296533 ] ] ] } },
{ "type": "Feature", "properties": { "OBJECTID_1": 342, "OBJECTID": 343, "Fault_ID": 534, "Name": "Cape Foulwind 1", "Name_stat": "published", "Lineage": "New", "Fault_stat": "A-LS", "DomainName": "Northwestern South Island", "Domain_No": 13, "Dip_pref": 60, "Dip_min": 50.0, "Dip_max": 70.0, "Dip_dir": "SE", "Dom_sense": "reverse", "Sub_sense": null, "Rake_pref": 90, "Rake_minus": 70, "Rake_plus": 110, "SR_pref": 0.5, "SR_min": 0.1, "SR_max": 1.5, "SRT_pref": "100 kyrs", "SRT_min": "13-20 kyrs", "SRT_max": "120 kyrs", "SRT_gen": "100,000s yrs", "UpdDth_prf": 0.0, "UpdDth_min": 0.0, "UpdDth_max": 0.0, "Depth_Dfc": 21.4, "Method_Dfc": 1, "Depth_D90": 17.6, "Method_D90": 1.0, "QualCode": 1, "References": "Barnes and Ghisetti 2016", "Comments": "Line work modified as per Ghisetti et al. CFM update", "CompiledBy": "F Ghisetti", "LastUpdate": "18/11/2020", "Shape_Leng": 79947.209797599993, "Shape_Le_1": 79947.209797599993 }, "geometry": { "type": "MultiLineString", "coordinates": [ [ [ 1427527.940999999642372, 5266097.594700000248849 ], [ 1429679.838399999774992, 5274428.300200000405312 ], [ 1435773.824400000274181, 5277748.237599999643862 ], [ 1436695.704, 5279493.427000000141561 ], [ 1436714.567900000140071, 5285125.035799999721348 ], [ 1443649.636599999852479, 5294745.768799999728799 ], [ 1446252.0477, 5302485.5494 ], [ 1453476.084699999541044, 5312421.916600000113249 ], [ 1455394.93790000025183, 5319312.120400000363588 ], [ 1455723.769299999810755, 5323392.017300000414252 ], [ 1454680.74930000025779, 5327258.534900000318885 ], [ 1458504.621799999848008, 5335667.532100000418723 ] ] ] } },
{ "type": "Feature", "properties": { "OBJECTID_1": 343, "OBJECTID": 344, "Fault_ID": 527, "Name": "Cape Foulwind 2", "Name_stat": "published", "Lineage": "New", "Fault_stat": "A-LS", "DomainName": "Northwestern South Island", "Domain_No": 13, "Dip_pref": 60, "Dip_min": 50.0, "Dip_max": 70.0, "Dip_dir": "SE", "Dom_sense": "reverse", "Sub_sense": null, "Rake_pref": 90, "Rake_minus": 70, "Rake_plus": 110, "SR_pref": 0.75, "SR_min": 0.2, "SR_max": 1.5, "SRT_pref": "100kys", "SRT_min": "13-20 kyrs", "SRT_max": "120 kyrs", "SRT_gen": "100,000s yrs", "UpdDth_prf": 0.0, "UpdDth_min": 0.0, "UpdDth_max": 0.0, "Depth_Dfc": 22.6, "Method_Dfc": 1, "Depth_D90": 18.1, "Method_D90": 1.0, "QualCode": 1, "References": "Barnes and Ghisetti 2016", "Comments": "Line work modified as per Ghisetti et al. CFM update", "CompiledBy": "F Ghisetti", "LastUpdate": "18/11/2020", "Shape_Leng": 100731.53866000001, "Shape_Le_1": 100731.53866000001 }, "geometry": { "type": "MultiLineString", "coordinates": [ [ [ 1458504.621799999848008, 5335667.532100000418723 ], [ 1461023.318699999712408, 5341945.780799999833107 ], [ 1464453.197200000286102, 5348928.176900000311434 ], [ 1465958.946600000374019, 5358545.904299999587238 ], [ 1467509.818099999800324, 5365540.488800000399351 ], [ 1468416.085199999623001, 5373623.2072 ], [ 1470752.311599999666214, 5382365.920800000429153 ], [ 1474716.479899999685585, 5392334.591300000436604 ], [ 1476147.5461, 5394672.724100000225008 ], [ 1477666.660000000149012, 5396011.014499999582767 ], [ 1483179.643500000238419, 5400228.845499999821186 ], [ 1486138.276800000108778, 5404221.991100000217557 ], [ 1489656.709699999541044, 5405158.7006 ], [ 1492787.750300000421703, 5407216.1058 ], [ 1493956.998100000433624, 5408862.543800000101328 ], [ 1495858.499800000339746, 5409664.548100000247359 ], [ 1498911.295099999755621, 5411840.768199999816716 ], [ 1500533.977900000289083, 5414024.467000000178814 ], [ 1506077.046500000171363, 5417894.10869999974966 ] ] ] } },
{ "type": "Feature", "properties": { "OBJECTID_1": 345, "OBJECTID": 346, "Fault_ID": 517, "Name": "Cape Foulwind 4", "Name_stat": "published", "Lineage": "New", "Fault_stat": "A-LS", "DomainName": "Northwestern South Island", "Domain_No": 13, "Dip_pref": 60, "Dip_min": 50.0, "Dip_max": 70.0, "Dip_dir": "SE", "Dom_sense": "reverse", "Sub_sense": null, "Rake_pref": 90, "Rake_minus": 70, "Rake_plus": 110, "SR_pref": 0.25, "SR_min": 0.05, "SR_max": 0.4, "SRT_pref": "100 kyrs", "SRT_min": "13-20 kyrs", "SRT_max": "120 kyrs", "SRT_gen": "100,000s yrs", "UpdDth_prf": 0.0, "UpdDth_min": 0.0, "UpdDth_max": 0.0, "Depth_Dfc": 25.8, "Method_Dfc": 1, "Depth_D90": 21.5, "Method_D90": 1.0, "QualCode": 1, "References": "Barnes and Ghisetti 2016", "Comments": "Line work modified as per Ghisetti et al. CFM update", "CompiledBy": "F Ghisetti", "LastUpdate": "18/11/2020", "Shape_Leng": 71233.69246570002, "Shape_Le_1": 71233.69246570002 }, "geometry": { "type": "MultiLineString", "coordinates": [ [ [ 1491977.485100000165403, 5419163.506400000303984 ], [ 1494324.214999999850988, 5420846.841400000266731 ], [ 1496009.175900000147521, 5422904.062300000339746 ], [ 1497606.158599999733269, 5425552.259100000374019 ], [ 1499865.211799999698997, 5428449.151100000366569 ], [ 1501174.114299999549985, 5429272.66370000038296 ], [ 1505021.0356, 5434720.997000000439584 ], [ 1506190.624099999666214, 5440170.024299999698997 ], [ 1508337.4271, 5444469.5905 ], [ 1511682.191100000403821, 5454301.58559999987483 ], [ 1514720.3788, 5458812.052899999544024 ], [ 1515698.737700000405312, 5461753.618599999696016 ], [ 1516655.052500000223517, 5468171.740500000305474 ], [ 1520607.58600000012666, 5474641.1601 ], [ 1524867.83669999986887, 5480608.043600000441074 ] ] ] } },
{ "type": "Feature", "properties": { "OBJECTID_1": 46, "OBJECTID": 47, "Fault_ID": 808, "Name": "Cardrona - Hawea", "Name_stat": "informal", "Lineage": "Modified", "Fault_stat": "N-PS", "DomainName": "Southern South Island", "Domain_No": 21, "Dip_pref": 60, "Dip_min": 40.0, "Dip_max": 70.0, "Dip_dir": "NW", "Dom_sense": "reverse", "Sub_sense": "dextral", "Rake_pref": 110, "Rake_minus": 90, "Rake_plus": 130, "SR_pref": 0.05, "SR_min": 0.025, "SR_max": 0.1, "SRT_pref": null, "SRT_min": null, "SRT_max": null, "SRT_gen": "10,000s yrs", "UpdDth_prf": 0.0, "UpdDth_min": 0.0, "UpdDth_max": 0.0, "Depth_Dfc": 26.9, "Method_Dfc": 1, "Depth_D90": 23.2, "Method_D90": 1.0, "QualCode": 3, "References": "Barrell 2019 (CR2018/207)", "Comments": "Formerly northwest end NW Cardrona Fault. Fault in bedrock, but no recognisable post-glacial surface deformation. Nominal preferred SR of 0.05 mm/yr, min SR of 0.025 acknowledges proximity to Quaternery-active faults", "CompiledBy": "D Barrell", "LastUpdate": "18/11/2020", "Shape_Leng": 20864.478302200001, "Shape_Le_1": 20864.478302200001 }, "geometry": { "type": "MultiLineString", "coordinates": [ [ [ 1305078.665900000371039, 5058253.1924 ], [ 1301043.762000000104308, 5049521.9249 ], [ 1294759.895200000144541, 5040195.3437 ] ] ] } },
{ "type": "Feature", "properties": { "OBJECTID_1": 150, "OBJECTID": 151, "Fault_ID": 396, "Name": "Carterton", "Name_stat": "published", "Lineage": "Unmodified", "Fault_stat": "A-LS", "DomainName": "Hikurangi accretionary margin", "Domain_No": 7, "Dip_pref": 75, "Dip_min": 65.0, "Dip_max": 85.0, "Dip_dir": "S", "Dom_sense": "dextral", "Sub_sense": "normal", "Rake_pref": -160, "Rake_minus": -180, "Rake_plus": -140, "SR_pref": 2.4, "SR_min": 1.5, "SR_max": 3.0, "SRT_pref": null, "SRT_min": null, "SRT_max": null, "SRT_gen": "10,000s yrs", "UpdDth_prf": 0.0, "UpdDth_min": 0.0, "UpdDth_max": 0.0, "Depth_Dfc": 17.2, "Method_Dfc": 3, "Depth_D90": 16.0, "Method_D90": 1.0, "QualCode": 2, "References": "Litchfield et al. 2013, 2014; Beanland 1995; Langridge et al. 2005; Little and Begg 2005; Robinson et al. 2011; Zachariasen et al. 2000", "Comments": null, "CompiledBy": null, "LastUpdate": null, "Shape_Leng": 61957.470418299999, "Shape_Le_1": 61957.470418299999 }, "geometry": { "type": "MultiLineString", "coordinates": [ [ [ 1862675.234000000171363, 5471988.978500000201166 ], [ 1860923.519299999810755, 5470213.731499999761581 ], [ 1858803.766699999570847, 5468750.682199999690056 ], [ 1843199.456600000150502, 5464632.481499999761581 ], [ 1822637.078200000338256, 5457216.439899999648333 ], [ 1813263.375900000333786, 5458314.57079999987036 ], [ 1811664.381099999882281, 5458098.269500000402331 ], [ 1806839.284199999645352, 5456354.7171 ], [ 1804430.839999999850988, 5455115.4046 ] ] ] } },
{ "type": "Feature", "properties": { "OBJECTID_1": 308, "OBJECTID": 309, "Fault_ID": 871, "Name": "Caswell 211", "Name_stat": "published", "Lineage": "Unmodified", "Fault_stat": "N-PS", "DomainName": "Puysegur-Caswell High outer rise", "Domain_No": 27, "Dip_pref": 60, "Dip_min": 50.0, "Dip_max": 70.0, "Dip_dir": "E", "Dom_sense": "normal", "Sub_sense": null, "Rake_pref": -90, "Rake_minus": -110, "Rake_plus": -70, "SR_pref": 0.7, "SR_min": 0.3, "SR_max": 1.1, "SRT_pref": null, "SRT_min": null, "SRT_max": null, "SRT_gen": "≥ 1 Ma", "UpdDth_prf": 0.0, "UpdDth_min": 0.0, "UpdDth_max": 0.0, "Depth_Dfc": 6.0, "Method_Dfc": 2, "Depth_D90": 6.0, "Method_D90": 2.0, "QualCode": 2, "References": "Lebrun et al. 2000; Barnes et al. 2002; Litchfield et al. 2013, 2014", "Comments": "Position edited to SE-dipping structure", "CompiledBy": "P Barnes", "LastUpdate": "25/11/2020", "Shape_Leng": 24602.4662919, "Shape_Le_1": 24602.4662919 }, "geometry": { "type": "MultiLineString", "coordinates": [ [ [ 1038274.40639999974519, 4914971.682199999690056 ], [ 1039818.1584, 4922067.335199999623001 ], [ 1040315.795599999837577, 4929739.404799999669194 ], [ 1042044.381299999542534, 4935226.4139 ], [ 1042181.913499999791384, 4939123.7697 ] ] ] } },
{ "type": "Feature", "properties": { "OBJECTID_1": 307, "OBJECTID": 308, "Fault_ID": 870, "Name": "Caswell High 1", "Name_stat": "published", "Lineage": "Unmodified", "Fault_stat": "N-PS", "DomainName": "Puysegur-Caswell High outer rise", "Domain_No": 27, "Dip_pref": 60, "Dip_min": 50.0, "Dip_max": 70.0, "Dip_dir": "SE", "Dom_sense": "normal", "Sub_sense": null, "Rake_pref": -90, "Rake_minus": -110, "Rake_plus": -70, "SR_pref": 0.7, "SR_min": 0.3, "SR_max": 1.1, "SRT_pref": null, "SRT_min": null, "SRT_max": null, "SRT_gen": "≥ 1 Ma", "UpdDth_prf": 0.0, "UpdDth_min": 0.0, "UpdDth_max": 0.0, "Depth_Dfc": 6.0, "Method_Dfc": 2, "Depth_D90": 6.0, "Method_D90": 2.0, "QualCode": 2, "References": "Lebrun et al. 2000; Barnes et al. 2002; Litchfield et al. 2013, 2014", "Comments": "Position edited", "CompiledBy": "P Barnes", "LastUpdate": "13/11/2020", "Shape_Leng": 76219.775731100002, "Shape_Le_1": 76219.775731100002 }, "geometry": { "type": "MultiLineString", "coordinates": [ [ [ 1010921.877600000239909, 4890462.552899999544024 ], [ 1023177.3914, 4910858.404299999587238 ], [ 1028464.3629, 4922145.600700000301003 ], [ 1034401.787700000219047, 4936898.242999999783933 ], [ 1036447.528099999763072, 4940098.131 ], [ 1043355.188, 4959144.6403 ] ] ] } },
{ "type": "Feature", "properties": { "OBJECTID_1": 312, "OBJECTID": 313, "Fault_ID": 851, "Name": "Caswell High 10", "Name_stat": "published", "Lineage": "Unmodified", "Fault_stat": "N-PS", "DomainName": "Western Fiordland Margin - Caswell High", "Domain_No": 24, "Dip_pref": 60, "Dip_min": 50.0, "Dip_max": 70.0, "Dip_dir": "SE", "Dom_sense": "reverse", "Sub_sense": null, "Rake_pref": 90, "Rake_minus": 70, "Rake_plus": 110, "SR_pref": 0.8, "SR_min": 0.3, "SR_max": 1.3, "SRT_pref": null, "SRT_min": null, "SRT_max": null, "SRT_gen": "≥ 1 Ma", "UpdDth_prf": 0.0, "UpdDth_min": 0.0, "UpdDth_max": 0.0, "Depth_Dfc": 6.0, "Method_Dfc": 2, "Depth_D90": 6.0, "Method_D90": 2.0, "QualCode": 2, "References": "Barnes et al. 2002; Litchfield et al. 2013, 2014", "Comments": "Position edited", "CompiledBy": "P Barnes", "LastUpdate": "25/11/2020", "Shape_Leng": 28392.286148, "Shape_Le_1": 28392.286148 }, "geometry": { "type": "MultiLineString", "coordinates": [ [ [ 1107329.588499999605119, 5033394.3109 ], [ 1108144.78000000026077, 5034437.937699999660254 ], [ 1108501.416899999603629, 5035626.623999999836087 ], [ 1110759.182799999602139, 5039927.629599999636412 ], [ 1112664.347799999639392, 5041573.506099999882281 ], [ 1114861.148299999535084, 5044043.340300000272691 ], [ 1117547.245500000193715, 5046065.041199999861419 ], [ 1120052.260599999688566, 5049682.167899999767542 ], [ 1125517.543200000189245, 5054648.257500000298023 ] ] ] } },
{ "type": "Feature", "properties": { "OBJECTID_1": 309, "OBJECTID": 310, "Fault_ID": 869, "Name": "Caswell High 3", "Name_stat": "published", "Lineage": "Unmodified", "Fault_stat": "N-PS", "DomainName": "Puysegur-Caswell High outer rise", "Domain_No": 27, "Dip_pref": 60, "Dip_min": 50.0, "Dip_max": 70.0, "Dip_dir": "SE", "Dom_sense": "normal", "Sub_sense": null, "Rake_pref": -90, "Rake_minus": -110, "Rake_plus": -70, "SR_pref": 0.7, "SR_min": 0.3, "SR_max": 1.1, "SRT_pref": null, "SRT_min": null, "SRT_max": null, "SRT_gen": "≥ 1 Ma", "UpdDth_prf": 0.0, "UpdDth_min": 0.0, "UpdDth_max": 0.0, "Depth_Dfc": 6.0, "Method_Dfc": 2, "Depth_D90": 6.0, "Method_D90": 2.0, "QualCode": 2, "References": "Lebrun et al. 2000; Barnes et al. 2002; Litchfield et al. 2013, 2014", "Comments": "Position edited", "CompiledBy": "P Barnes", "LastUpdate": "13/11/2020", "Shape_Leng": 25914.0368022, "Shape_Le_1": 25914.0368022 }, "geometry": { "type": "MultiLineString", "coordinates": [ [ [ 1042942.71889999974519, 4943146.744199999608099 ], [ 1048223.839800000190735, 4951303.653699999675155 ], [ 1051635.562199999578297, 4958437.813299999572337 ], [ 1051797.782999999821186, 4966725.012799999676645 ] ] ] } },
{ "type": "Feature", "properties": { "OBJECTID_1": 310, "OBJECTID": 311, "Fault_ID": 868, "Name": "Caswell High 4", "Name_stat": "published", "Lineage": "Unmodified", "Fault_stat": "N-PS", "DomainName": "Puysegur-Caswell High outer rise", "Domain_No": 27, "Dip_pref": 60, "Dip_min": 50.0, "Dip_max": 70.0, "Dip_dir": "SE", "Dom_sense": "normal", "Sub_sense": null, "Rake_pref": -90, "Rake_minus": -110, "Rake_plus": -70, "SR_pref": 0.7, "SR_min": 0.3, "SR_max": 1.1, "SRT_pref": null, "SRT_min": null, "SRT_max": null, "SRT_gen": "≥ 1 Ma", "UpdDth_prf": 0.0, "UpdDth_min": 0.0, "UpdDth_max": 0.0, "Depth_Dfc": 6.0, "Method_Dfc": 2, "Depth_D90": 6.0, "Method_D90": 2.0, "QualCode": 2, "References": "Lebrun et al. 2000; Barnes et al. 2002; Litchfield et al. 2013, 2014", "Comments": "Position edited", "CompiledBy": "P Barnes", "LastUpdate": "13/11/2020", "Shape_Leng": 49592.6341302, "Shape_Le_1": 49592.6341302 }, "geometry": { "type": "MultiLineString", "coordinates": [ [ [ 1041731.0192, 4947804.565399999730289 ], [ 1046835.6573, 4955138.443400000222027 ], [ 1049245.3695, 4964978.1727 ], [ 1058628.877100000157952, 4977741.7654 ], [ 1060712.981100000441074, 4983970.32909999974072 ], [ 1064673.296500000171363, 4991055.577600000426173 ] ] ] } },
{ "type": "Feature", "properties": { "OBJECTID_1": 311, "OBJECTID": 312, "Fault_ID": 867, "Name": "Caswell High 5", "Name_stat": "published", "Lineage": "Unmodified", "Fault_stat": "N-PS", "DomainName": "Puysegur-Caswell High outer rise", "Domain_No": 27, "Dip_pref": 60, "Dip_min": 50.0, "Dip_max": 70.0, "Dip_dir": "SE", "Dom_sense": "normal", "Sub_sense": null, "Rake_pref": -90, "Rake_minus": -110, "Rake_plus": -70, "SR_pref": 0.5, "SR_min": 0.1, "SR_max": 0.9, "SRT_pref": null, "SRT_min": null, "SRT_max": null, "SRT_gen": "≥ 1 Ma", "UpdDth_prf": 0.0, "UpdDth_min": 0.0, "UpdDth_max": 0.0, "Depth_Dfc": 6.0, "Method_Dfc": 2, "Depth_D90": 6.0, "Method_D90": 2.0, "QualCode": 2, "References": "Lebrun et al. 2000; Barnes et al. 2002; Litchfield et al. 2013, 2014", "Comments": "Position edited", "CompiledBy": "P Barnes", "LastUpdate": "13/11/2020", "Shape_Leng": 43672.00888790001, "Shape_Le_1": 43672.00888790001 }, "geometry": { "type": "MultiLineString", "coordinates": [ [ [ 1056844.9178, 4972071.944299999624491 ], [ 1062054.0005, 4978750.660799999721348 ], [ 1064996.708499999716878, 4982963.650700000114739 ], [ 1068494.8558, 4985681.206199999898672 ], [ 1085423.914900000207126, 5004929.061300000175834 ] ] ] } },
{ "type": "Feature", "properties": { "OBJECTID_1": 313, "OBJECTID": 314, "Fault_ID": 866, "Name": "Caswell High 67", "Name_stat": "published", "Lineage": "Unmodified", "Fault_stat": "N-PS", "DomainName": "Puysegur-Caswell High outer rise", "Domain_No": 27, "Dip_pref": 60, "Dip_min": 50.0, "Dip_max": 70.0, "Dip_dir": "SE", "Dom_sense": "normal", "Sub_sense": null, "Rake_pref": -90, "Rake_minus": -110, "Rake_plus": -70, "SR_pref": 0.8, "SR_min": 0.3, "SR_max": 1.3, "SRT_pref": null, "SRT_min": null, "SRT_max": null, "SRT_gen": "≥ 1 Ma", "UpdDth_prf": 0.0, "UpdDth_min": 0.0, "UpdDth_max": 0.0, "Depth_Dfc": 6.0, "Method_Dfc": 2, "Depth_D90": 6.0, "Method_D90": 2.0, "QualCode": 2, "References": "Lebrun et al. 2000; Barnes et al. 2002; Litchfield et al. 2013, 2014", "Comments": "Position edited", "CompiledBy": "P Barnes", "LastUpdate": "24/11/2020", "Shape_Leng": 47308.8680083, "Shape_Le_1": 47308.8680083 }, "geometry": { "type": "MultiLineString", "coordinates": [ [ [ 1072100.670300000347197, 4996630.4666 ], [ 1075152.8679, 4998312.409599999897182 ], [ 1080911.074099999852479, 5004290.958999999798834 ], [ 1083766.8454, 5010089.666500000283122 ], [ 1087196.2165, 5018780.231800000183284 ], [ 1087083.993200000375509, 5020631.6815 ], [ 1090883.2352, 5026066.941700000315905 ], [ 1100361.0587, 5032091.487099999561906 ] ] ] } },
{ "type": "Feature", "properties": { "OBJECTID_1": 314, "OBJECTID": 315, "Fault_ID": 865, "Name": "Caswell High 8", "Name_stat": "published", "Lineage": "Unmodified", "Fault_stat": "N-PS", "DomainName": "Puysegur-Caswell High outer rise", "Domain_No": 27, "Dip_pref": 60, "Dip_min": 50.0, "Dip_max": 70.0, "Dip_dir": "SE", "Dom_sense": "normal", "Sub_sense": null, "Rake_pref": -90, "Rake_minus": -110, "Rake_plus": -70, "SR_pref": 0.7, "SR_min": 0.3, "SR_max": 1.1, "SRT_pref": null, "SRT_min": null, "SRT_max": null, "SRT_gen": "≥ 1 Ma", "UpdDth_prf": 0.0, "UpdDth_min": 0.0, "UpdDth_max": 0.0, "Depth_Dfc": 6.0, "Method_Dfc": 2, "Depth_D90": 6.0, "Method_D90": 2.0, "QualCode": 2, "References": "Barnes et al. 2002; Litchfield et al. 2013, 2014", "Comments": "Position edited", "CompiledBy": "P Barnes", "LastUpdate": "25/11/2020", "Shape_Leng": 35857.556512900002, "Shape_Le_1": 35857.556512900002 }, "geometry": { "type": "MultiLineString", "coordinates": [ [ [ 1090822.471, 5044679.9244 ], [ 1099945.463999999687076, 5046109.2867 ], [ 1109080.905600000172853, 5054155.336400000378489 ], [ 1121493.6831, 5061552.46059999987483 ] ] ] } },
{ "type": "Feature", "properties": { "OBJECTID_1": 315, "OBJECTID": 316, "Fault_ID": 852, "Name": "Caswell High 9", "Name_stat": "published", "Lineage": "Unmodified", "Fault_stat": "N-PS", "DomainName": "Western Fiordland Margin - Caswell High", "Domain_No": 24, "Dip_pref": 60, "Dip_min": 50.0, "Dip_max": 70.0, "Dip_dir": "SE", "Dom_sense": "reverse", "Sub_sense": null, "Rake_pref": 90, "Rake_minus": 70, "Rake_plus": 110, "SR_pref": 0.8, "SR_min": 0.3, "SR_max": 1.3, "SRT_pref": null, "SRT_min": null, "SRT_max": null, "SRT_gen": "≥ 1 Ma", "UpdDth_prf": 0.0, "UpdDth_min": 0.0, "UpdDth_max": 0.0, "Depth_Dfc": 6.0, "Method_Dfc": 2, "Depth_D90": 6.0, "Method_D90": 2.0, "QualCode": 2, "References": "Barnes et al. 2002; Litchfield et al. 2013, 2014", "Comments": "Position edited", "CompiledBy": "P Barnes", "LastUpdate": "13/11/2020", "Shape_Leng": 20585.790219899998, "Shape_Le_1": 20585.790219899998 }, "geometry": { "type": "MultiLineString", "coordinates": [ [ [ 1101427.862599999643862, 5034501.347299999557436 ], [ 1108621.974100000225008, 5042656.636599999852479 ], [ 1110517.9041, 5046500.638899999670684 ], [ 1114000.8339, 5050659.6009 ] ] ] } },
{ "type": "Feature", "properties": { "OBJECTID_1": 859, "OBJECTID": 862, "Fault_ID": 695, "Name": "Catherine", "Name_stat": "informal", "Lineage": "New", "Fault_stat": "N-PS", "DomainName": "Central Canterbury", "Domain_No": 18, "Dip_pref": 60, "Dip_min": 50.0, "Dip_max": 70.0, "Dip_dir": "W", "Dom_sense": "reverse", "Sub_sense": "dextral", "Rake_pref": 110, "Rake_minus": 90, "Rake_plus": 130, "SR_pref": 0.05, "SR_min": 0.025, "SR_max": 0.1, "SRT_pref": null, "SRT_min": null, "SRT_max": null, "SRT_gen": "≥ 1 Ma", "UpdDth_prf": 0.0, "UpdDth_min": 0.0, "UpdDth_max": 0.0, "Depth_Dfc": 26.8, "Method_Dfc": 1, "Depth_D90": 21.8, "Method_D90": 1.0, "QualCode": 3, "References": "Cox and Barrell 2007 (Aoraki QMAP);  this compilation", "Comments": "Basement rock uplifted hundreds of metres to the west against Tertiary outlier and extrensive peneplain dip slope. New name to avoid confusion with active Blue Mountain Fault in South Otago. No known Quat offsets, nominal slip rate applied.", "CompiledBy": "D Barrell", "LastUpdate": "12/02/2021", "Shape_Leng": 20238.177770099999, "Shape_Le_1": 20238.177770099999 }, "geometry": { "type": "MultiLineString", "coordinates": [ [ [ 1446596.0356, 5127092.518899999558926 ], [ 1446318.222500000149012, 5128481.58420000039041 ], [ 1446088.034599999897182, 5130987.193400000222027 ], [ 1444966.199, 5134119.86629999987781 ], [ 1444458.197999999858439, 5136850.371799999848008 ], [ 1443294.029, 5138755.3756 ], [ 1442627.277599999681115, 5140348.170400000177324 ], [ 1441476.337799999862909, 5143285.051300000399351 ], [ 1441912.901200000196695, 5146340.994900000281632 ] ] ] } },
{ "type": "Feature", "properties": { "OBJECTID_1": 362, "OBJECTID": 363, "Fault_ID": 659, "Name": "CenPeg1n2", "Name_stat": "published", "Lineage": "Modified", "Fault_stat": "A-LS", "DomainName": "Northeastern Canterbury", "Domain_No": 17, "Dip_pref": 55, "Dip_min": 35.0, "Dip_max": 70.0, "Dip_dir": "S", "Dom_sense": "dextral", "Sub_sense": null, "Rake_pref": 180, "Rake_minus": 160, "Rake_plus": -160, "SR_pref": 0.1, "SR_min": 0.05, "SR_max": 0.2, "SRT_pref": "120 ka", "SRT_min": "100 ka", "SRT_max": "140 ka", "SRT_gen": "100,000s yrs", "UpdDth_prf": 0.0, "UpdDth_min": 0.0, "UpdDth_max": 0.0, "Depth_Dfc": 22.1, "Method_Dfc": 1, "Depth_D90": 13.6, "Method_D90": 1.0, "QualCode": 1, "References": "Barnes et al. 2016; Goded et al. 2016", "Comments": null, "CompiledBy": "P Barnes", "LastUpdate": "25/11/2020", "Shape_Leng": 28876.5754872, "Shape_Le_1": 28876.5754872 }, "geometry": { "type": "MultiLineString", "coordinates": [ [ [ 1577872.784699999727309, 5192692.017400000244379 ], [ 1582993.763399999588728, 5195113.096699999645352 ], [ 1590551.832700000144541, 5195312.9973 ], [ 1597614.449500000104308, 5194977.911899999715388 ], [ 1606079.208499999716878, 5193571.217400000430644 ] ] ] } },
{ "type": "Feature", "properties": { "OBJECTID_1": 316, "OBJECTID": 317, "Fault_ID": 860, "Name": "Central Balleny", "Name_stat": "published", "Lineage": "Unmodified", "Fault_stat": "N-PS", "DomainName": "Puysegur Ridge - Bank", "Domain_No": 25, "Dip_pref": 70, "Dip_min": 50.0, "Dip_max": 90.0, "Dip_dir": "E", "Dom_sense": "dextral", "Sub_sense": null, "Rake_pref": 180, "Rake_minus": 160, "Rake_plus": -160, "SR_pref": 2.0, "SR_min": 0.0, "SR_max": 10.0, "SRT_pref": null, "SRT_min": null, "SRT_max": null, "SRT_gen": null, "UpdDth_prf": 0.0, "UpdDth_min": 0.0, "UpdDth_max": 0.0, "Depth_Dfc": 26.9, "Method_Dfc": 3, "Depth_D90": 25.0, "Method_D90": 2.0, "QualCode": 3, "References": "Litchfield et al. 2013, 2014; Melhuish et al. 1999", "Comments": null, "CompiledBy": null, "LastUpdate": null, "Shape_Leng": 66062.248529599994, "Shape_Le_1": 66062.248529599994 }, "geometry": { "type": "MultiLineString", "coordinates": [ [ [ 1053564.479500000365078, 4755415.63329999987036 ], [ 1051370.464999999850988, 4791190.3432 ], [ 1051855.263500000350177, 4806877.838399999774992 ], [ 1052948.127000000327826, 4821362.006799999624491 ] ] ] } },
{ "type": "Feature", "properties": { "OBJECTID_1": 518, "OBJECTID": 520, "Fault_ID": 853, "Name": "Central Wedge 1 & 2 & 3", "Name_stat": "informal", "Lineage": "Unmodified", "Fault_stat": "N-PS", "DomainName": "Western Fiordland Margin - Caswell High", "Domain_No": 24, "Dip_pref": 25, "Dip_min": 15.0, "Dip_max": 35.0, "Dip_dir": "SE", "Dom_sense": "reverse", "Sub_sense": null, "Rake_pref": 90, "Rake_minus": 70, "Rake_plus": 110, "SR_pref": 0.4, "SR_min": 0.2, "SR_max": 0.6, "SRT_pref": null, "SRT_min": null, "SRT_max": null, "SRT_gen": "≥ 1 Ma", "UpdDth_prf": 0.0, "UpdDth_min": 0.0, "UpdDth_max": 0.0, "Depth_Dfc": 19.2, "Method_Dfc": 3, "Depth_D90": 19.1, "Method_D90": 1.0, "QualCode": 2, "References": "Lebrun et al. 2000; Barnes et al. 2002; Litchfield et al. 2013, 2014", "Comments": null, "CompiledBy": "P Barnes", "LastUpdate": "24/11/2020", "Shape_Leng": 29079.620642499998, "Shape_Le_1": 29079.620642499998 }, "geometry": { "type": "MultiLineString", "coordinates": [ [ [ 1097018.1201, 5005882.74210000038147 ], [ 1100159.043399999849498, 5013169.0817 ], [ 1103812.5472999997437, 5028438.4644 ], [ 1107627.5307, 5032323.194899999536574 ] ] ] } },
{ "type": "Feature", "properties": { "OBJECTID_1": 516, "OBJECTID": 518, "Fault_ID": 854, "Name": "Central Wedge 4 - South Wedge 411", "Name_stat": "published", "Lineage": "Unmodified", "Fault_stat": "N-PS", "DomainName": "Western Fiordland Margin - Caswell High", "Domain_No": 24, "Dip_pref": 25, "Dip_min": 15.0, "Dip_max": 35.0, "Dip_dir": "SE", "Dom_sense": "reverse", "Sub_sense": null, "Rake_pref": 90, "Rake_minus": 70, "Rake_plus": 110, "SR_pref": 3.0, "SR_min": 1.5, "SR_max": 4.5, "SRT_pref": null, "SRT_min": null, "SRT_max": null, "SRT_gen": "≥ 1 Ma", "UpdDth_prf": 0.0, "UpdDth_min": 0.0, "UpdDth_max": 0.0, "Depth_Dfc": 15.1, "Method_Dfc": 3, "Depth_D90": 15.1, "Method_D90": 3.0, "QualCode": 2, "References": "Lebrun et al. 2000; Barnes et al. 2002; Litchfield et al. 2013, 2014", "Comments": "Position edited", "CompiledBy": "P Barnes", "LastUpdate": "25/11/2020", "Shape_Leng": 38334.945523900002, "Shape_Le_1": 38334.945523900002 }, "geometry": { "type": "MultiLineString", "coordinates": [ [ [ 1077220.2511, 4979410.241399999707937 ], [ 1083070.970300000160933, 4991602.294700000435114 ], [ 1097042.2111, 5012106.6086 ] ] ] } },
{ "type": "Feature", "properties": { "OBJECTID_1": 372, "OBJECTID": 373, "Fault_ID": 704, "Name": "Chamberlain", "Name_stat": "published", "Lineage": "New", "Fault_stat": "A-LS", "DomainName": "Central Canterbury", "Domain_No": 18, "Dip_pref": 60, "Dip_min": 50.0, "Dip_max": 70.0, "Dip_dir": "W", "Dom_sense": "reverse", "Sub_sense": "dextral", "Rake_pref": 110, "Rake_minus": 90, "Rake_plus": 130, "SR_pref": 0.05, "SR_min": 0.025, "SR_max": 0.1, "SRT_pref": null, "SRT_min": null, "SRT_max": null, "SRT_gen": "100,000s yrs", "UpdDth_prf": 0.0, "UpdDth_min": 0.0, "UpdDth_max": 0.0, "Depth_Dfc": 25.4, "Method_Dfc": 1, "Depth_D90": 19.3, "Method_D90": 1.0, "QualCode": 3, "References": "Litchfield et al. 2013, 2014; Barrell 2016 (CR2015/166) and refs therein", "Comments": "Formerly identified as part of Opawa Fault (Litchfield et al. 2013).  SR from Litchfield et al., lack of known deformation on relatively old fans and terraces is basis for slow SRs and QC of 4 in 100 ky timeframe", "CompiledBy": "D Barrell", "LastUpdate": "12/02/2021", "Shape_Leng": 43688.463372099999, "Shape_Le_1": 43688.463372099999 }, "geometry": { "type": "MultiLineString", "coordinates": [ [ [ 1431125.352699999697506, 5065387.866499999538064 ], [ 1430093.475599999539554, 5070071.000900000333786 ], [ 1426839.094100000336766, 5077770.39130000025034 ], [ 1425261.475200000219047, 5082287.254200000315905 ], [ 1424159.6475, 5084482.610399999655783 ], [ 1423034.228699999861419, 5087413.502999999560416 ], [ 1420938.724499999545515, 5089085.673000000417233 ], [ 1420388.389999999664724, 5091138.8438 ], [ 1418885.5537, 5094419.6837 ], [ 1418244.240799999795854, 5099646.729799999855459 ], [ 1417670.937400000169873, 5101820.270700000226498 ], [ 1414471.216799999587238, 5104578.420099999755621 ] ] ] } },
{ "type": "Feature", "properties": { "OBJECTID_1": 634, "OBJECTID": 636, "Fault_ID": 575, "Name": "Chancet", "Name_stat": "published", "Lineage": "Modified", "Fault_stat": "A-LS", "DomainName": "Marlborough Fault System", "Domain_No": 14, "Dip_pref": 80, "Dip_min": 70.0, "Dip_max": 90.0, "Dip_dir": "NW", "Dom_sense": "dextral", "Sub_sense": null, "Rake_pref": 180, "Rake_minus": 160, "Rake_plus": -160, "SR_pref": 3.0, "SR_min": 1.0, "SR_max": 4.0, "SRT_pref": null, "SRT_min": null, "SRT_max": null, "SRT_gen": "10,000s yrs", "UpdDth_prf": 0.0, "UpdDth_min": 0.0, "UpdDth_max": 0.0, "Depth_Dfc": 19.6, "Method_Dfc": 3, "Depth_D90": 19.6, "Method_D90": 3.0, "QualCode": 2, "References": "Barnes and Audru 1999; Barnes et al. 2015", "Comments": "Clipped 7 km from shore to allow for location uncertainty. Eastern end now linked to Campbell Bank. SR consistent with hi-res bathy offsets.", "CompiledBy": "P Barnes", "LastUpdate": "16/12/2020", "Shape_Leng": 36253.703282800001, "Shape_Le_1": 36253.703282800001 }, "geometry": { "type": "MultiLineString", "coordinates": [ [ [ 1696808.209099999628961, 5352778.66440000012517 ], [ 1700038.330299999564886, 5353900.705 ], [ 1719418.3936, 5360502.219700000248849 ], [ 1722242.137699999846518, 5360979.848299999721348 ], [ 1727872.181599999777973, 5363033.434600000269711 ], [ 1730711.443300000391901, 5365086.790500000119209 ] ] ] } },
{ "type": "Feature", "properties": { "OBJECTID_1": 5, "OBJECTID": 6, "Fault_ID": 677, "Name": "Cheeseman", "Name_stat": "published", "Lineage": "Modified", "Fault_stat": "A-LS", "DomainName": "Central Canterbury", "Domain_No": 18, "Dip_pref": 60, "Dip_min": 45.0, "Dip_max": 70.0, "Dip_dir": "NW", "Dom_sense": "reverse", "Sub_sense": null, "Rake_pref": 90, "Rake_minus": 70, "Rake_plus": 110, "SR_pref": 0.2, "SR_min": 0.1, "SR_max": 0.8, "SRT_pref": null, "SRT_min": null, "SRT_max": null, "SRT_gen": "10,000s yrs", "UpdDth_prf": 0.0, "UpdDth_min": 0.0, "UpdDth_max": 0.0, "Depth_Dfc": 18.8, "Method_Dfc": 1, "Depth_D90": 13.6, "Method_D90": 1.0, "QualCode": 3, "References": "Barrell 2013; Cox and Barrell 2007; Pettinga et al. 2001", "Comments": null, "CompiledBy": "D Barrell", "LastUpdate": "12/02/2021", "Shape_Leng": 25569.5870975, "Shape_Le_1": 25569.5870975 }, "geometry": { "type": "MultiLineString", "coordinates": [ [ [ 1500504.485000000335276, 5227109.0301 ], [ 1500038.8174, 5225331.026499999687076 ], [ 1499657.816599999554455, 5224484.358199999667704 ], [ 1498768.814799999818206, 5223531.856300000101328 ], [ 1495043.474100000225008, 5220547.3503 ], [ 1493159.637000000104308, 5218197.845599999651313 ], [ 1493910.133899999782443, 5214872.081600000150502 ], [ 1493910.133899999782443, 5214111.403 ], [ 1492620.28760000038892, 5209100.846099999733269 ], [ 1490883.956000000238419, 5207314.90500000026077 ], [ 1489329.5258, 5206256.5696 ] ] ] } },
{ "type": "Feature", "properties": { "OBJECTID_1": 6, "OBJECTID": 7, "Fault_ID": 543, "Name": "Clarence: Central", "Name_stat": "published", "Lineage": "Unmodified", "Fault_stat": "A-LS", "DomainName": "Marlborough Fault System", "Domain_No": 14, "Dip_pref": 70, "Dip_min": 60.0, "Dip_max": 80.0, "Dip_dir": "NW", "Dom_sense": "dextral", "Sub_sense": null, "Rake_pref": 180, "Rake_minus": 160, "Rake_plus": -160, "SR_pref": 3.0, "SR_min": 2.0, "SR_max": 4.0, "SRT_pref": null, "SRT_min": null, "SRT_max": null, "SRT_gen": "10,000s yrs", "UpdDth_prf": 0.0, "UpdDth_min": 0.0, "UpdDth_max": 0.0, "Depth_Dfc": 29.7, "Method_Dfc": 1, "Depth_D90": 24.7, "Method_D90": 1.0, "QualCode": 2, "References": "Kieckhefer 1979; Langridge et al. 2017b; Litchfield et al. 2013, 2014", "Comments": null, "CompiledBy": null, "LastUpdate": null, "Shape_Leng": 56172.593495599998, "Shape_Le_1": 56172.593495599998 }, "geometry": { "type": "MultiLineString", "coordinates": [ [ [ 1582661.385700000450015, 5305904.31900000013411 ], [ 1585183.7977, 5307094.11739999987185 ], [ 1590340.419200000353158, 5311072.039099999703467 ], [ 1597445.877299999818206, 5314479.972400000318885 ], [ 1602240.1639, 5317907.694500000216067 ], [ 1603845.644899999722838, 5319939.792899999767542 ], [ 1612204.324199999682605, 5324217.20920000039041 ], [ 1618556.329699999652803, 5325897.2467 ], [ 1625841.785299999639392, 5329238.057 ], [ 1632369.557300000451505, 5329480.406600000336766 ] ] ] } },
{ "type": "Feature", "properties": { "OBJECTID_1": 240, "OBJECTID": 241, "Fault_ID": 542, "Name": "Clarence: Northeast", "Name_stat": "published", "Lineage": "Unmodified", "Fault_stat": "A-LS", "DomainName": "Marlborough Fault System", "Domain_No": 14, "Dip_pref": 60, "Dip_min": 50.0, "Dip_max": 70.0, "Dip_dir": "NW", "Dom_sense": "dextral", "Sub_sense": "reverse", "Rake_pref": 160, "Rake_minus": 140, "Rake_plus": 180, "SR_pref": 4.32, "SR_min": 3.51, "SR_max": 5.04, "SRT_pref": null, "SRT_min": null, "SRT_max": null, "SRT_gen": "1000s yrs", "UpdDth_prf": 0.0, "UpdDth_min": 0.0, "UpdDth_max": 0.0, "Depth_Dfc": 25.7, "Method_Dfc": 1, "Depth_D90": 19.3, "Method_D90": 1.0, "QualCode": 2, "References": "Litchfield et al. 2013, 2014; Nicol and Van Dissen 2002; Van Dissen and Nicol 2009", "Comments": null, "CompiledBy": null, "LastUpdate": null, "Shape_Leng": 61843.3909852, "Shape_Le_1": 61843.3909852 }, "geometry": { "type": "MultiLineString", "coordinates": [ [ [ 1682365.381400000303984, 5364869.097400000318885 ], [ 1675503.844399999827147, 5362562.865399999544024 ], [ 1667061.467299999669194, 5356823.91579999960959 ], [ 1655574.013399999588728, 5344491.0669 ], [ 1632452.759700000286102, 5329524.996600000187755 ] ] ] } },
{ "type": "Feature", "properties": { "OBJECTID_1": 7, "OBJECTID": 8, "Fault_ID": 544, "Name": "Clarence: Southwest", "Name_stat": "published", "Lineage": "Unmodified", "Fault_stat": "A-LS", "DomainName": "Marlborough Fault System", "Domain_No": 14, "Dip_pref": 70, "Dip_min": 60.0, "Dip_max": 80.0, "Dip_dir": "NW", "Dom_sense": "dextral", "Sub_sense": null, "Rake_pref": 180, "Rake_minus": 160, "Rake_plus": -160, "SR_pref": 4.2, "SR_min": 3.9, "SR_max": 4.4, "SRT_pref": "11 200", "SRT_min": "9 900", "SRT_max": "125 000", "SRT_gen": "10,000s yrs", "UpdDth_prf": 0.0, "UpdDth_min": 0.0, "UpdDth_max": 0.0, "Depth_Dfc": 27.8, "Method_Dfc": 1, "Depth_D90": 23.0, "Method_D90": 1.0, "QualCode": 2, "References": "Litchfield et al. 2013, 2014; Kieckhefer 1979; Knuepfer 1992; Zinke et al. 2019", "Comments": null, "CompiledBy": null, "LastUpdate": null, "Shape_Leng": 81391.059554399995, "Shape_Le_1": 81391.059554399995 }, "geometry": { "type": "MultiLineString", "coordinates": [ [ [ 1506490.685200000181794, 5280607.752999999560416 ], [ 1519359.467400000430644, 5280893.574199999682605 ], [ 1527399.848399999551475, 5282218.068400000222027 ], [ 1545682.8032, 5289157.186300000175834 ], [ 1571614.278300000354648, 5302987.8158 ], [ 1582661.385700000450015, 5305904.31900000013411 ] ] ] } },
{ "type": "Feature", "properties": { "OBJECTID_1": 400, "OBJECTID": 401, "Fault_ID": 310, "Name": "Clear Hills - Waikopiro", "Name_stat": "published", "Lineage": "New", "Fault_stat": "A-LS", "DomainName": "North Island Dextral Fault Belt", "Domain_No": 5, "Dip_pref": 75, "Dip_min": 60.0, "Dip_max": 90.0, "Dip_dir": "SE", "Dom_sense": "dextral", "Sub_sense": "reverse", "Rake_pref": 160, "Rake_minus": 140, "Rake_plus": 180, "SR_pref": 0.2, "SR_min": 0.1, "SR_max": 0.3, "SRT_pref": null, "SRT_min": null, "SRT_max": null, "SRT_gen": "10,000s yrs", "UpdDth_prf": 0.0, "UpdDth_min": 0.0, "UpdDth_max": 0.0, "Depth_Dfc": 18.6, "Method_Dfc": 3, "Depth_D90": 17.4, "Method_D90": 1.0, "QualCode": 2, "References": "Beanland 1995", "Comments": "SR taken from Oruawharo source. Modified based on Oruawharo source and DSM, still needs review and SR check", "CompiledBy": "R Langridge, R Morgenstern", "LastUpdate": "25/11/2020", "Shape_Leng": 21732.244531, "Shape_Le_1": 21732.244531 }, "geometry": { "type": "MultiLineString", "coordinates": [ [ [ 1873273.50899999961257, 5540111.54619999974966 ], [ 1876579.484299999661744, 5543230.990000000223517 ], [ 1879114.9386, 5549640.176900000311434 ], [ 1882992.0844, 5553563.955500000156462 ], [ 1885543.112300000153482, 5557604.200500000268221 ] ] ] } },
{ "type": "Feature", "properties": { "OBJECTID_1": 501, "OBJECTID": 503, "Fault_ID": 836, "Name": "Clifton", "Name_stat": "published", "Lineage": "New", "Fault_stat": "A-LS", "DomainName": "Southern South Island", "Domain_No": 21, "Dip_pref": 70, "Dip_min": 55.0, "Dip_max": 85.0, "Dip_dir": "N", "Dom_sense": "reverse", "Sub_sense": "dextral", "Rake_pref": 110, "Rake_minus": 90, "Rake_plus": 130, "SR_pref": 0.09, "SR_min": 0.05, "SR_max": 0.19, "SRT_pref": null, "SRT_min": null, "SRT_max": null, "SRT_gen": "10,000s yrs", "UpdDth_prf": 0.0, "UpdDth_min": 0.0, "UpdDth_max": 0.0, "Depth_Dfc": 32.6, "Method_Dfc": 1, "Depth_D90": 28.0, "Method_D90": 1.0, "QualCode": 3, "References": "Barrell 2021 (CR2020/88)", "Comments": "Indicated offset hillsides; rates inferred from Otanomomo Fault, with which it is suggested to rupture", "CompiledBy": "D Barrell", "LastUpdate": "18/11/2020", "Shape_Leng": 11423.352702, "Shape_Le_1": 11423.352702 }, "geometry": { "type": "MultiLineString", "coordinates": [ [ [ 1328165.669599999673665, 4881611.077100000344217 ], [ 1338749.0241, 4877311.5894 ] ] ] } },
{ "type": "Feature", "properties": { "OBJECTID_1": 238, "OBJECTID": 239, "Fault_ID": 563, "Name": "Cloudy 1", "Name_stat": "published", "Lineage": "Unmodified", "Fault_stat": "A-LS", "DomainName": "Marlborough Fault System", "Domain_No": 14, "Dip_pref": 70, "Dip_min": 70.0, "Dip_max": 90.0, "Dip_dir": "SE", "Dom_sense": "dextral", "Sub_sense": null, "Rake_pref": 180, "Rake_minus": 160, "Rake_plus": -160, "SR_pref": 1.5, "SR_min": 0.5, "SR_max": 2.5, "SRT_pref": null, "SRT_min": null, "SRT_max": null, "SRT_gen": "10,000s yrs", "UpdDth_prf": 0.0, "UpdDth_min": 0.0, "UpdDth_max": 0.0, "Depth_Dfc": 27.9, "Method_Dfc": 3, "Depth_D90": 23.3, "Method_D90": 1.0, "QualCode": 1, "References": "Litchfield et al. 2013, 2014; Pondard and Barnes 2010", "Comments": null, "CompiledBy": null, "LastUpdate": null, "Shape_Leng": 10641.6962425, "Shape_Le_1": 10641.6962425 }, "geometry": { "type": "MultiLineString", "coordinates": [ [ [ 1706862.440399999730289, 5408086.682099999859929 ], [ 1699101.357099999673665, 5400805.7972 ] ] ] } },
{ "type": "Feature", "properties": { "OBJECTID_1": 239, "OBJECTID": 240, "Fault_ID": 561, "Name": "Cloudy 2", "Name_stat": "published", "Lineage": "Unmodified", "Fault_stat": "A-LS", "DomainName": "Marlborough Fault System", "Domain_No": 14, "Dip_pref": 70, "Dip_min": 60.0, "Dip_max": 80.0, "Dip_dir": "S", "Dom_sense": "normal", "Sub_sense": "dextral", "Rake_pref": -110, "Rake_minus": -130, "Rake_plus": -90, "SR_pref": 1.5, "SR_min": 0.5, "SR_max": 2.5, "SRT_pref": null, "SRT_min": null, "SRT_max": null, "SRT_gen": "10,000s yrs", "UpdDth_prf": 0.0, "UpdDth_min": 0.0, "UpdDth_max": 0.0, "Depth_Dfc": 27.6, "Method_Dfc": 3, "Depth_D90": 23.8, "Method_D90": 1.0, "QualCode": 1, "References": "Litchfield et al. 2013, 2014; Pondard and Barnes 2010", "Comments": null, "CompiledBy": null, "LastUpdate": null, "Shape_Leng": 3911.79458535, "Shape_Le_1": 3911.79458535 }, "geometry": { "type": "MultiLineString", "coordinates": [ [ [ 1710725.598399999551475, 5408701.618800000287592 ], [ 1706862.440399999730289, 5408086.682099999859929 ] ] ] } },
{ "type": "Feature", "properties": { "OBJECTID_1": 234, "OBJECTID": 235, "Fault_ID": 562, "Name": "Cloudy 3", "Name_stat": "published", "Lineage": "Unmodified", "Fault_stat": "A-LS", "DomainName": "Marlborough Fault System", "Domain_No": 14, "Dip_pref": 70, "Dip_min": 50.0, "Dip_max": 70.0, "Dip_dir": "S", "Dom_sense": "normal", "Sub_sense": "dextral", "Rake_pref": -110, "Rake_minus": -130, "Rake_plus": -90, "SR_pref": 1.5, "SR_min": 0.5, "SR_max": 2.5, "SRT_pref": null, "SRT_min": null, "SRT_max": null, "SRT_gen": "10,000s yrs", "UpdDth_prf": 0.0, "UpdDth_min": 0.0, "UpdDth_max": 0.0, "Depth_Dfc": 26.0, "Method_Dfc": 3, "Depth_D90": 23.2, "Method_D90": 1.0, "QualCode": 1, "References": "Litchfield et al. 2013, 2014; Pondard and Barnes 2010", "Comments": null, "CompiledBy": null, "LastUpdate": null, "Shape_Leng": 9777.7936532700005, "Shape_Le_1": 9777.7936532700005 }, "geometry": { "type": "MultiLineString", "coordinates": [ [ [ 1720160.902900000102818, 5406136.413599999621511 ], [ 1710725.598399999551475, 5408701.618800000287592 ] ] ] } },
{ "type": "Feature", "properties": { "OBJECTID_1": 471, "OBJECTID": 473, "Fault_ID": 770, "Name": "Cluden", "Name_stat": "informal", "Lineage": "Modified", "Fault_stat": "A-LS", "DomainName": "Otago", "Domain_No": 20, "Dip_pref": 60, "Dip_min": 40.0, "Dip_max": 70.0, "Dip_dir": "NW", "Dom_sense": "reverse", "Sub_sense": "dextral", "Rake_pref": 110, "Rake_minus": 90, "Rake_plus": 130, "SR_pref": 0.1, "SR_min": 0.1, "SR_max": 0.4, "SRT_pref": null, "SRT_min": null, "SRT_max": null, "SRT_gen": "100,000s yrs", "UpdDth_prf": 0.0, "UpdDth_min": 0.0, "UpdDth_max": 0.0, "Depth_Dfc": 27.1, "Method_Dfc": 1, "Depth_D90": 22.5, "Method_D90": 1.0, "QualCode": 3, "References": "Barrell 2019 (CR2018/207)", "Comments": "Faults in bedrock offsetting peneplain, and assessed monoclinal deformation of 'post-Lindis'-age lake silt. Formerly part of the 'Pisa' fault source, (e.g. Bealand and Berryman 1989) as the 'Lindis Peak' segment of the Pisa Fault,", "CompiledBy": "D Barrell", "LastUpdate": "18/11/2020", "Shape_Leng": 25867.8742336, "Shape_Le_1": 25867.8742336 }, "geometry": { "type": "MultiLineString", "coordinates": [ [ [ 1312115.69510000012815, 5029603.643699999898672 ], [ 1318463.062, 5033630.610100000165403 ], [ 1323424.009399999864399, 5032307.690700000151992 ], [ 1326995.89159999974072, 5033233.734299999661744 ], [ 1329972.46, 5034953.529400000348687 ], [ 1333015.1744, 5036078.010800000280142 ], [ 1335330.283200000412762, 5037731.659900000318885 ] ] ] } },
{ "type": "Feature", "properties": { "OBJECTID_1": 206, "OBJECTID": 207, "Fault_ID": 635, "Name": "Conway Trough East", "Name_stat": "informal", "Lineage": "Unmodified", "Fault_stat": "N-PS", "DomainName": "Northeastern Canterbury", "Domain_No": 17, "Dip_pref": 55, "Dip_min": 45.0, "Dip_max": 65.0, "Dip_dir": "SE", "Dom_sense": "reverse", "Sub_sense": null, "Rake_pref": 90, "Rake_minus": 70, "Rake_plus": 110, "SR_pref": 2.0, "SR_min": 1.0, "SR_max": 3.0, "SRT_pref": null, "SRT_min": null, "SRT_max": null, "SRT_gen": null, "UpdDth_prf": 0.0, "UpdDth_min": 0.0, "UpdDth_max": 0.0, "Depth_Dfc": 23.6, "Method_Dfc": 1, "Depth_D90": 14.9, "Method_D90": 1.0, "QualCode": 3, "References": "Barnes 1996; Litchfield et al. 2013, 2014", "Comments": "North Cantebury Shelf X (10) of Barnes (1996) & Litchfield et al (2014). Landward vergent fold beneath southern end of ridge. Poor stratigarphy, mainly geomorphology", "CompiledBy": "P Barnes", "LastUpdate": "26/11/2020", "Shape_Leng": 21789.2643025, "Shape_Le_1": 21789.2643025 }, "geometry": { "type": "MultiLineString", "coordinates": [ [ [ 1647679.6381, 5262151.348500000312924 ], [ 1650487.401999999769032, 5265840.450400000438094 ], [ 1654710.239500000141561, 5282465.738800000399351 ] ] ] } },
{ "type": "Feature", "properties": { "OBJECTID_1": 207, "OBJECTID": 208, "Fault_ID": 631, "Name": "Conway Trough West", "Name_stat": "informal", "Lineage": "Unmodified", "Fault_stat": "N-PS", "DomainName": "Northeastern Canterbury", "Domain_No": 17, "Dip_pref": 55, "Dip_min": 45.0, "Dip_max": 65.0, "Dip_dir": "SE", "Dom_sense": "reverse", "Sub_sense": null, "Rake_pref": 90, "Rake_minus": 70, "Rake_plus": 110, "SR_pref": 0.25, "SR_min": 0.001, "SR_max": 0.5, "SRT_pref": null, "SRT_min": null, "SRT_max": null, "SRT_gen": null, "UpdDth_prf": 0.0, "UpdDth_min": 0.0, "UpdDth_max": 0.0, "Depth_Dfc": 23.2, "Method_Dfc": 1, "Depth_D90": 14.9, "Method_D90": 1.0, "QualCode": 3, "References": "Barnes 1996; Litchfield et al. 2013, 2014", "Comments": "North Canterbury Shelf 13 of Barnes (1996) & Litchfield et al (2014). Inferred structure based on geomorphology, coastal uplift, and onshore Cheviot Basin strucutral analogoues", "CompiledBy": "P Barnes", "LastUpdate": "26/11/2020", "Shape_Leng": 26476.368607100001, "Shape_Le_1": 26476.368607100001 }, "geometry": { "type": "MultiLineString", "coordinates": [ [ [ 1642298.9446, 5264962.657800000160933 ], [ 1647877.501299999654293, 5290844.655399999581277 ] ] ] } },
{ "type": "Feature", "properties": { "OBJECTID_1": 497, "OBJECTID": 499, "Fault_ID": 776, "Name": "Cross Eden", "Name_stat": "informal", "Lineage": "New", "Fault_stat": "N-PS", "DomainName": "Otago", "Domain_No": 20, "Dip_pref": 60, "Dip_min": 40.0, "Dip_max": 70.0, "Dip_dir": "SE", "Dom_sense": "reverse", "Sub_sense": "dextral", "Rake_pref": 110, "Rake_minus": 90, "Rake_plus": 130, "SR_pref": 0.05, "SR_min": 0.01, "SR_max": 0.1, "SRT_pref": null, "SRT_min": null, "SRT_max": null, "SRT_gen": "≥ 1 Ma", "UpdDth_prf": 0.0, "UpdDth_min": 0.0, "UpdDth_max": 0.0, "Depth_Dfc": 23.9, "Method_Dfc": 1, "Depth_D90": 20.2, "Method_D90": 1.0, "QualCode": 3, "References": "Bishop 1979 (Ranfurly geol map); Barrell 2019 (CR2018/207)", "Comments": "Fault in bedrock, extrapolated south into Maniototo basin along topographic anomaly; also indicated in geophysics (ORC Glass Earth). Nominal slip rates inferred (no known Late Quaternary scarps).", "CompiledBy": "D Barrell", "LastUpdate": "18/11/2020", "Shape_Leng": 18889.376988299999, "Shape_Le_1": 18889.376988299999 }, "geometry": { "type": "MultiLineString", "coordinates": [ [ [ 1363740.9084, 4997206.81319999974221 ], [ 1367233.415400000289083, 4999667.443099999800324 ], [ 1368582.793100000359118, 5001969.322700000368059 ], [ 1370170.29619999974966, 5007763.709300000220537 ], [ 1372472.175800000317395, 5013240.595300000160933 ] ] ] } },
{ "type": "Feature", "properties": { "OBJECTID_1": 218, "OBJECTID": 219, "Fault_ID": 703, "Name": "Dalgety", "Name_stat": "published", "Lineage": "Modified", "Fault_stat": "A-LS", "DomainName": "Central Canterbury", "Domain_No": 18, "Dip_pref": 60, "Dip_min": 50.0, "Dip_max": 70.0, "Dip_dir": "W", "Dom_sense": "reverse", "Sub_sense": "dextral", "Rake_pref": 110, "Rake_minus": 90, "Rake_plus": 130, "SR_pref": 0.26, "SR_min": 0.05, "SR_max": 0.66, "SRT_pref": null, "SRT_min": null, "SRT_max": null, "SRT_gen": "10,000s yrs", "UpdDth_prf": 0.0, "UpdDth_min": 0.0, "UpdDth_max": 0.0, "Depth_Dfc": 26.0, "Method_Dfc": 1, "Depth_D90": 20.0, "Method_D90": 1.0, "QualCode": 3, "References": "Barrell and Strong 2010 (CR2010/147); Litchfield et al. 2013, 2014", "Comments": "Following the discussion of Barrell 2016, the 'Longden' Holocene fault scarp is interpreted to contain the southern end of the Dalgety source, the Dalgety Fault also having some relatively young fault scarps on hillslopes. SR from Litchfield et al.", "CompiledBy": "D Barrell", "LastUpdate": "12/02/2021", "Shape_Leng": 32579.5062798, "Shape_Le_1": 32579.5062798 }, "geometry": { "type": "MultiLineString", "coordinates": [ [ [ 1413183.516200000420213, 5082858.1025 ], [ 1410836.762699999846518, 5097725.232800000347197 ], [ 1412612.7736, 5115163.3256 ] ] ] } },
{ "type": "Feature", "properties": { "OBJECTID_1": 326, "OBJECTID": 327, "Fault_ID": 844, "Name": "Darran", "Name_stat": "published", "Lineage": "Unmodified", "Fault_stat": "A-LS", "DomainName": "Fiordland block", "Domain_No": 23, "Dip_pref": 75, "Dip_min": 60.0, "Dip_max": 90.0, "Dip_dir": "W", "Dom_sense": "reverse", "Sub_sense": "sinistral", "Rake_pref": 70, "Rake_minus": 50, "Rake_plus": 90, "SR_pref": 1.0, "SR_min": 0.5, "SR_max": 2.0, "SRT_pref": null, "SRT_min": null, "SRT_max": null, "SRT_gen": null, "UpdDth_prf": 0.0, "UpdDth_min": 0.0, "UpdDth_max": 0.0, "Depth_Dfc": 28.6, "Method_Dfc": 1, "Depth_D90": 24.9, "Method_D90": 1.0, "QualCode": 3, "References": "Litchfield et al. 2013, 2014; Sutherland 1995; Turnbull 2000", "Comments": null, "CompiledBy": null, "LastUpdate": null, "Shape_Leng": 36396.848221300002, "Shape_Le_1": 36396.848221300002 }, "geometry": { "type": "MultiLineString", "coordinates": [ [ [ 1214709.853799999691546, 5031436.063699999824166 ], [ 1212600.9523, 5040432.17090000025928 ], [ 1210964.5, 5048052.07660000026226 ], [ 1209055.257799999788404, 5054426.783200000412762 ], [ 1207278.173600000329316, 5059947.204199999570847 ], [ 1205895.264700000174344, 5066716.723500000312924 ] ] ] } },
{ "type": "Feature", "properties": { "OBJECTID_1": 304, "OBJECTID": 305, "Fault_ID": 759, "Name": "Dingle", "Name_stat": "published", "Lineage": "Modified", "Fault_stat": "N-PS", "DomainName": "Southern Alps", "Domain_No": 19, "Dip_pref": 60, "Dip_min": 40.0, "Dip_max": 70.0, "Dip_dir": "NW", "Dom_sense": "reverse", "Sub_sense": "dextral", "Rake_pref": 110, "Rake_minus": 90, "Rake_plus": 130, "SR_pref": 0.05, "SR_min": 0.01, "SR_max": 0.1, "SRT_pref": null, "SRT_min": null, "SRT_max": null, "SRT_gen": "≥ 1 Ma", "UpdDth_prf": 0.0, "UpdDth_min": 0.0, "UpdDth_max": 0.0, "Depth_Dfc": 26.0, "Method_Dfc": 1, "Depth_D90": 22.5, "Method_D90": 1.0, "QualCode": 3, "References": "Barrell 2016 (CR2015/166); Barrell 2019 (CR2018/207)", "Comments": "Dingle Burn' in NZAFM, name 'Dingle Fault' as used in QMAP datasets is applied here. General summit elevations either side of the line of the fault indicate NW-dipping reverse fault. Nominal slip rates inferred (no known Late Quaternary scarps).", "CompiledBy": "D Barrell", "LastUpdate": "18/11/2020", "Shape_Leng": 40343.37239560001, "Shape_Le_1": 40343.37239560001 }, "geometry": { "type": "MultiLineString", "coordinates": [ [ [ 1331013.61699999962002, 5104184.840599999763072 ], [ 1330186.792500000447035, 5101605.148 ], [ 1327658.85010000038892, 5097035.495000000111759 ], [ 1326683.708499999716878, 5094485.665900000371039 ], [ 1325424.282999999821186, 5092377.785799999721348 ], [ 1323461.776600000448525, 5085135.966400000266731 ], [ 1322107.301300000399351, 5081874.092199999839067 ], [ 1320317.814399999566376, 5076840.098500000312924 ], [ 1319166.87459999974817, 5072196.651700000278652 ], [ 1318492.1858, 5071006.024299999698997 ], [ 1314959.9912, 5067910.3931 ] ] ] } },
{ "type": "Feature", "properties": { "OBJECTID_1": 349, "OBJECTID": 350, "Fault_ID": 641, "Name": "Doctors", "Name_stat": "published", "Lineage": "New", "Fault_stat": "A-LS", "DomainName": "Northeastern Canterbury", "Domain_No": 17, "Dip_pref": 55, "Dip_min": 40.0, "Dip_max": 70.0, "Dip_dir": "E", "Dom_sense": "reverse", "Sub_sense": null, "Rake_pref": 90, "Rake_minus": 70, "Rake_plus": 110, "SR_pref": 0.38, "SR_min": 0.17, "SR_max": 0.72, "SRT_pref": null, "SRT_min": null, "SRT_max": null, "SRT_gen": null, "UpdDth_prf": 0.0, "UpdDth_min": 0.0, "UpdDth_max": 0.0, "Depth_Dfc": 27.1, "Method_Dfc": 1, "Depth_D90": 21.9, "Method_D90": 1.0, "QualCode": 3, "References": "Barrell and Townsend 2012; Cowan et al. 1996; Goded et al. 2018", "Comments": null, "CompiledBy": null, "LastUpdate": null, "Shape_Leng": 33226.482938699999, "Shape_Le_1": 33226.482938699999 }, "geometry": { "type": "MultiLineString", "coordinates": [ [ [ 1563847.052799999713898, 5224229.8125 ], [ 1563226.231100000441074, 5229512.7357 ], [ 1564111.813299999572337, 5233225.8388 ], [ 1564852.64809999987483, 5235501.259999999776483 ], [ 1565372.97580000013113, 5236321.362499999813735 ], [ 1566582.458800000138581, 5238918.5767 ], [ 1568066.387900000438094, 5241146.672899999655783 ], [ 1569144.327200000174344, 5243187.532100000418723 ], [ 1569811.752500000409782, 5245966.744800000451505 ], [ 1569086.918399999849498, 5255957.896499999798834 ] ] ] } },
{ "type": "Feature", "properties": { "OBJECTID_1": 366, "OBJECTID": 367, "Fault_ID": 681, "Name": "Double Hill", "Name_stat": "published", "Lineage": "New", "Fault_stat": "A-LS", "DomainName": "Central Canterbury", "Domain_No": 18, "Dip_pref": 70, "Dip_min": 55.0, "Dip_max": 80.0, "Dip_dir": "S", "Dom_sense": "dextral", "Sub_sense": "reverse", "Rake_pref": 160, "Rake_minus": 140, "Rake_plus": 180, "SR_pref": 0.7, "SR_min": 0.4, "SR_max": 1.0, "SRT_pref": null, "SRT_min": "10 000", "SRT_max": "14 000", "SRT_gen": "10,000s yrs", "UpdDth_prf": 0.0, "UpdDth_min": 0.0, "UpdDth_max": 0.0, "Depth_Dfc": 23.2, "Method_Dfc": 1, "Depth_D90": 17.4, "Method_D90": 1.0, "QualCode": 3, "References": "Howard et al. 2005 (NZJGG); Cox and Barrell 2007 (Aoraki QMAP);  Barrell 2009 (CR2009/227); Barrell CFM compilation", "Comments": "Reinterpreted as predominantly SS fault; with dextral reverse dipping south based on Howard et al 2005 trench data. Pref SR based on 7 m horiz offset from Howard et al. 2005, with updated age of land surface of 17 ka from Putnam et al. 2013 (EPSL).", "CompiledBy": "D Barrell", "LastUpdate": "12/20/2021", "Shape_Leng": 42079.949324300011, "Shape_Le_1": 42079.949324300011 }, "geometry": { "type": "MultiLineString", "coordinates": [ [ [ 1485316.965599999763072, 5199380.5066 ], [ 1481136.540500000119209, 5198480.921400000341237 ], [ 1477644.033599999733269, 5199115.9227 ], [ 1473357.775000000372529, 5200544.675599999725819 ], [ 1467907.347400000318885, 5202555.512900000438094 ], [ 1461874.83530000038445, 5203931.349000000394881 ], [ 1456371.49100000038743, 5204566.3503 ], [ 1444177.381699999794364, 5204916.892099999822676 ] ] ] } },
{ "type": "Feature", "properties": { "OBJECTID_1": 267, "OBJECTID": 268, "Fault_ID": 322, "Name": "Dreyers Rock", "Name_stat": "published", "Lineage": "Modified", "Fault_stat": "A-LS", "DomainName": "North Island Dextral Fault Belt", "Domain_No": 5, "Dip_pref": 70, "Dip_min": 60.0, "Dip_max": 80.0, "Dip_dir": "NW", "Dom_sense": "dextral", "Sub_sense": "normal", "Rake_pref": -160, "Rake_minus": -180, "Rake_plus": -140, "SR_pref": 5.0, "SR_min": 4.0, "SR_max": 6.0, "SRT_pref": null, "SRT_min": null, "SRT_max": null, "SRT_gen": null, "UpdDth_prf": 0.0, "UpdDth_min": 0.0, "UpdDth_max": 0.0, "Depth_Dfc": 19.6, "Method_Dfc": 3, "Depth_D90": 17.5, "Method_D90": 1.0, "QualCode": 3, "References": "Litchfield et al. 2013, 2014; Stirling et al. 2012; Kelsey et al. 1995; Schermer et al. 2004", "Comments": "Name changed from Alfredton-Makuri 1; slip rate modified down by R Langridge based on balancing what comes up from the south and what goes out to the north", "CompiledBy": "R Langridge", "LastUpdate": "11/12/2020", "Shape_Leng": 7129.3607357700002, "Shape_Le_1": 7129.3607357700002 }, "geometry": { "type": "MultiLineString", "coordinates": [ [ [ 1835644.3958, 5485600.2533 ], [ 1831444.126899999566376, 5484387.5773 ], [ 1828776.648, 5483688.60149999987334 ] ] ] } },
{ "type": "Feature", "properties": { "OBJECTID_1": 505, "OBJECTID": 507, "Fault_ID": 710, "Name": "Dromedary", "Name_stat": "published", "Lineage": "Modified", "Fault_stat": "A-LS", "DomainName": "Central Canterbury", "Domain_No": 18, "Dip_pref": 60, "Dip_min": 40.0, "Dip_max": 70.0, "Dip_dir": "W", "Dom_sense": "reverse", "Sub_sense": "dextral", "Rake_pref": 110, "Rake_minus": 90, "Rake_plus": 130, "SR_pref": 0.5, "SR_min": 0.1, "SR_max": 1.0, "SRT_pref": null, "SRT_min": null, "SRT_max": null, "SRT_gen": "10,000s yrs", "UpdDth_prf": 0.0, "UpdDth_min": 0.0, "UpdDth_max": 0.0, "Depth_Dfc": 27.1, "Method_Dfc": 1, "Depth_D90": 22.6, "Method_D90": 1.0, "QualCode": 3, "References": "Barrell 2016 (CR2015/166); Barrell 2019 (CR2018/207)", "Comments": "Previously Lindis Pass. ~5 m high scarp on inferred Holocene-age landforms pref SR 0.5 mm/yr, min SR of 0.1 mm/yr reflecting scarp could be single rupture,  max SR of 2x the pref, acknowledging uncertainties in scarp height and/or landform age inference", "CompiledBy": "D Barrell", "LastUpdate": "18/11/2020", "Shape_Leng": 39321.113729500001, "Shape_Le_1": 39321.113729500001 }, "geometry": { "type": "MultiLineString", "coordinates": [ [ [ 1334933.4074, 5047455.116899999789894 ], [ 1335272.623499999754131, 5053375.0269 ], [ 1337071.793700000271201, 5072636.732099999673665 ], [ 1333790.9539, 5078034.2429 ], [ 1333579.286799999885261, 5082267.584699999541044 ], [ 1332732.6184, 5085654.2582 ] ] ] } },
{ "type": "Feature", "properties": { "OBJECTID_1": 396, "OBJECTID": 397, "Fault_ID": 2, "Name": "Drury", "Name_stat": "published", "Lineage": "New", "Fault_stat": "N-PS", "DomainName": "North Waikato - South Auckland", "Domain_No": 2, "Dip_pref": 65, "Dip_min": 50.0, "Dip_max": 80.0, "Dip_dir": "W", "Dom_sense": "normal", "Sub_sense": null, "Rake_pref": -90, "Rake_minus": -110, "Rake_plus": -70, "SR_pref": 0.01, "SR_min": 0.0, "SR_max": 0.01, "SRT_pref": null, "SRT_min": "1.19 Ma", "SRT_max": "1.39 Ma", "SRT_gen": "≥ 1 Ma", "UpdDth_prf": 0.0, "UpdDth_min": 0.0, "UpdDth_max": 0.0, "Depth_Dfc": 22.6, "Method_Dfc": 1, "Depth_D90": 17.0, "Method_D90": 1.0, "QualCode": 3, "References": "Townsend and Bland CFM compilation", "Comments": null, "CompiledBy": null, "LastUpdate": null, "Shape_Leng": 22297.594674100001, "Shape_Le_1": 22297.594674100001 }, "geometry": { "type": "MultiLineString", "coordinates": [ [ [ 1774040.885200000368059, 5899905.171 ], [ 1775582.1612, 5895581.376299999654293 ], [ 1776494.8701, 5886734.214700000360608 ], [ 1776745.784699999727309, 5884037.7456 ], [ 1778631.921500000171363, 5878231.334499999880791 ] ] ] } },
{ "type": "Feature", "properties": { "OBJECTID_1": 258, "OBJECTID": 259, "Fault_ID": 351, "Name": "Dry River - Huangarua: 1", "Name_stat": "published", "Lineage": "Unmodified", "Fault_stat": "A-LS", "DomainName": "Hikurangi accretionary margin", "Domain_No": 7, "Dip_pref": 65, "Dip_min": 50.0, "Dip_max": 80.0, "Dip_dir": "NW", "Dom_sense": "reverse", "Sub_sense": null, "Rake_pref": 90, "Rake_minus": 70, "Rake_plus": 110, "SR_pref": 0.7, "SR_min": 0.3, "SR_max": 1.2, "SRT_pref": null, "SRT_min": null, "SRT_max": null, "SRT_gen": "10,000s yrs", "UpdDth_prf": 0.0, "UpdDth_min": 0.0, "UpdDth_max": 0.0, "Depth_Dfc": 18.8, "Method_Dfc": 3, "Depth_D90": 16.7, "Method_D90": 1.0, "QualCode": 1, "References": "Litchfield et al. 2013, 2014; Formento-Trigilio et al. 2003; Nicol and Van Dissen 1997; Nicol et al. 2002", "Comments": null, "CompiledBy": null, "LastUpdate": null, "Shape_Leng": 46846.799855700003, "Shape_Le_1": 46846.799855700003 }, "geometry": { "type": "MultiLineString", "coordinates": [ [ [ 1806814.699900000356138, 5429717.695899999700487 ], [ 1798885.6667, 5423226.102400000207126 ], [ 1795290.236999999731779, 5418280.279 ], [ 1785633.1574, 5408677.48450000025332 ], [ 1773947.703499999828637, 5396515.7017 ] ] ] } },
{ "type": "Feature", "properties": { "OBJECTID_1": 259, "OBJECTID": 260, "Fault_ID": 350, "Name": "Dry River - Huangarua: 2", "Name_stat": "published", "Lineage": "Unmodified", "Fault_stat": "A-LS", "DomainName": "Hikurangi accretionary margin", "Domain_No": 7, "Dip_pref": 65, "Dip_min": 50.0, "Dip_max": 80.0, "Dip_dir": "NW", "Dom_sense": "reverse", "Sub_sense": null, "Rake_pref": 90, "Rake_minus": 70, "Rake_plus": 110, "SR_pref": 0.7, "SR_min": 0.3, "SR_max": 1.2, "SRT_pref": null, "SRT_min": null, "SRT_max": null, "SRT_gen": "10,000s yrs", "UpdDth_prf": 0.0, "UpdDth_min": 0.0, "UpdDth_max": 0.0, "Depth_Dfc": 17.7, "Method_Dfc": 3, "Depth_D90": 15.2, "Method_D90": 1.0, "QualCode": 2, "References": "Litchfield et al. 2013, 2014; Formento-Trigilio et al. 2003; Lamb and Vella 1997;  Nicol and Van Dissen 1997; Nicol et al. 2002", "Comments": null, "CompiledBy": null, "LastUpdate": null, "Shape_Leng": 9071.2802902999993, "Shape_Le_1": 9071.2802902999993 }, "geometry": { "type": "MultiLineString", "coordinates": [ [ [ 1815016.599299999885261, 5433832.9002 ], [ 1806896.720499999821186, 5429788.682799999602139 ] ] ] } },
{ "type": "Feature", "properties": { "OBJECTID_1": 260, "OBJECTID": 261, "Fault_ID": 349, "Name": "Dry River - Huangarua: 3", "Name_stat": "published", "Lineage": "Unmodified", "Fault_stat": "A-LS", "DomainName": "Hikurangi accretionary margin", "Domain_No": 7, "Dip_pref": 65, "Dip_min": 50.0, "Dip_max": 80.0, "Dip_dir": "NW", "Dom_sense": "reverse", "Sub_sense": null, "Rake_pref": 90, "Rake_minus": 70, "Rake_plus": 110, "SR_pref": 0.7, "SR_min": 0.3, "SR_max": 1.2, "SRT_pref": null, "SRT_min": null, "SRT_max": null, "SRT_gen": "10,000s yrs", "UpdDth_prf": 0.0, "UpdDth_min": 0.0, "UpdDth_max": 0.0, "Depth_Dfc": 17.3, "Method_Dfc": 3, "Depth_D90": 15.3, "Method_D90": 1.0, "QualCode": 2, "References": "Litchfield et al. 2013, 2014; Formento-Trigilio et al. 2003; Nicol and Van Dissen 1997; Nicol et al. 2002", "Comments": null, "CompiledBy": null, "LastUpdate": null, "Shape_Leng": 7283.0243020999997, "Shape_Le_1": 7283.0243020999997 }, "geometry": { "type": "MultiLineString", "coordinates": [ [ [ 1818150.023, 5440407.403900000266731 ], [ 1815016.599299999885261, 5433832.9002 ] ] ] } },
{ "type": "Feature", "properties": { "OBJECTID_1": 219, "OBJECTID": 220, "Fault_ID": 718, "Name": "Dryburgh", "Name_stat": "published", "Lineage": "Modified", "Fault_stat": "N-PS", "DomainName": "Central Canterbury", "Domain_No": 18, "Dip_pref": 60, "Dip_min": 40.0, "Dip_max": 70.0, "Dip_dir": "NE", "Dom_sense": "reverse", "Sub_sense": "sinistral", "Rake_pref": 70, "Rake_minus": 50, "Rake_plus": 90, "SR_pref": 0.05, "SR_min": 0.01, "SR_max": 0.1, "SRT_pref": null, "SRT_min": null, "SRT_max": null, "SRT_gen": "10,000s yrs", "UpdDth_prf": 0.0, "UpdDth_min": 0.0, "UpdDth_max": 0.0, "Depth_Dfc": 24.2, "Method_Dfc": 1, "Depth_D90": 18.1, "Method_D90": 1.0, "QualCode": 3, "References": "Barrell et al. 2005 (CR2005/70); Barrell 2016 (CR2015/166)", "Comments": "Barrell et al. 2005 show evidence for no movement since at least 62 ka; low nominal slip rate (as for other 'no known activity' faults) assigned. Position of trace relocated to the SW to accord bett+AC137+AC85", "CompiledBy": "D Barrell", "LastUpdate": "12/02/2021", "Shape_Leng": 18798.210255400001, "Shape_Le_1": 18798.210255400001 }, "geometry": { "type": "MultiLineString", "coordinates": [ [ [ 1398725.192499999888241, 5045569.142099999822676 ], [ 1387481.035799999721348, 5060633.724700000137091 ] ] ] } },
{ "type": "Feature", "properties": { "OBJECTID_1": 375, "OBJECTID": 376, "Fault_ID": 788, "Name": "Dunback Hill", "Name_stat": "published", "Lineage": "New", "Fault_stat": "N-PS", "DomainName": "Otago", "Domain_No": 20, "Dip_pref": 45, "Dip_min": 30.0, "Dip_max": 60.0, "Dip_dir": "NW", "Dom_sense": "reverse", "Sub_sense": "dextral", "Rake_pref": 110, "Rake_minus": 90, "Rake_plus": 130, "SR_pref": 0.05, "SR_min": 0.01, "SR_max": 0.1, "SRT_pref": null, "SRT_min": null, "SRT_max": null, "SRT_gen": "≥ 1 Ma", "UpdDth_prf": 0.0, "UpdDth_min": 0.0, "UpdDth_max": 0.0, "Depth_Dfc": 24.2, "Method_Dfc": 1, "Depth_D90": 20.3, "Method_D90": 1.0, "QualCode": 3, "References": "Villamor et al. 2018 (GNS MS 124); Barrell 2021 (CR2020/88)", "Comments": "Fault in bedrock, peneplain offset  typically ~50-100 m but locally as much as 150 m (Barrell 2020). No evidence for Late Quaternary movement, and nominal slip rates inferred.", "CompiledBy": "D Barrell", "LastUpdate": "12/02/2021", "Shape_Leng": 37812.157013700002, "Shape_Le_1": 37812.157013700002 }, "geometry": { "type": "MultiLineString", "coordinates": [ [ [ 1388195.909799999557436, 4944952.0778 ], [ 1390324.114799999631941, 4947433.691700000315905 ], [ 1397329.604399999603629, 4952113.280899999663234 ], [ 1398168.5746, 4954364.615600000135601 ], [ 1403115.673999999649823, 4958599.583399999886751 ], [ 1402904.053899999707937, 4961187.714200000278652 ], [ 1405275.825000000186265, 4964597.780500000342727 ], [ 1412442.66330000013113, 4972207.017199999652803 ] ] ] } },
{ "type": "Feature", "properties": { "OBJECTID_1": 48, "OBJECTID": 49, "Fault_ID": 771, "Name": "Dunstan", "Name_stat": "published", "Lineage": "Modified", "Fault_stat": "A-LS", "DomainName": "Otago", "Domain_No": 20, "Dip_pref": 45, "Dip_min": 30.0, "Dip_max": 60.0, "Dip_dir": "NW", "Dom_sense": "reverse", "Sub_sense": null, "Rake_pref": 90, "Rake_minus": 70, "Rake_plus": 110, "SR_pref": 0.5, "SR_min": 0.2, "SR_max": 1.5, "SRT_pref": null, "SRT_min": null, "SRT_max": null, "SRT_gen": "10,000s yrs", "UpdDth_prf": 0.0, "UpdDth_min": 0.0, "UpdDth_max": 0.0, "Depth_Dfc": 28.0, "Method_Dfc": 1, "Depth_D90": 22.9, "Method_D90": 1.0, "QualCode": 1, "References": "Barrell 2019 (CR2018/207), and referencess therein; Van Dissen et al. 2007; Stirling et al. 2021", "Comments": "SW end lengthened slightly to approach the Old Man Fault. The Fish Creek and Cairnmuir faults are interpreted as abandoned strands of the DFZ, and not regarded as independent fault sources", "CompiledBy": "D Barrell", "LastUpdate": "18/11/2020", "Shape_Leng": 60854.275134000003, "Shape_Le_1": 60854.275134000003 }, "geometry": { "type": "MultiLineString", "coordinates": [ [ [ 1306777.1645, 4984048.917100000195205 ], [ 1309423.003100000321865, 4986694.755800000391901 ], [ 1312416.463600000366569, 4991089.790400000289083 ], [ 1313671.86089999973774, 4994675.331000000238419 ], [ 1322539.034900000318885, 5002671.044499999843538 ], [ 1339750.324400000274181, 5019532.887699999846518 ], [ 1345723.909, 5029896.0088 ] ] ] } },
{ "type": "Feature", "properties": { "OBJECTID_1": 436, "OBJECTID": 437, "Fault_ID": 206, "Name": "EarthquakeFlat - Tumunui", "Name_stat": "informal", "Lineage": "New", "Fault_stat": "A-LS", "DomainName": "Havre Trough - Taupo Rift", "Domain_No": 4, "Dip_pref": 60, "Dip_min": 45.0, "Dip_max": 75.0, "Dip_dir": "NW", "Dom_sense": "normal", "Sub_sense": null, "Rake_pref": -90, "Rake_minus": -110, "Rake_plus": -70, "SR_pref": 2.3, "SR_min": 1.1, "SR_max": 2.4, "SRT_pref": null, "SRT_min": null, "SRT_max": null, "SRT_gen": "10,000s yrs", "UpdDth_prf": 0.0, "UpdDth_min": 0.0, "UpdDth_max": 0.0, "Depth_Dfc": 12.2, "Method_Dfc": 1, "Depth_D90": 10.0, "Method_D90": 1.0, "QualCode": 2, "References": "Villamor and Coffey CFM compilation", "Comments": null, "CompiledBy": "P Villamor", "LastUpdate": "08/04/2021", "Shape_Leng": 19733.213298899998, "Shape_Le_1": 19733.213298899998 }, "geometry": { "type": "MultiLineString", "coordinates": [ [ [ 1885114.986999999731779, 5757601.757500000298023 ], [ 1889680.581000000238419, 5759465.520600000396371 ], [ 1892820.208599999547005, 5760128.4698 ], [ 1895421.971800000406802, 5761792.097199999727309 ], [ 1903264.786600000225008, 5765081.82660000026226 ] ] ] } },
{ "type": "Feature", "properties": { "OBJECTID_1": 67, "OBJECTID": 68, "Fault_ID": 187, "Name": "Edgecumbe 1987", "Name_stat": "published", "Lineage": "Modified", "Fault_stat": "A-LS", "DomainName": "Havre Trough - Taupo Rift", "Domain_No": 4, "Dip_pref": 50, "Dip_min": 40.0, "Dip_max": 60.0, "Dip_dir": "NW", "Dom_sense": "normal", "Sub_sense": null, "Rake_pref": -90, "Rake_minus": -110, "Rake_plus": -70, "SR_pref": 2.6, "SR_min": 1.2, "SR_max": 4.0, "SRT_pref": null, "SRT_min": null, "SRT_max": null, "SRT_gen": "1000s yrs", "UpdDth_prf": 0.0, "UpdDth_min": 0.0, "UpdDth_max": 0.0, "Depth_Dfc": 17.4, "Method_Dfc": 1, "Depth_D90": 12.3, "Method_D90": 1.0, "QualCode": 1, "References": "Abbott et al. 2017 (CR2017/13); Beanland et al. 1989, 1990; Begg and Mouslopoulou 2010; Mouslopoulou et al. 2007", "Comments": null, "CompiledBy": "P Villamor", "LastUpdate": "12/02/2021", "Shape_Leng": 19670.528810700001, "Shape_Le_1": 19670.528810700001 }, "geometry": { "type": "MultiLineString", "coordinates": [ [ [ 1940595.41399999987334, 5791243.486499999649823 ], [ 1937860.5466, 5789915.786999999545515 ], [ 1937510.295099999755621, 5788477.350599999539554 ], [ 1935798.707600000314415, 5787061.863199999555945 ], [ 1933510.964800000190735, 5785472.423999999649823 ], [ 1930927.12540000025183, 5783844.7741 ], [ 1928101.1256, 5781877.918600000441074 ], [ 1926285.210199999623001, 5781331.555800000205636 ], [ 1924888.624699999578297, 5780276.983199999667704 ] ] ] } },
{ "type": "Feature", "properties": { "OBJECTID_1": 875, "OBJECTID": 878, "Fault_ID": 182, "Name": "Edgecumbe Coastal", "Name_stat": "published", "Lineage": "Modified", "Fault_stat": "A-LS", "DomainName": "Havre Trough - Taupo Rift", "Domain_No": 4, "Dip_pref": 50, "Dip_min": 40.0, "Dip_max": 60.0, "Dip_dir": "NW", "Dom_sense": "normal", "Sub_sense": null, "Rake_pref": -90, "Rake_minus": -110, "Rake_plus": -70, "SR_pref": 3.2, "SR_min": 2.5, "SR_max": 4.0, "SRT_pref": null, "SRT_min": null, "SRT_max": null, "SRT_gen": null, "UpdDth_prf": 0.0, "UpdDth_min": 0.0, "UpdDth_max": 0.0, "Depth_Dfc": 17.1, "Method_Dfc": 1, "Depth_D90": 13.4, "Method_D90": 1.0, "QualCode": 3, "References": "Abbott et al. 2017 (CR2017/13)", "Comments": null, "CompiledBy": "P Villamor", "LastUpdate": "12/02/2021", "Shape_Leng": 7325.6982740399999, "Shape_Le_1": 7325.6982740399999 }, "geometry": { "type": "MultiLineString", "coordinates": [ [ [ 1940595.41399999987334, 5791243.486499999649823 ], [ 1946241.494800000451505, 5795911.2083 ] ] ] } },
{ "type": "Feature", "properties": { "OBJECTID_1": 858, "OBJECTID": 861, "Fault_ID": 694, "Name": "Edith", "Name_stat": "informal", "Lineage": "New", "Fault_stat": "N-PS", "DomainName": "Central Canterbury", "Domain_No": 18, "Dip_pref": 60, "Dip_min": 50.0, "Dip_max": 70.0, "Dip_dir": "W", "Dom_sense": "reverse", "Sub_sense": "dextral", "Rake_pref": 110, "Rake_minus": 90, "Rake_plus": 130, "SR_pref": 0.05, "SR_min": 0.025, "SR_max": 0.1, "SRT_pref": null, "SRT_min": null, "SRT_max": null, "SRT_gen": "≥ 1 Ma", "UpdDth_prf": 0.0, "UpdDth_min": 0.0, "UpdDth_max": 0.0, "Depth_Dfc": 26.8, "Method_Dfc": 1, "Depth_D90": 21.6, "Method_D90": 1.0, "QualCode": 3, "References": "Cox and Barrell 2007 (Aoraki QMAP);  this compilation", "Comments": "Basement rock with well-defined peneplain surface uplifted ~200 m to the west against peneplain remnants.  No known Quat offsets, nominal slip rate applied.", "CompiledBy": null, "LastUpdate": null, "Shape_Leng": 19345.722169500001, "Shape_Le_1": 19345.722169500001 }, "geometry": { "type": "MultiLineString", "coordinates": [ [ [ 1453404.9359, 5130958.7506 ], [ 1452313.527499999850988, 5132843.9106 ], [ 1451288.264999999664724, 5133571.51630000025034 ], [ 1449700.761800000444055, 5134993.654500000178814 ], [ 1447517.945000000298023, 5137573.347199999727309 ], [ 1445698.9309, 5141145.229299999773502 ], [ 1444243.719700000248849, 5144981.695299999788404 ], [ 1444409.084599999710917, 5147263.731200000271201 ] ] ] } },
{ "type": "Feature", "properties": { "OBJECTID_1": 391, "OBJECTID": 392, "Fault_ID": 584, "Name": "Elliott", "Name_stat": "published", "Lineage": "New", "Fault_stat": "A-LS", "DomainName": "Marlborough Fault System", "Domain_No": 14, "Dip_pref": 60, "Dip_min": 50.0, "Dip_max": 70.0, "Dip_dir": "NW", "Dom_sense": "dextral", "Sub_sense": "reverse", "Rake_pref": 160, "Rake_minus": 140, "Rake_plus": 180, "SR_pref": 1.0, "SR_min": 0.5, "SR_max": 1.5, "SRT_pref": null, "SRT_min": null, "SRT_max": null, "SRT_gen": "10,000s yrs", "UpdDth_prf": 0.0, "UpdDth_min": 0.0, "UpdDth_max": 0.0, "Depth_Dfc": 29.5, "Method_Dfc": 1, "Depth_D90": 24.6, "Method_D90": 1.0, "QualCode": 2, "References": "Kiechkefer 1979; Langridge et al. 2017b", "Comments": null, "CompiledBy": null, "LastUpdate": null, "Shape_Leng": 60701.908229699999, "Shape_Le_1": 60701.908229699999 }, "geometry": { "type": "MultiLineString", "coordinates": [ [ [ 1580466.68099999986589, 5305319.4008 ], [ 1584170.852300000376999, 5305086.6842 ], [ 1590481.534199999645352, 5304991.566499999724329 ], [ 1608371.75069999974221, 5307621.872700000181794 ], [ 1614111.318099999800324, 5312080.592400000430644 ], [ 1617331.239199999719858, 5314992.489900000393391 ], [ 1619653.26630000025034, 5316768.350999999791384 ], [ 1626628.480700000189245, 5324399.1053 ], [ 1630225.070000000298023, 5328176.785299999639392 ], [ 1632369.557300000451505, 5329480.406600000336766 ] ] ] } },
{ "type": "Feature", "properties": { "OBJECTID_1": 8, "OBJECTID": 9, "Fault_ID": 666, "Name": "Esk North", "Name_stat": "published", "Lineage": "Modified", "Fault_stat": "A-LS", "DomainName": "Central Canterbury", "Domain_No": 18, "Dip_pref": 55, "Dip_min": 40.0, "Dip_max": 70.0, "Dip_dir": "W", "Dom_sense": "reverse", "Sub_sense": "dextral", "Rake_pref": 110, "Rake_minus": 90, "Rake_plus": 130, "SR_pref": 0.55, "SR_min": 0.18, "SR_max": 0.9, "SRT_pref": null, "SRT_min": null, "SRT_max": null, "SRT_gen": "10,000s yrs", "UpdDth_prf": 0.0, "UpdDth_min": 0.0, "UpdDth_max": 0.0, "Depth_Dfc": 27.0, "Method_Dfc": 1, "Depth_D90": 22.2, "Method_D90": 1.0, "QualCode": 3, "References": "Noble 2011; Barrell and Townsend 2012 (CR2012/113)", "Comments": "Previously Esk2017. Need to check SR origin with David Barrell because is about half of site SR data.", "CompiledBy": "D Barrell", "LastUpdate": "12/02/2021", "Shape_Leng": 45827.282580899999, "Shape_Le_1": 45827.282580899999 }, "geometry": { "type": "MultiLineString", "coordinates": [ [ [ 1562466.750900000333786, 5281338.7906 ], [ 1562995.918700000271201, 5276080.186300000175834 ], [ 1563359.7215, 5273285.519299999810755 ], [ 1563011.7122, 5271474.577100000344217 ], [ 1561408.415500000119209, 5269068.713999999687076 ], [ 1558892.563699999824166, 5266518.3026 ], [ 1555833.312800000421703, 5264864.653400000184774 ], [ 1553683.568900000303984, 5257588.597199999727309 ], [ 1551400.347199999727309, 5253449.6343 ], [ 1547970.900100000202656, 5251615.478699999861419 ], [ 1546184.959099999628961, 5249432.661899999715388 ], [ 1543475.86089999973774, 5247158.443300000391901 ], [ 1541134.293700000271201, 5244737.500900000333786 ] ] ] } },
{ "type": "Feature", "properties": { "OBJECTID_1": 847, "OBJECTID": 850, "Fault_ID": 672, "Name": "Esk South", "Name_stat": "published", "Lineage": "New", "Fault_stat": "A-LS", "DomainName": "Central Canterbury", "Domain_No": 18, "Dip_pref": 45, "Dip_min": 35.0, "Dip_max": 55.0, "Dip_dir": "SE", "Dom_sense": "dextral", "Sub_sense": "reverse", "Rake_pref": 160, "Rake_minus": 140, "Rake_plus": 180, "SR_pref": 0.15, "SR_min": 0.1, "SR_max": 0.2, "SRT_pref": "20,000", "SRT_min": null, "SRT_max": null, "SRT_gen": "10,000s yrs", "UpdDth_prf": 0.0, "UpdDth_min": 0.0, "UpdDth_max": 0.0, "Depth_Dfc": 24.3, "Method_Dfc": 1, "Depth_D90": 18.9, "Method_D90": 1.0, "QualCode": 3, "References": "Mittelstaedt 2011", "Comments": "See UC theses by Mittelstadt and Noble c. 2011 for data. SR 3.4 m reverse dip slip on 21-23.3 k surface", "CompiledBy": "T Stahl, D Barrell", "LastUpdate": "12/02/2021", "Shape_Leng": 43424.07930450001, "Shape_Le_1": 43424.07930450001 }, "geometry": { "type": "MultiLineString", "coordinates": [ [ [ 1509552.7199, 5218135.899299999698997 ], [ 1509225.387799999676645, 5219738.05489999987185 ], [ 1509543.206399999558926, 5221315.928000000305474 ], [ 1510192.418800000101328, 5223062.483300000429153 ], [ 1515320.640100000426173, 5228269.24100000038743 ], [ 1521155.209300000220537, 5234050.346199999563396 ], [ 1525262.817099999636412, 5238417.884200000204146 ], [ 1526288.0795, 5242221.277200000360608 ], [ 1528570.115299999713898, 5244569.458999999798834 ], [ 1530058.399600000120699, 5245429.356499999761581 ], [ 1537896.69649999961257, 5246090.816200000233948 ] ] ] } },
{ "type": "Feature", "properties": { "OBJECTID_1": 494, "OBJECTID": 496, "Fault_ID": 708, "Name": "Falstone", "Name_stat": "published", "Lineage": "New", "Fault_stat": "N-PS", "DomainName": "Central Canterbury", "Domain_No": 18, "Dip_pref": 60, "Dip_min": 40.0, "Dip_max": 70.0, "Dip_dir": "W", "Dom_sense": "reverse", "Sub_sense": "dextral", "Rake_pref": 110, "Rake_minus": 90, "Rake_plus": 130, "SR_pref": 0.05, "SR_min": 0.01, "SR_max": 0.1, "SRT_pref": null, "SRT_min": null, "SRT_max": null, "SRT_gen": "≥ 1 Ma", "UpdDth_prf": 0.0, "UpdDth_min": 0.0, "UpdDth_max": 0.0, "Depth_Dfc": 25.6, "Method_Dfc": 1, "Depth_D90": 19.7, "Method_D90": 1.0, "QualCode": 3, "References": "Barrell 2016 (CR2015/166)", "Comments": "Major fault in bedrock, with the Benmore Range showing as much as ~1200 m uplift of the peneplain to the southwest. Nominal slip rates inferred. Similarity of strike to Waitangi Fault forms basis for inferring possible dextral component", "CompiledBy": "D Barrell", "LastUpdate": "12/02/2021", "Shape_Leng": 26834.332714799999, "Shape_Le_1": 26834.332714799999 }, "geometry": { "type": "MultiLineString", "coordinates": [ [ [ 1374055.972699999809265, 5066220.187300000339746 ], [ 1375378.892, 5071873.462500000372529 ], [ 1373772.867999999783933, 5080567.68819999974221 ], [ 1373907.805700000375509, 5085412.2188 ], [ 1373977.685100000351667, 5088565.267900000326335 ], [ 1372813.516099999658763, 5092586.942599999718368 ] ] ] } },
{ "type": "Feature", "properties": { "OBJECTID_1": 346, "OBJECTID": 347, "Fault_ID": 511, "Name": "Farewell", "Name_stat": "informal", "Lineage": "New", "Fault_stat": "A-LS", "DomainName": "Northwestern South Island", "Domain_No": 13, "Dip_pref": 60, "Dip_min": 50.0, "Dip_max": 70.0, "Dip_dir": "SE", "Dom_sense": "reverse", "Sub_sense": null, "Rake_pref": 90, "Rake_minus": 70, "Rake_plus": 110, "SR_pref": 0.1, "SR_min": 0.05, "SR_max": 0.2, "SRT_pref": "1 Ma", "SRT_min": null, "SRT_max": null, "SRT_gen": null, "UpdDth_prf": 0.0, "UpdDth_min": 0.0, "UpdDth_max": 0.0, "Depth_Dfc": 22.6, "Method_Dfc": 1, "Depth_D90": 17.2, "Method_D90": 1.0, "QualCode": 2, "References": "Barnes and Ghisetti 2016", "Comments": "Line work modified as per Ghisetti et al. CFM update", "CompiledBy": "F Ghisetti", "LastUpdate": "18/11/2020", "Shape_Leng": 65178.237401799997, "Shape_Le_1": 65178.237401799997 }, "geometry": { "type": "MultiLineString", "coordinates": [ [ [ 1532474.48340000025928, 5503118.866499999538064 ], [ 1538939.985399999655783, 5505735.603699999861419 ], [ 1546476.253499999642372, 5511256.3564 ], [ 1551447.060200000181794, 5514545.715800000354648 ], [ 1555849.122600000351667, 5518214.101099999621511 ], [ 1561626.8295, 5521057.099700000137091 ], [ 1567863.084599999710917, 5526192.839200000278652 ], [ 1571898.308400000445545, 5530044.643799999728799 ], [ 1575566.693799999542534, 5537106.2856 ], [ 1579235.07909999974072, 5545451.862300000153482 ] ] ] } },
{ "type": "Feature", "properties": { "OBJECTID_1": 224, "OBJECTID": 225, "Fault_ID": 714, "Name": "Fern Gully", "Name_stat": "published", "Lineage": "Modified", "Fault_stat": "A-LS", "DomainName": "Central Canterbury", "Domain_No": 18, "Dip_pref": 75, "Dip_min": 60.0, "Dip_max": 90.0, "Dip_dir": "SW", "Dom_sense": "sinistral", "Sub_sense": "reverse", "Rake_pref": 20, "Rake_minus": 0, "Rake_plus": 40, "SR_pref": 0.55, "SR_min": 0.4, "SR_max": 0.7, "SRT_pref": null, "SRT_min": null, "SRT_max": null, "SRT_gen": "10,000s yrs", "UpdDth_prf": 0.0, "UpdDth_min": 0.0, "UpdDth_max": 0.0, "Depth_Dfc": 24.8, "Method_Dfc": 1, "Depth_D90": 19.7, "Method_D90": 1.0, "QualCode": 3, "References": "Barrell et al. 2002; Barrell et al. 2009 (GSNZ Misc Publ 128B);  Litchfield et al. 2013, 2014; Barrell 2016 (CR2015/166)", "Comments": "SR and dips from Litchfield et al. 2013. Minor revision to linework. QC value of 3 reflects that investigation has only been undertaken on a limited sector of the fault source, which includes a series of seperately named fault entities", "CompiledBy": "D Barrell", "LastUpdate": "12/02/2021", "Shape_Leng": 35348.261844699999, "Shape_Le_1": 35348.261844699999 }, "geometry": { "type": "MultiLineString", "coordinates": [ [ [ 1389925.477400000207126, 5050319.6705 ], [ 1388749.0027, 5051534.7199 ], [ 1386066.757299999706447, 5053110.53899999987334 ], [ 1383476.245799999684095, 5055313.690899999812245 ], [ 1381624.158699999563396, 5055975.150600000284612 ], [ 1379772.071700000204146, 5056901.1941 ], [ 1378779.88219999987632, 5057231.923999999649823 ], [ 1376622.086900000460446, 5057289.042399999685585 ], [ 1374281.956600000150502, 5057860.310600000433624 ], [ 1373455.132000000216067, 5058554.843299999833107 ], [ 1369387.1551, 5059844.689600000157952 ], [ 1368328.81969999987632, 5060010.05449999962002 ], [ 1367336.630199999548495, 5060406.93030000012368 ], [ 1365153.813299999572337, 5064706.418100000359118 ], [ 1363500.164200000464916, 5066823.088999999687076 ], [ 1361729.750900000333786, 5068587.779900000430644 ] ] ] } },
{ "type": "Feature", "properties": { "OBJECTID_1": 9, "OBJECTID": 10, "Fault_ID": 582, "Name": "Fidget", "Name_stat": "published", "Lineage": "Modified", "Fault_stat": "A-LS", "DomainName": "Marlborough Fault System", "Domain_No": 14, "Dip_pref": 90, "Dip_min": 80.0, "Dip_max": 90.0, "Dip_dir": "Subvertical and variable", "Dom_sense": "dextral", "Sub_sense": null, "Rake_pref": 180, "Rake_minus": 160, "Rake_plus": -160, "SR_pref": 2.0, "SR_min": 1.0, "SR_max": 3.0, "SRT_pref": null, "SRT_min": null, "SRT_max": null, "SRT_gen": null, "UpdDth_prf": 0.0, "UpdDth_min": 0.0, "UpdDth_max": 0.0, "Depth_Dfc": 26.5, "Method_Dfc": 3, "Depth_D90": 21.5, "Method_D90": 1.0, "QualCode": 3, "References": "Litchfield et al. 2013, 2014; Robinson et al. 2011; Van Dissen 1989", "Comments": null, "CompiledBy": null, "LastUpdate": null, "Shape_Leng": 33300.176238499997, "Shape_Le_1": 33300.176238499997 }, "geometry": { "type": "MultiLineString", "coordinates": [ [ [ 1667518.067099999636412, 5339043.904799999669194 ], [ 1662007.965800000354648, 5337927.097900000400841 ], [ 1649577.696000000461936, 5333950.1979 ], [ 1642712.70409999974072, 5332884.735399999655783 ], [ 1635348.689500000327826, 5330704.784699999727309 ] ] ] } },
{ "type": "Feature", "properties": { "OBJECTID_1": 837, "OBJECTID": 840, "Fault_ID": 500, "Name": "Fisherman 1", "Name_stat": "published", "Lineage": "Unmodified", "Fault_stat": "A-LS", "DomainName": "Kapiti-Manawatu", "Domain_No": 12, "Dip_pref": 75, "Dip_min": 65.0, "Dip_max": 85.0, "Dip_dir": "NW", "Dom_sense": "reverse", "Sub_sense": null, "Rake_pref": 90, "Rake_minus": 70, "Rake_plus": 110, "SR_pref": 1.0, "SR_min": 0.6, "SR_max": 1.2, "SRT_pref": null, "SRT_min": null, "SRT_max": null, "SRT_gen": "100,000s yrs", "UpdDth_prf": 0.0, "UpdDth_min": 0.0, "UpdDth_max": 0.0, "Depth_Dfc": 34.0, "Method_Dfc": 1, "Depth_D90": 25.7, "Method_D90": 1.0, "QualCode": 3, "References": "Stirling et al. 2012; Litchfield et al. 2013, 2014", "Comments": null, "CompiledBy": "S Nodder, P Barnes", "LastUpdate": "08/01/2021", "Shape_Leng": 16456.086444, "Shape_Le_1": 16456.086444 }, "geometry": { "type": "MultiLineString", "coordinates": [ [ [ 1734782.7791, 5446993.44579999987036 ], [ 1742008.307199999690056, 5461778.388299999758601 ] ] ] } },
{ "type": "Feature", "properties": { "OBJECTID_1": 838, "OBJECTID": 841, "Fault_ID": 497, "Name": "Fisherman 2", "Name_stat": "published", "Lineage": "Unmodified", "Fault_stat": "A-LS", "DomainName": "Kapiti-Manawatu", "Domain_No": 12, "Dip_pref": 75, "Dip_min": 65.0, "Dip_max": 85.0, "Dip_dir": "NW", "Dom_sense": "reverse", "Sub_sense": null, "Rake_pref": 90, "Rake_minus": 70, "Rake_plus": 110, "SR_pref": 1.0, "SR_min": 0.6, "SR_max": 1.2, "SRT_pref": null, "SRT_min": null, "SRT_max": null, "SRT_gen": "100,000s yrs", "UpdDth_prf": 0.0, "UpdDth_min": 0.0, "UpdDth_max": 0.0, "Depth_Dfc": 34.2, "Method_Dfc": 1, "Depth_D90": 24.6, "Method_D90": 1.0, "QualCode": 3, "References": "Lamarche et al. 2005; Nodder et al. 2007; Stirling et al. 2012; Litchfield et al. 2013, 2014", "Comments": "Realigned", "CompiledBy": "S Nodder, P Barnes", "LastUpdate": "08/01/2021", "Shape_Leng": 32256.262438099999, "Shape_Le_1": 32256.262438099999 }, "geometry": { "type": "MultiLineString", "coordinates": [ [ [ 1742008.307199999690056, 5461778.388299999758601 ], [ 1748070.704199999570847, 5472636.03249999973923 ], [ 1760583.495000000111759, 5488007.8766 ] ] ] } },
{ "type": "Feature", "properties": { "OBJECTID_1": 839, "OBJECTID": 842, "Fault_ID": 494, "Name": "Fisherman 3", "Name_stat": "published", "Lineage": "Unmodified", "Fault_stat": "A-LS", "DomainName": "Kapiti-Manawatu", "Domain_No": 12, "Dip_pref": 75, "Dip_min": 65.0, "Dip_max": 85.0, "Dip_dir": "NW", "Dom_sense": "reverse", "Sub_sense": null, "Rake_pref": 90, "Rake_minus": 70, "Rake_plus": 110, "SR_pref": 0.35, "SR_min": 0.01, "SR_max": 1.5, "SRT_pref": null, "SRT_min": null, "SRT_max": null, "SRT_gen": "1000s yrs", "UpdDth_prf": 0.0, "UpdDth_min": 0.0, "UpdDth_max": 0.0, "Depth_Dfc": 39.2, "Method_Dfc": 1, "Depth_D90": 29.1, "Method_D90": 1.0, "QualCode": 1, "References": "Lamarche et al. 2005; Nodder et al. 2007; Litchfield et al. 2013, 2014", "Comments": "SR adopted from Nodder et al. (2007)", "CompiledBy": "S Nodder, P Barnes", "LastUpdate": "08/01/2021", "Shape_Leng": 30450.9526673, "Shape_Le_1": 30450.9526673 }, "geometry": { "type": "MultiLineString", "coordinates": [ [ [ 1774310.246500000357628, 5515499.396099999547005 ], [ 1772726.9353, 5510833.0378 ], [ 1767533.608300000429153, 5503373.24349999986589 ], [ 1766832.977900000289083, 5500124.483900000341237 ], [ 1765756.062199999578297, 5497052.20990000013262 ], [ 1763494.212299999780953, 5489952.0756 ], [ 1762037.451100000180304, 5488040.880900000222027 ] ] ] } },
{ "type": "Feature", "properties": { "OBJECTID_1": 323, "OBJECTID": 324, "Fault_ID": 847, "Name": "Five Fingers", "Name_stat": "published", "Lineage": "Unmodified", "Fault_stat": "A-LS", "DomainName": "Fiordland block", "Domain_No": 23, "Dip_pref": 80, "Dip_min": 70.0, "Dip_max": 90.0, "Dip_dir": "SE", "Dom_sense": "normal", "Sub_sense": null, "Rake_pref": -90, "Rake_minus": -110, "Rake_plus": -70, "SR_pref": 0.3, "SR_min": 0.1, "SR_max": 0.5, "SRT_pref": null, "SRT_min": null, "SRT_max": null, "SRT_gen": null, "UpdDth_prf": 0.0, "UpdDth_min": 0.0, "UpdDth_max": 0.0, "Depth_Dfc": 20.4, "Method_Dfc": 3, "Depth_D90": 20.4, "Method_D90": 3.0, "QualCode": 3, "References": "Litchfield et al. 2013, 2014; Barnes et al. 2005", "Comments": "Extended north - geomorphology indicates continuity of structure", "CompiledBy": "D Barrell", "LastUpdate": "12/02/2021", "Shape_Leng": 43739.122656599997, "Shape_Le_1": 43739.122656599997 }, "geometry": { "type": "MultiLineString", "coordinates": [ [ [ 1097983.677199999801815, 4931513.468100000172853 ], [ 1097619.8744, 4921889.230100000277162 ], [ 1087947.056200000457466, 4909400.862499999813735 ], [ 1075398.3706, 4896064.833599999547005 ] ] ] } },
{ "type": "Feature", "properties": { "OBJECTID_1": 376, "OBJECTID": 377, "Fault_ID": 790, "Name": "Flat Stream - Glenpark", "Name_stat": "published", "Lineage": "New", "Fault_stat": "N-PS", "DomainName": "Otago", "Domain_No": 20, "Dip_pref": 45, "Dip_min": 30.0, "Dip_max": 60.0, "Dip_dir": "NW", "Dom_sense": "reverse", "Sub_sense": "dextral", "Rake_pref": 110, "Rake_minus": 90, "Rake_plus": 130, "SR_pref": 0.05, "SR_min": 0.01, "SR_max": 0.1, "SRT_pref": null, "SRT_min": null, "SRT_max": null, "SRT_gen": "≥ 1 Ma", "UpdDth_prf": 0.0, "UpdDth_min": 0.0, "UpdDth_max": 0.0, "Depth_Dfc": 24.2, "Method_Dfc": 1, "Depth_D90": 20.6, "Method_D90": 1.0, "QualCode": 3, "References": "Villamor et al. 2018 (GNS MS 124); Barrell 2021 (CR2020/88)", "Comments": "Fault(s) in bedrock, peneplain offset  typically ~50-100 m but locally as much as 200 m (Barrell 2020). No recognised evidence for Late Quaternary movement, and nominal slip rates inferred.", "CompiledBy": "D Barrell", "LastUpdate": "12/02/2021", "Shape_Leng": 45655.005125399999, "Shape_Le_1": 45655.005125399999 }, "geometry": { "type": "MultiLineString", "coordinates": [ [ [ 1384670.667399999685585, 4937786.996299999766052 ], [ 1395216.37569999974221, 4941108.251899999566376 ], [ 1398513.451299999840558, 4947703.031600000336766 ], [ 1404750.062300000339746, 4952163.792299999855459 ], [ 1414057.68680000025779, 4963195.881699999794364 ], [ 1418005.910699999891222, 4966461.844600000418723 ] ] ] } },
{ "type": "Feature", "properties": { "OBJECTID_1": 29, "OBJECTID": 30, "Fault_ID": 521, "Name": "Flaxmore - Waimea - Tahunanui", "Name_stat": "published", "Lineage": "Modified", "Fault_stat": "A-LS", "DomainName": "Northwestern South Island", "Domain_No": 13, "Dip_pref": 65, "Dip_min": 50.0, "Dip_max": 70.0, "Dip_dir": "SE", "Dom_sense": "reverse", "Sub_sense": null, "Rake_pref": 90, "Rake_minus": 70, "Rake_plus": 110, "SR_pref": 0.21, "SR_min": 0.16, "SR_max": 0.27, "SRT_pref": "20 000", "SRT_min": null, "SRT_max": null, "SRT_gen": "10,000s yrs", "UpdDth_prf": 0.0, "UpdDth_min": 0.0, "UpdDth_max": 0.0, "Depth_Dfc": 27.5, "Method_Dfc": 1, "Depth_D90": 22.3, "Method_D90": 1.0, "QualCode": 1, "References": "Litchfield et al. 2013, 2014;  Ghisetti, Johnston and Wopereis 2020; Fraser et al. 2006", "Comments": "Previously Waimea South. Paleoseismic trenches last rupture for both Waimea and Flaxmore. SR unchanged from Litchfield et al. (2014)", "CompiledBy": "F Ghisetti", "LastUpdate": "12/02/2021", "Shape_Leng": 115577.098016, "Shape_Le_1": 115577.098016 }, "geometry": { "type": "MultiLineString", "coordinates": [ [ [ 1566348.518400000408292, 5355627.285799999721348 ], [ 1571338.280399999581277, 5361047.7319 ], [ 1575704.2582, 5366778.568799999542534 ], [ 1579057.391699999570847, 5370131.7023 ], [ 1583408.2368, 5373487.393299999646842 ], [ 1590071.601099999621511, 5386602.4698 ], [ 1594577.98369999974966, 5401659.322200000286102 ], [ 1602698.080500000156462, 5411556.0707 ], [ 1608526.86089999973774, 5416346.792999999597669 ], [ 1616265.3602, 5422139.5784 ], [ 1619845.251199999824166, 5426051.6513 ], [ 1621181.8048, 5430761.222500000149012 ], [ 1634342.8733, 5445992.480100000277162 ] ] ] } },
{ "type": "Feature", "properties": { "OBJECTID_1": 10, "OBJECTID": 11, "Fault_ID": 585, "Name": "Fowlers", "Name_stat": "published", "Lineage": "Modified", "Fault_stat": "A-LS", "DomainName": "Marlborough Fault System", "Domain_No": 14, "Dip_pref": 90, "Dip_min": 80.0, "Dip_max": 90.0, "Dip_dir": "Subvertical and variable", "Dom_sense": "dextral", "Sub_sense": null, "Rake_pref": 180, "Rake_minus": 160, "Rake_plus": -160, "SR_pref": 0.5, "SR_min": 0.3, "SR_max": 1.0, "SRT_pref": null, "SRT_min": null, "SRT_max": null, "SRT_gen": null, "UpdDth_prf": 0.0, "UpdDth_min": 0.0, "UpdDth_max": 0.0, "Depth_Dfc": 27.9, "Method_Dfc": 1, "Depth_D90": 23.6, "Method_D90": 1.0, "QualCode": 3, "References": "Langridge 2004; Stirling et al. 2012", "Comments": null, "CompiledBy": null, "LastUpdate": null, "Shape_Leng": 83933.922340999998, "Shape_Le_1": 83933.922340999998 }, "geometry": { "type": "MultiLineString", "coordinates": [ [ [ 1605969.3092, 5329470.279500000178814 ], [ 1601705.6458, 5325018.354899999685585 ], [ 1586746.623800000175834, 5319716.131799999624491 ], [ 1580515.734199999831617, 5315781.3065 ], [ 1572026.066599999554455, 5315020.227900000289083 ], [ 1544795.4956, 5308030.34499999973923 ], [ 1537706.839800000190735, 5304999.8361 ], [ 1527558.1305, 5304164.602 ] ] ] } },
{ "type": "Feature", "properties": { "OBJECTID_1": 11, "OBJECTID": 12, "Fault_ID": 689, "Name": "Fox Peak", "Name_stat": "published", "Lineage": "Modified", "Fault_stat": "A-LS", "DomainName": "Central Canterbury", "Domain_No": 18, "Dip_pref": 45, "Dip_min": 40.0, "Dip_max": 55.0, "Dip_dir": "W", "Dom_sense": "reverse", "Sub_sense": "dextral", "Rake_pref": 110, "Rake_minus": 90, "Rake_plus": 130, "SR_pref": 0.9, "SR_min": 0.44, "SR_max": 1.8, "SRT_pref": null, "SRT_min": null, "SRT_max": null, "SRT_gen": "10,000s yrs", "UpdDth_prf": 0.0, "UpdDth_min": 0.0, "UpdDth_max": 0.0, "Depth_Dfc": 26.3, "Method_Dfc": 1, "Depth_D90": 21.2, "Method_D90": 1.0, "QualCode": 2, "References": "Stahl et al. 2016a,b", "Comments": "Previously FoxPk2017 (Goded et al. 2018)", "CompiledBy": null, "LastUpdate": null, "Shape_Leng": 56404.893291799999, "Shape_Le_1": 56404.893291799999 }, "geometry": { "type": "MultiLineString", "coordinates": [ [ [ 1431307.925699999555945, 5170615.628700000233948 ], [ 1426556.316800000146031, 5156601.908900000154972 ], [ 1427323.424700000323355, 5152917.1108 ], [ 1426126.735100000165403, 5147328.869300000369549 ], [ 1425774.964700000360608, 5140280.530600000172853 ], [ 1414724.652200000360608, 5123307.800099999643862 ], [ 1413519.638899999670684, 5118642.2006 ] ] ] } },
{ "type": "Feature", "properties": { "OBJECTID_1": 630, "OBJECTID": 632, "Fault_ID": 356, "Name": "Gable End North", "Name_stat": "published", "Lineage": "Modified", "Fault_stat": "A-LS", "DomainName": "Hikurangi accretionary margin", "Domain_No": 7, "Dip_pref": 40, "Dip_min": 30.0, "Dip_max": 50.0, "Dip_dir": "NW", "Dom_sense": "reverse", "Sub_sense": null, "Rake_pref": 90, "Rake_minus": 70, "Rake_plus": 110, "SR_pref": 6.0, "SR_min": 4.0, "SR_max": 8.0, "SRT_pref": null, "SRT_min": null, "SRT_max": null, "SRT_gen": "1000s yrs", "UpdDth_prf": 0.0, "UpdDth_min": 0.0, "UpdDth_max": 0.0, "Depth_Dfc": 13.1, "Method_Dfc": 3, "Depth_D90": 13.1, "Method_D90": 3.0, "QualCode": 1, "References": "Mountjoy and Barnes 2011; Litchfield et al. 2020a; Wilson et al. 2006", "Comments": "Structure from Litchfield et al. (2020)., Rates from Mountjoy & Barnes (2011) & Litchfield et al (2014)", "CompiledBy": "J Mountjoy", "LastUpdate": "21/12/2020", "Shape_Leng": 29075.1701345, "Shape_Le_1": 29075.1701345 }, "geometry": { "type": "MultiLineString", "coordinates": [ [ [ 2073584.5499, 5707947.9704 ], [ 2073532.4199, 5716415.833599999547005 ], [ 2072858.633600000292063, 5719415.273900000378489 ], [ 2072870.786600000225008, 5728684.411899999715388 ], [ 2073927.915, 5732219.775399999693036 ], [ 2075923.33559999987483, 5736335.330400000326335 ] ] ] } },
{ "type": "Feature", "properties": { "OBJECTID_1": 631, "OBJECTID": 633, "Fault_ID": 360, "Name": "Gable End South", "Name_stat": "published", "Lineage": "Modified", "Fault_stat": "A-LS", "DomainName": "Hikurangi accretionary margin", "Domain_No": 7, "Dip_pref": 40, "Dip_min": 30.0, "Dip_max": 50.0, "Dip_dir": "NW", "Dom_sense": "reverse", "Sub_sense": null, "Rake_pref": 90, "Rake_minus": 70, "Rake_plus": 110, "SR_pref": 3.8, "SR_min": 2.4, "SR_max": 5.6, "SRT_pref": null, "SRT_min": null, "SRT_max": null, "SRT_gen": "10,000s yrs", "UpdDth_prf": 0.0, "UpdDth_min": 0.0, "UpdDth_max": 0.0, "Depth_Dfc": 15.5, "Method_Dfc": 3, "Depth_D90": 15.5, "Method_D90": 3.0, "QualCode": 1, "References": "Mountjoy and Barnes 2011; Litchfield et al. 2020a", "Comments": "Structure from Litchfield et al. (2020)., Rates from Mountjoy & Barnes (2011) & Litchfield et al (2014)", "CompiledBy": "J Mountjoy", "LastUpdate": "21/12/2020", "Shape_Leng": 21087.697715800001, "Shape_Le_1": 21087.697715800001 }, "geometry": { "type": "MultiLineString", "coordinates": [ [ [ 2059767.132500000298023, 5709833.8481 ], [ 2055672.5152000002563, 5709516.9869 ], [ 2049282.861499999649823, 5706196.0718 ], [ 2041729.931599999777973, 5699983.494599999859929 ] ] ] } },
{ "type": "Feature", "properties": { "OBJECTID_1": 477, "OBJECTID": 479, "Fault_ID": 780, "Name": "Galloway", "Name_stat": "informal", "Lineage": "New", "Fault_stat": "N-PS", "DomainName": "Otago", "Domain_No": 20, "Dip_pref": 45, "Dip_min": 30.0, "Dip_max": 60.0, "Dip_dir": "SE", "Dom_sense": "reverse", "Sub_sense": "dextral", "Rake_pref": 110, "Rake_minus": 90, "Rake_plus": 130, "SR_pref": 0.1, "SR_min": 0.01, "SR_max": 0.2, "SRT_pref": null, "SRT_min": null, "SRT_max": null, "SRT_gen": "10,000s yrs", "UpdDth_prf": 0.0, "UpdDth_min": 0.0, "UpdDth_max": 0.0, "Depth_Dfc": 30.2, "Method_Dfc": 1, "Depth_D90": 24.2, "Method_D90": 1.0, "QualCode": 3, "References": "Barrell 2019 (CR2018/207)", "Comments": "Array of faults in bedrock, peneplain offsets. Fault source near NW side of fault array (Blackmans Fault- Galloway Fault). Possible scarp on alluvial fan defines pref SR. Min SR recognises scarp may not be tectonic, max recognises difficult preservation", "CompiledBy": "D Barrell", "LastUpdate": "18/11/2020", "Shape_Leng": 23099.3021181, "Shape_Le_1": 23099.3021181 }, "geometry": { "type": "MultiLineString", "coordinates": [ [ [ 1307412.16579999960959, 4979466.3246 ], [ 1308523.417999999597669, 4980895.077499999664724 ], [ 1310481.338600000366569, 4982059.246500000357628 ], [ 1313815.095200000330806, 4982694.2478 ], [ 1316037.599700000137091, 4982641.331000000238419 ], [ 1317254.685399999842048, 4983170.498700000345707 ], [ 1319371.356300000101328, 4984334.667700000107288 ], [ 1321329.2769, 4986133.838000000454485 ], [ 1322652.19620000012219, 4987086.3399 ], [ 1324874.7007, 4988197.5921 ], [ 1326303.453499999828637, 4989150.093999999575317 ], [ 1327097.2051, 4989996.762400000356138 ] ] ] } },
{ "type": "Feature", "properties": { "OBJECTID_1": 496, "OBJECTID": 498, "Fault_ID": 774, "Name": "Garibaldi", "Name_stat": "published", "Lineage": "New", "Fault_stat": "N-PS", "DomainName": "Otago", "Domain_No": 20, "Dip_pref": 45, "Dip_min": 30.0, "Dip_max": 60.0, "Dip_dir": "NW", "Dom_sense": "reverse", "Sub_sense": "dextral", "Rake_pref": 110, "Rake_minus": 90, "Rake_plus": 130, "SR_pref": 0.05, "SR_min": 0.01, "SR_max": 0.1, "SRT_pref": null, "SRT_min": null, "SRT_max": null, "SRT_gen": "≥ 1 Ma", "UpdDth_prf": 0.0, "UpdDth_min": 0.0, "UpdDth_max": 0.0, "Depth_Dfc": 26.2, "Method_Dfc": 1, "Depth_D90": 21.5, "Method_D90": 1.0, "QualCode": 3, "References": "Bishop 1979 (Ranfurly geol map); Barrell 2019 (CR2018/207)", "Comments": "Fault in bedrock, peneplain offset of several hundred metres. NZAFM included in Gimmerburn, independent source is suggested here, given the fault's length, sizeable offset. Nominal slip rates inferred (no known Late Quaternary scarps).", "CompiledBy": "D Barrell", "LastUpdate": "18/11/2020", "Shape_Leng": 33021.175063000002, "Shape_Le_1": 33021.175063000002 }, "geometry": { "type": "MultiLineString", "coordinates": [ [ [ 1347419.3914, 4988737.483799999579787 ], [ 1349073.040500000119209, 4989795.819199999794364 ], [ 1353306.382299999706447, 4995550.518199999816716 ], [ 1355489.199199999682605, 4999717.714100000448525 ], [ 1360185.562699999660254, 5009375.025000000372529 ], [ 1365477.240000000223517, 5015989.621600000187755 ] ] ] } },
{ "type": "Feature", "properties": { "OBJECTID_1": 476, "OBJECTID": 478, "Fault_ID": 816, "Name": "Garvie", "Name_stat": "published", "Lineage": "New", "Fault_stat": "N-PS", "DomainName": "Southern South Island", "Domain_No": 21, "Dip_pref": 45, "Dip_min": 30.0, "Dip_max": 60.0, "Dip_dir": "SE", "Dom_sense": "reverse", "Sub_sense": "dextral", "Rake_pref": 110, "Rake_minus": 90, "Rake_plus": 130, "SR_pref": 0.05, "SR_min": 0.01, "SR_max": 0.1, "SRT_pref": null, "SRT_min": null, "SRT_max": null, "SRT_gen": "≥ 1 Ma", "UpdDth_prf": 0.0, "UpdDth_min": 0.0, "UpdDth_max": 0.0, "Depth_Dfc": 33.0, "Method_Dfc": 1, "Depth_D90": 27.1, "Method_D90": 1.0, "QualCode": 3, "References": "Barrell 2019 (CR2018/207)", "Comments": "Fault in bedrock, peneplain offset; nominal slip rates inferred (no known Late Quaternary scarps)", "CompiledBy": "D Barrell", "LastUpdate": "18/11/2020", "Shape_Leng": 56239.564208900003, "Shape_Le_1": 56239.564208900003 }, "geometry": { "type": "MultiLineString", "coordinates": [ [ [ 1263742.423000000417233, 4930150.659 ], [ 1264562.63289999961853, 4935336.5027 ], [ 1267817.014399999752641, 4940707.555100000463426 ], [ 1271379.147599999792874, 4944658.75870000012219 ], [ 1274391.779900000430644, 4952522.6606 ], [ 1276598.032100000418723, 4956015.893299999646842 ], [ 1278463.348299999721348, 4959627.463000000454485 ], [ 1283503.67090000025928, 4972025.862800000235438 ], [ 1289059.932, 4979592.96129999961704 ] ] ] } },
{ "type": "Feature", "properties": { "OBJECTID_1": 493, "OBJECTID": 495, "Fault_ID": 711, "Name": "Gibson", "Name_stat": "published", "Lineage": "New", "Fault_stat": "N-PS", "DomainName": "Central Canterbury", "Domain_No": 18, "Dip_pref": 45, "Dip_min": 30.0, "Dip_max": 60.0, "Dip_dir": "W", "Dom_sense": "reverse", "Sub_sense": null, "Rake_pref": 90, "Rake_minus": 70, "Rake_plus": 110, "SR_pref": 0.05, "SR_min": 0.01, "SR_max": 0.1, "SRT_pref": null, "SRT_min": null, "SRT_max": null, "SRT_gen": "≥ 1 Ma", "UpdDth_prf": 0.0, "UpdDth_min": 0.0, "UpdDth_max": 0.0, "Depth_Dfc": 25.3, "Method_Dfc": 1, "Depth_D90": 19.4, "Method_D90": 1.0, "QualCode": 3, "References": "Barrell 2016 (CR2015/166)", "Comments": "Major fault in bedrock, with uplift of unnamed range north of the Aviemore basin, with offset of the peneplain of typically as much as ~500 m. There is no recognised Late Quaternary deformation.", "CompiledBy": "D Barrell", "LastUpdate": "18/11/2020", "Shape_Leng": 29202.536660999998, "Shape_Le_1": 29202.536660999998 }, "geometry": { "type": "MultiLineString", "coordinates": [ [ [ 1382067.572100000455976, 5057072.641200000420213 ], [ 1384925.0778, 5063065.465699999593198 ], [ 1385044.14049999974668, 5066200.7845 ], [ 1386591.9561, 5068423.28899999987334 ], [ 1388338.209599999710917, 5070645.793399999849498 ], [ 1388973.210900000296533, 5072630.172399999573827 ], [ 1388716.560200000181794, 5076529.0197 ], [ 1388814.46059999987483, 5077868.932799999602139 ], [ 1384925.0778, 5083147.380900000222027 ] ] ] } },
{ "type": "Feature", "properties": { "OBJECTID_1": 51, "OBJECTID": 52, "Fault_ID": 775, "Name": "Gimmerburn", "Name_stat": "published", "Lineage": "Modified", "Fault_stat": "A-LS", "DomainName": "Otago", "Domain_No": 20, "Dip_pref": 45, "Dip_min": 30.0, "Dip_max": 60.0, "Dip_dir": "NW", "Dom_sense": "reverse", "Sub_sense": "dextral", "Rake_pref": 110, "Rake_minus": 90, "Rake_plus": 130, "SR_pref": 0.4, "SR_min": 0.1, "SR_max": 0.6, "SRT_pref": "18 000", "SRT_min": "18 000", "SRT_max": "500 000", "SRT_gen": "10,000s yrs", "UpdDth_prf": 0.0, "UpdDth_min": 0.0, "UpdDth_max": 0.0, "Depth_Dfc": 26.1, "Method_Dfc": 1, "Depth_D90": 21.3, "Method_D90": 1.0, "QualCode": 3, "References": "Bennett et al. 2005; Litchfield et al. 2013, 2014; Barrell 2019 (CR2018/207)", "Comments": "Complex stepping fault zone; of the order of ~400 m offset of peneplain. Surface exposure dating implies ~60 m uplift since ~500 ka; uplift rate on 45 deg fault gives min SR of ~0.1 mm/yr. Preferred SR based on ~5 m scarp on estimate 18 ka fan", "CompiledBy": "D Barrell", "LastUpdate": "18/11/2020", "Shape_Leng": 43900.058131400001, "Shape_Le_1": 43900.058131400001 }, "geometry": { "type": "MultiLineString", "coordinates": [ [ [ 1370011.54590000025928, 5013319.9704 ], [ 1365804.662499999627471, 5007446.208700000308454 ], [ 1359375.274600000120699, 4994746.183299999684095 ], [ 1358343.397599999792874, 4987364.293499999679625 ], [ 1353819.013500000350177, 4973076.764899999834597 ] ] ] } },
{ "type": "Feature", "properties": { "OBJECTID_1": 395, "OBJECTID": 396, "Fault_ID": 5, "Name": "Glenbrook", "Name_stat": "published", "Lineage": "New", "Fault_stat": "N-PS", "DomainName": "North Waikato - South Auckland", "Domain_No": 2, "Dip_pref": 65, "Dip_min": 50.0, "Dip_max": 80.0, "Dip_dir": "SE", "Dom_sense": "normal", "Sub_sense": null, "Rake_pref": -90, "Rake_minus": -110, "Rake_plus": -70, "SR_pref": 0.04, "SR_min": 0.0, "SR_max": 0.08, "SRT_pref": null, "SRT_min": "125 000", "SRT_max": "1 Ma", "SRT_gen": null, "UpdDth_prf": 0.0, "UpdDth_min": 0.0, "UpdDth_max": 0.0, "Depth_Dfc": 22.8, "Method_Dfc": 1, "Depth_D90": 17.1, "Method_D90": 1.0, "QualCode": 3, "References": "Townsend and Bland CFM compilation", "Comments": null, "CompiledBy": null, "LastUpdate": null, "Shape_Leng": 12485.896379600001, "Shape_Le_1": 12485.896379600001 }, "geometry": { "type": "MultiLineString", "coordinates": [ [ [ 1749687.623200000263751, 5885370.929399999789894 ], [ 1752701.017, 5886152.4238 ], [ 1755148.417700000107288, 5887409.197200000286102 ], [ 1757860.402300000190735, 5888335.2407 ], [ 1761513.108900000341237, 5889209.4221 ] ] ] } },
{ "type": "Feature", "properties": { "OBJECTID_1": 470, "OBJECTID": 472, "Fault_ID": 768, "Name": "Goodger", "Name_stat": "published", "Lineage": "New", "Fault_stat": "N-PS", "DomainName": "Otago", "Domain_No": 20, "Dip_pref": 60, "Dip_min": 40.0, "Dip_max": 70.0, "Dip_dir": "SE", "Dom_sense": "reverse", "Sub_sense": "dextral", "Rake_pref": 110, "Rake_minus": 90, "Rake_plus": 130, "SR_pref": 0.05, "SR_min": 0.01, "SR_max": 0.1, "SRT_pref": null, "SRT_min": null, "SRT_max": null, "SRT_gen": "≥ 1 Ma", "UpdDth_prf": 0.0, "UpdDth_min": 0.0, "UpdDth_max": 0.0, "Depth_Dfc": 26.6, "Method_Dfc": 1, "Depth_D90": 22.1, "Method_D90": 1.0, "QualCode": 5, "References": "Barrell 2019 (CR2018/207)", "Comments": "Fault in bedrock, peneplain offset; nominal slip rates inferred (no known Late Quaternary scarps)", "CompiledBy": "D Barrell", "LastUpdate": "18/11/2020", "Shape_Leng": 20644.379390300001, "Shape_Le_1": 20644.379390300001 }, "geometry": { "type": "MultiLineString", "coordinates": [ [ [ 1311782.319500000216067, 5037136.346199999563396 ], [ 1319918.273199999704957, 5042626.461400000378489 ], [ 1324746.9287, 5044081.672600000165403 ], [ 1330435.481800000183284, 5045140.008100000210106 ] ] ] } },
{ "type": "Feature", "properties": { "OBJECTID_1": 861, "OBJECTID": 864, "Fault_ID": 705, "Name": "Grampian", "Name_stat": "informal", "Lineage": "New", "Fault_stat": "N-PS", "DomainName": "Central Canterbury", "Domain_No": 18, "Dip_pref": 45, "Dip_min": 30.0, "Dip_max": 60.0, "Dip_dir": "W", "Dom_sense": "reverse", "Sub_sense": null, "Rake_pref": 90, "Rake_minus": 70, "Rake_plus": 110, "SR_pref": 0.05, "SR_min": 0.01, "SR_max": 0.1, "SRT_pref": null, "SRT_min": null, "SRT_max": null, "SRT_gen": "≥ 1 Ma", "UpdDth_prf": 0.0, "UpdDth_min": 0.0, "UpdDth_max": 0.0, "Depth_Dfc": 25.9, "Method_Dfc": 1, "Depth_D90": 19.6, "Method_D90": 1.0, "QualCode": 5, "References": "Barrell CFM compilation", "Comments": "Major ~N-striking fault in bedrock, that has uplifted the Grampian Mountains that separate Hakatarmea valley from Mackenzie basin, with peneplain offset of as much as ~1000 m. No evidence for LQ offset, nominal slip rates assigned.", "CompiledBy": "D Barrell", "LastUpdate": "12/02/2021", "Shape_Leng": 31180.680944899999, "Shape_Le_1": 31180.680944899999 }, "geometry": { "type": "MultiLineString", "coordinates": [ [ [ 1398411.7127, 5101313.714800000190735 ], [ 1401798.386199999600649, 5099302.877399999648333 ], [ 1404814.642199999652803, 5094857.86849999986589 ], [ 1407098.08739999961108, 5087752.904 ], [ 1406965.7955, 5084710.189600000157952 ], [ 1405973.605999999679625, 5082791.956600000150502 ], [ 1397837.652200000360608, 5078492.4688 ] ] ] } },
{ "type": "Feature", "properties": { "OBJECTID_1": 44, "OBJECTID": 45, "Fault_ID": 767, "Name": "Grandview", "Name_stat": "published", "Lineage": "Modified", "Fault_stat": "A-LS", "DomainName": "Otago", "Domain_No": 20, "Dip_pref": 60, "Dip_min": 40.0, "Dip_max": 70.0, "Dip_dir": "E", "Dom_sense": "reverse", "Sub_sense": "sinistral", "Rake_pref": 70, "Rake_minus": 50, "Rake_plus": 90, "SR_pref": 0.1, "SR_min": 0.1, "SR_max": 0.4, "SRT_pref": null, "SRT_min": null, "SRT_max": null, "SRT_gen": "100,000s yrs", "UpdDth_prf": 0.0, "UpdDth_min": 0.0, "UpdDth_max": 0.0, "Depth_Dfc": 26.9, "Method_Dfc": 1, "Depth_D90": 22.4, "Method_D90": 1.0, "QualCode": 4, "References": "Barrell 2019 (CR2018/207), and references therein", "Comments": "pref SR of 0.1 mm/yr retained, as no surface rupture since ~30 ka but 80 m deformation of lake silts, of age estimate in range of ~150 ka to ~450 ka, 330 ka preferred (Barrell 2019).", "CompiledBy": "D Barrell", "LastUpdate": "18/11/2020", "Shape_Leng": 29414.934027800002, "Shape_Le_1": 29414.934027800002 }, "geometry": { "type": "MultiLineString", "coordinates": [ [ [ 1306027.620400000363588, 5058501.49309999961406 ], [ 1306728.426300000399351, 5046678.565100000239909 ], [ 1310260.9622, 5037599.367999999783933 ], [ 1310988.567900000140071, 5034424.361600000411272 ], [ 1311253.151700000278652, 5029860.29 ] ] ] } },
{ "type": "Feature", "properties": { "OBJECTID_1": 383, "OBJECTID": 384, "Fault_ID": 802, "Name": "Green Island", "Name_stat": "published", "Lineage": "New", "Fault_stat": "A-LS", "DomainName": "Otago", "Domain_No": 20, "Dip_pref": 45, "Dip_min": 30.0, "Dip_max": 60.0, "Dip_dir": "SE", "Dom_sense": "reverse", "Sub_sense": "dextral", "Rake_pref": 110, "Rake_minus": 90, "Rake_plus": 130, "SR_pref": 1.2, "SR_min": 0.05, "SR_max": 6.0, "SRT_pref": "1000s yrs", "SRT_min": "100,000s yrs", "SRT_max": "100s yrs", "SRT_gen": null, "UpdDth_prf": 0.0, "UpdDth_min": 0.0, "UpdDth_max": 0.0, "Depth_Dfc": 27.7, "Method_Dfc": 1, "Depth_D90": 24.6, "Method_D90": 1.0, "QualCode": 2, "References": "Villamor et al. 2018 (GNS MS 124)", "Comments": "Barrell 2020 suggested that recency of trace on GIF suggests association with Holocene Akatore rupture (triggered?). Holocene net amount (4.8 to 7.4 m - median 6.1 m) from Taylor-Silva et al. 2020 applied over 5 ka timeframe.", "CompiledBy": "D Barrell", "LastUpdate": "12/02/2021", "Shape_Leng": 17553.656984599998, "Shape_Le_1": 17553.656984599998 }, "geometry": { "type": "MultiLineString", "coordinates": [ [ [ 1388916.2834, 4902391.2017 ], [ 1389590.972199999727309, 4903343.703599999658763 ], [ 1390375.086799999698997, 4903686.42960000038147 ], [ 1392937.957100000232458, 4904329.174200000241399 ], [ 1394591.607200000435114, 4905209.019799999892712 ], [ 1396638.777300000190735, 4905749.934999999590218 ], [ 1398322.239699999801815, 4906359.959599999710917 ], [ 1398914.5855, 4907307.473399999551475 ], [ 1399289.982900000177324, 4907690.424800000153482 ], [ 1399800.594499999657273, 4907892.371399999596179 ], [ 1400569.561300000175834, 4908102.62459999974817 ], [ 1401417.870900000445545, 4908264.963399999774992 ], [ 1401973.497000000439584, 4909257.152900000102818 ], [ 1402324.4907, 4909827.306400000117719 ], [ 1403203.812, 4910963.7188 ] ] ] } },
{ "type": "Feature", "properties": { "OBJECTID_1": 305, "OBJECTID": 306, "Fault_ID": 664, "Name": "Greendale", "Name_stat": "published", "Lineage": "Unmodified", "Fault_stat": "A-LS", "DomainName": "Northeastern Canterbury", "Domain_No": 17, "Dip_pref": 85, "Dip_min": 75.0, "Dip_max": 90.0, "Dip_dir": "S", "Dom_sense": "dextral", "Sub_sense": "reverse", "Rake_pref": 160, "Rake_minus": 140, "Rake_plus": 180, "SR_pref": 0.2, "SR_min": 0.05, "SR_max": 0.4, "SRT_pref": null, "SRT_min": null, "SRT_max": null, "SRT_gen": "10,000s yrs", "UpdDth_prf": 0.0, "UpdDth_min": 0.0, "UpdDth_max": 0.0, "Depth_Dfc": 22.6, "Method_Dfc": 1, "Depth_D90": 15.4, "Method_D90": 1.0, "QualCode": 2, "References": "Litchfield et al. 2013, 2014; Hornblow et al. 2014; Quigley et al. 2012; Van Dissen et al. 2011", "Comments": null, "CompiledBy": null, "LastUpdate": null, "Shape_Leng": 28972.372282799999, "Shape_Le_1": 28972.372282799999 }, "geometry": { "type": "MultiLineString", "coordinates": [ [ [ 1521622.9819, 5174739.787200000137091 ], [ 1522907.9359, 5173424.510700000450015 ], [ 1525217.913499999791384, 5172392.556099999696016 ], [ 1536546.052299999631941, 5172565.740799999795854 ], [ 1541791.887000000104308, 5173707.706799999810755 ], [ 1546622.4342, 5174548.545599999837577 ], [ 1549577.450899999588728, 5175079.074400000274181 ] ] ] } },
{ "type": "Feature", "properties": { "OBJECTID_1": 57, "OBJECTID": 58, "Fault_ID": 591, "Name": "Hanmer", "Name_stat": "published", "Lineage": "Modified", "Fault_stat": "A-LS", "DomainName": "Marlborough Fault System", "Domain_No": 14, "Dip_pref": 60, "Dip_min": 50.0, "Dip_max": 70.0, "Dip_dir": "S", "Dom_sense": "normal and dextral", "Sub_sense": null, "Rake_pref": -135, "Rake_minus": -155, "Rake_plus": -115, "SR_pref": 2.3, "SR_min": 1.2, "SR_max": 4.8, "SRT_pref": null, "SRT_min": null, "SRT_max": null, "SRT_gen": "10,000s yrs", "UpdDth_prf": 0.0, "UpdDth_min": 0.0, "UpdDth_max": 0.0, "Depth_Dfc": 3.9, "Method_Dfc": 3, "Depth_D90": 3.9, "Method_D90": 3.0, "QualCode": 2, "References": "Litchfield et al. 2013, 2014; Freund 1971; Langridge et al. 2008; Pettinga et al. 2001; Wood et al. 1994", "Comments": null, "CompiledBy": "R Van Dissen, N Litchfield", "LastUpdate": "05/10/2020", "Shape_Leng": 19320.101310099999, "Shape_Le_1": 19320.101310099999 }, "geometry": { "type": "MultiLineString", "coordinates": [ [ [ 1578346.35149999987334, 5292939.308799999766052 ], [ 1581521.7336, 5292791.441599999554455 ], [ 1590422.509399999864399, 5290663.471199999563396 ], [ 1593443.084699999541044, 5291340.415300000458956 ], [ 1597171.965599999763072, 5290217.945000000298023 ] ] ] } },
{ "type": "Feature", "properties": { "OBJECTID_1": 697, "OBJECTID": 700, "Fault_ID": 335, "Name": "Hariki", "Name_stat": "published", "Lineage": "Unmodified", "Fault_stat": "A-LS", "DomainName": "East Cape block", "Domain_No": 6, "Dip_pref": 50, "Dip_min": 40.0, "Dip_max": 60.0, "Dip_dir": "NE", "Dom_sense": "reverse", "Sub_sense": null, "Rake_pref": 90, "Rake_minus": 70, "Rake_plus": 110, "SR_pref": 0.05, "SR_min": 0.01, "SR_max": 0.1, "SRT_pref": null, "SRT_min": null, "SRT_max": null, "SRT_gen": "10,000s yrs", "UpdDth_prf": 0.0, "UpdDth_min": 0.0, "UpdDth_max": 0.0, "Depth_Dfc": 26.9, "Method_Dfc": 1, "Depth_D90": 23.5, "Method_D90": 1.0, "QualCode": 2, "References": "Lamarche and Barnes 2005; Litchfield et al. 2013, 2014", "Comments": "SR method 6 of L&M (2005); No displ. of marine PGS2/1 surface. SRmax assigned where EQ RI ~ PGS2/1 age. SRmin reduced to 0.01.", "CompiledBy": "P Barnes", "LastUpdate": "23/12/2020", "Shape_Leng": 39206.326910600001, "Shape_Le_1": 39206.326910600001 }, "geometry": { "type": "MultiLineString", "coordinates": [ [ [ 1986593.658099999651313, 5825734.240799999795854 ], [ 1997343.754200000315905, 5816031.772599999792874 ], [ 2012941.161399999633431, 5810090.235399999655783 ], [ 2020953.538200000301003, 5809494.748800000175834 ] ] ] } },
{ "type": "Feature", "properties": { "OBJECTID_1": 324, "OBJECTID": 325, "Fault_ID": 842, "Name": "Hauroko: North", "Name_stat": "published", "Lineage": "Unmodified", "Fault_stat": "N-PS", "DomainName": "Fiordland block", "Domain_No": 23, "Dip_pref": 70, "Dip_min": 50.0, "Dip_max": 90.0, "Dip_dir": "W", "Dom_sense": "reverse", "Sub_sense": "dextral", "Rake_pref": 110, "Rake_minus": 90, "Rake_plus": 130, "SR_pref": 1.2, "SR_min": 0.8, "SR_max": 1.6, "SRT_pref": null, "SRT_min": null, "SRT_max": null, "SRT_gen": "≥ 1 Ma", "UpdDth_prf": 0.0, "UpdDth_min": 0.0, "UpdDth_max": 0.0, "Depth_Dfc": 27.5, "Method_Dfc": 1, "Depth_D90": 23.8, "Method_D90": 1.0, "QualCode": 3, "References": "Litchfield et al. 2013, 2014; Carter and Norris 2005; Sutherland et al. 2009", "Comments": null, "CompiledBy": null, "LastUpdate": null, "Shape_Leng": 58140.799873199998, "Shape_Le_1": 58140.799873199998 }, "geometry": { "type": "MultiLineString", "coordinates": [ [ [ 1158962.694799999706447, 4885506.570600000210106 ], [ 1165582.181400000117719, 4902146.720700000412762 ], [ 1176443.967199999839067, 4919906.75069999974221 ], [ 1187051.2374, 4936167.003399999812245 ] ] ] } },
{ "type": "Feature", "properties": { "OBJECTID_1": 185, "OBJECTID": 186, "Fault_ID": 843, "Name": "Hauroko: South", "Name_stat": "published", "Lineage": "Unmodified", "Fault_stat": "N-PS", "DomainName": "Fiordland block", "Domain_No": 23, "Dip_pref": 70, "Dip_min": 50.0, "Dip_max": 90.0, "Dip_dir": "W", "Dom_sense": "reverse", "Sub_sense": "dextral", "Rake_pref": 110, "Rake_minus": 90, "Rake_plus": 130, "SR_pref": 0.3, "SR_min": 0.1, "SR_max": 0.6, "SRT_pref": null, "SRT_min": null, "SRT_max": null, "SRT_gen": "≥ 1 Ma", "UpdDth_prf": 0.0, "UpdDth_min": 0.0, "UpdDth_max": 0.0, "Depth_Dfc": 29.2, "Method_Dfc": 1, "Depth_D90": 24.9, "Method_D90": 1.0, "QualCode": 3, "References": "Litchfield et al. 2013, 2014; Melhuish et al. 1999;  Sutherland et al. 2006b", "Comments": "Northern tip aligned with Hauroko North as major throughgoing feature", "CompiledBy": "D Barrell", "LastUpdate": "12/02/2021", "Shape_Leng": 78129.356288800001, "Shape_Le_1": 78129.356288800001 }, "geometry": { "type": "MultiLineString", "coordinates": [ [ [ 1158075.64989999961108, 4885050.966 ], [ 1151577.5323, 4879435.809100000187755 ], [ 1124699.776999999769032, 4853437.791199999861419 ], [ 1117150.034900000318885, 4842145.485399999655783 ], [ 1104916.614799999631941, 4828182.959699999541044 ] ] ] } },
{ "type": "Feature", "properties": { "OBJECTID_1": 488, "OBJECTID": 490, "Fault_ID": 717, "Name": "Hawkdun", "Name_stat": "published", "Lineage": "New", "Fault_stat": "N-PS", "DomainName": "Central Canterbury", "Domain_No": 18, "Dip_pref": 70, "Dip_min": 60.0, "Dip_max": 80.0, "Dip_dir": "E", "Dom_sense": "reverse", "Sub_sense": "dextral", "Rake_pref": 110, "Rake_minus": 90, "Rake_plus": 130, "SR_pref": 0.07, "SR_min": 0.02, "SR_max": 0.15, "SRT_pref": null, "SRT_min": null, "SRT_max": null, "SRT_gen": "≥ 1 Ma", "UpdDth_prf": 0.0, "UpdDth_min": 0.0, "UpdDth_max": 0.0, "Depth_Dfc": 24.9, "Method_Dfc": 1, "Depth_D90": 20.2, "Method_D90": 1.0, "QualCode": 3, "References": "Barrell 2019 (CR2018/207)", "Comments": "Major fault in bedrock, up to 1 km Late Cenozoic peneplain offset. Blue Lake SR is applied to the Hawkdun Fault. No recognised Quaternary scarps, though in the mountain-front setting, conceivable no long-term recognisable surface evidence persists", "CompiledBy": "D Barrell", "LastUpdate": "18/11/2020", "Shape_Leng": 57804.0518935, "Shape_Le_1": 57804.0518935 }, "geometry": { "type": "MultiLineString", "coordinates": [ [ [ 1376656.238900000229478, 5016583.391900000162423 ], [ 1373745.816399999894202, 5016318.808000000193715 ], [ 1371364.561599999666214, 5016583.391900000162423 ], [ 1367924.971400000154972, 5018700.062800000421703 ], [ 1365411.424700000323355, 5021875.0691 ], [ 1363030.17, 5026108.410899999551475 ], [ 1360648.915199999697506, 5033516.759100000374019 ], [ 1356283.281499999575317, 5045423.0329 ], [ 1355621.8218, 5048201.163499999791384 ], [ 1355489.529900000430644, 5050979.293999999761581 ], [ 1354695.778300000354648, 5052963.673000000417233 ], [ 1350727.020399999804795, 5063547.027499999850988 ] ] ] } },
{ "type": "Feature", "properties": { "OBJECTID_1": 681, "OBJECTID": 684, "Fault_ID": 367, "Name": "Hawke Bay 1", "Name_stat": "informal", "Lineage": "New", "Fault_stat": "A-LS", "DomainName": "Hikurangi accretionary margin", "Domain_No": 7, "Dip_pref": 40, "Dip_min": 30.0, "Dip_max": 50.0, "Dip_dir": "NW", "Dom_sense": "reverse", "Sub_sense": null, "Rake_pref": 90, "Rake_minus": 70, "Rake_plus": 110, "SR_pref": 0.05, "SR_min": 0.02, "SR_max": 0.1, "SRT_pref": null, "SRT_min": null, "SRT_max": null, "SRT_gen": "100,000s yrs", "UpdDth_prf": 0.0, "UpdDth_min": 0.0, "UpdDth_max": 0.0, "Depth_Dfc": 28.6, "Method_Dfc": 3, "Depth_D90": 23.0, "Method_D90": 1.0, "QualCode": 3, "References": "Barnes et al. 2002", "Comments": "Mohaka of P Barnes update. HW fold not obviously active, however normal faults in HW in hi-res data appear active. Possibly reactivated recently.", "CompiledBy": "P Barnes", "LastUpdate": "21/12/2020", "Shape_Leng": 30988.771911200001, "Shape_Le_1": 30988.771911200001 }, "geometry": { "type": "MultiLineString", "coordinates": [ [ [ 1977441.061599999666214, 5662389.69469999987632 ], [ 1975732.4863, 5659346.991600000299513 ], [ 1974945.908099999651313, 5656353.148 ], [ 1973152.045, 5653408.400299999862909 ], [ 1971874.0044, 5651633.317699999548495 ], [ 1967842.0866, 5647878.372100000269711 ], [ 1965768.2599, 5646691.742700000293553 ], [ 1962450.24129999987781, 5644370.747899999842048 ], [ 1960822.962500000372529, 5642887.71100000012666 ], [ 1957121.461900000460446, 5640125.659599999897182 ] ] ] } },
{ "type": "Feature", "properties": { "OBJECTID_1": 300, "OBJECTID": 301, "Fault_ID": 365, "Name": "Hawke Bay 4", "Name_stat": "published", "Lineage": "Unmodified", "Fault_stat": "A-LS", "DomainName": "Hikurangi accretionary margin", "Domain_No": 7, "Dip_pref": 40, "Dip_min": 30.0, "Dip_max": 50.0, "Dip_dir": "NW", "Dom_sense": "reverse", "Sub_sense": null, "Rake_pref": 90, "Rake_minus": 70, "Rake_plus": 110, "SR_pref": 0.3, "SR_min": 0.1, "SR_max": 0.4, "SRT_pref": null, "SRT_min": null, "SRT_max": null, "SRT_gen": "100,000s yrs", "UpdDth_prf": 0.0, "UpdDth_min": 0.0, "UpdDth_max": 0.0, "Depth_Dfc": 24.4, "Method_Dfc": 3, "Depth_D90": 21.8, "Method_D90": 3.0, "QualCode": 2, "References": "Barnes et al. 2002; Litchfield et al. 2013, 2014; Paquet et al. 2011", "Comments": null, "CompiledBy": null, "LastUpdate": null, "Shape_Leng": 13187.238098100001, "Shape_Le_1": 13187.238098100001 }, "geometry": { "type": "MultiLineString", "coordinates": [ [ [ 1982178.632000000216067, 5653982.5152000002563 ], [ 1984411.917600000277162, 5656444.981200000271201 ], [ 1986874.05489999987185, 5661654.0197 ], [ 1989335.301300000399351, 5664934.676699999719858 ] ] ] } },
{ "type": "Feature", "properties": { "OBJECTID_1": 674, "OBJECTID": 677, "Fault_ID": 370, "Name": "Hawke Bay 5 & 11", "Name_stat": "published", "Lineage": "Modified", "Fault_stat": "A-LS", "DomainName": "Hikurangi accretionary margin", "Domain_No": 7, "Dip_pref": 40, "Dip_min": 30.0, "Dip_max": 50.0, "Dip_dir": "NW", "Dom_sense": "reverse", "Sub_sense": null, "Rake_pref": 90, "Rake_minus": 70, "Rake_plus": 110, "SR_pref": 0.3, "SR_min": 0.05, "SR_max": 0.5, "SRT_pref": null, "SRT_min": null, "SRT_max": null, "SRT_gen": "100,000s yrs", "UpdDth_prf": 0.0, "UpdDth_min": 0.0, "UpdDth_max": 0.0, "Depth_Dfc": 20.6, "Method_Dfc": 3, "Depth_D90": 19.8, "Method_D90": 3.0, "QualCode": 3, "References": "Barnes et al. 2002", "Comments": "SR & Qual code revised down. Length shortened.", "CompiledBy": "P Barnes", "LastUpdate": "21/12/2020", "Shape_Leng": 11242.8174401, "Shape_Le_1": 11242.8174401 }, "geometry": { "type": "MultiLineString", "coordinates": [ [ [ 1991093.037399999797344, 5653038.186200000345707 ], [ 1987890.853000000119209, 5650841.980000000447035 ], [ 1988069.849700000137091, 5648211.6124 ], [ 1986774.300499999895692, 5643669.343299999833107 ] ] ] } },
{ "type": "Feature", "properties": { "OBJECTID_1": 672, "OBJECTID": 674, "Fault_ID": 375, "Name": "Hawke Bay 8", "Name_stat": "published", "Lineage": "Unmodified", "Fault_stat": "A-LS", "DomainName": "Hikurangi accretionary margin", "Domain_No": 7, "Dip_pref": 40, "Dip_min": 30.0, "Dip_max": 50.0, "Dip_dir": "NW", "Dom_sense": "reverse", "Sub_sense": null, "Rake_pref": 90, "Rake_minus": 70, "Rake_plus": 110, "SR_pref": 0.2, "SR_min": 0.05, "SR_max": 0.5, "SRT_pref": null, "SRT_min": null, "SRT_max": null, "SRT_gen": "100,000s yrs", "UpdDth_prf": 0.0, "UpdDth_min": 0.0, "UpdDth_max": 0.0, "Depth_Dfc": 23.0, "Method_Dfc": 3, "Depth_D90": 21.8, "Method_D90": 1.0, "QualCode": 2, "References": "Barnes et al. 2002; Litchfield et al. 2013, 2014", "Comments": "SR revised down", "CompiledBy": "P Barnes", "LastUpdate": "21/12/2020", "Shape_Leng": 6491.99860859, "Shape_Le_1": 6491.99860859 }, "geometry": { "type": "MultiLineString", "coordinates": [ [ [ 1944040.776499999687076, 5608435.822700000368059 ], [ 1944431.488199999555945, 5610263.85259999986738 ], [ 1947082.796400000341237, 5614050.637900000438094 ] ] ] } },
{ "type": "Feature", "properties": { "OBJECTID_1": 357, "OBJECTID": 358, "Fault_ID": 632, "Name": "Hawkswood", "Name_stat": "published", "Lineage": "New", "Fault_stat": "A-LS", "DomainName": "Northeastern Canterbury", "Domain_No": 17, "Dip_pref": 45, "Dip_min": 30.0, "Dip_max": 60.0, "Dip_dir": "SE", "Dom_sense": "reverse", "Sub_sense": null, "Rake_pref": 90, "Rake_minus": 70, "Rake_plus": 110, "SR_pref": 1.5, "SR_min": 0.98, "SR_max": 2.55, "SRT_pref": null, "SRT_min": null, "SRT_max": null, "SRT_gen": "100,000s yrs", "UpdDth_prf": 0.0, "UpdDth_min": 0.0, "UpdDth_max": 0.0, "Depth_Dfc": 25.5, "Method_Dfc": 1, "Depth_D90": 14.8, "Method_D90": 1.0, "QualCode": 3, "References": "Barrell and Townsend 2012; Goded et al. 2018; Oakley et al. 2017, 2018; Ota et al. 1996", "Comments": null, "CompiledBy": null, "LastUpdate": null, "Shape_Leng": 39828.6561459, "Shape_Le_1": 39828.6561459 }, "geometry": { "type": "MultiLineString", "coordinates": [ [ [ 1622461.395899999886751, 5253399.568099999800324 ], [ 1623976.8657, 5258576.636599999852479 ], [ 1628507.690000000409782, 5267072.92119999974966 ], [ 1628248.500799999572337, 5270405.339700000360608 ], [ 1628266.638000000268221, 5274847.043399999849498 ], [ 1631704.183299999684095, 5280014.21750000026077 ], [ 1638174.801099999807775, 5288680.072999999858439 ] ] ] } },
{ "type": "Feature", "properties": { "OBJECTID_1": 869, "OBJECTID": 872, "Fault_ID": 833, "Name": "Hedgehope", "Name_stat": "published", "Lineage": "New", "Fault_stat": "N-PS", "DomainName": "Southern South Island", "Domain_No": 21, "Dip_pref": 60, "Dip_min": 50.0, "Dip_max": 70.0, "Dip_dir": "NW", "Dom_sense": "reverse", "Sub_sense": "dextral", "Rake_pref": 110, "Rake_minus": 90, "Rake_plus": 130, "SR_pref": 0.05, "SR_min": 0.025, "SR_max": 0.1, "SRT_pref": null, "SRT_min": null, "SRT_max": null, "SRT_gen": "≥ 1 Ma", "UpdDth_prf": 0.0, "UpdDth_min": 0.0, "UpdDth_max": 0.0, "Depth_Dfc": 33.1, "Method_Dfc": 1, "Depth_D90": 28.4, "Method_D90": 1.0, "QualCode": 3, "References": "Turnbull and Allibone 2003 (QMAP); this compilation", "Comments": "Uplifts the Hokonui Hills and represents that strucural margin fault zone that controls the famed 'Gore' structural gap across the Southland Syncline in basement rock. No reported Late Q activity, nominal slip rates applied.", "CompiledBy": "D Barrell, N Mortimer", "LastUpdate": "12/02/2021", "Shape_Leng": 40972.9959361, "Shape_Le_1": 40972.9959361 }, "geometry": { "type": "MultiLineString", "coordinates": [ [ [ 1250647.51549999974668, 4871844.801400000229478 ], [ 1255092.524400000460446, 4873432.30460000038147 ], [ 1258108.780399999581277, 4874861.057400000281632 ], [ 1260384.2017, 4876078.143199999816716 ], [ 1266892.964700000360608, 4876977.72829999960959 ], [ 1271920.0581, 4882481.072700000368059 ], [ 1275994.649500000290573, 4888619.4183 ], [ 1280545.49199999962002, 4889307.33629999961704 ], [ 1283614.664800000376999, 4892376.509100000374019 ] ] ] } },
{ "type": "Feature", "properties": { "OBJECTID_1": 35, "OBJECTID": 36, "Fault_ID": 658, "Name": "High Peak - Sheffield", "Name_stat": "informal", "Lineage": "New", "Fault_stat": "A-LS", "DomainName": "Northeastern Canterbury", "Domain_No": 17, "Dip_pref": 60, "Dip_min": 50.0, "Dip_max": 70.0, "Dip_dir": "SE", "Dom_sense": "dextral and reverse", "Sub_sense": null, "Rake_pref": 135, "Rake_minus": 115, "Rake_plus": 155, "SR_pref": 0.2, "SR_min": 0.05, "SR_max": 0.4, "SRT_pref": null, "SRT_min": null, "SRT_max": null, "SRT_gen": "10,000s yrs", "UpdDth_prf": 0.0, "UpdDth_min": 0.0, "UpdDth_max": 0.0, "Depth_Dfc": 19.9, "Method_Dfc": 1, "Depth_D90": 14.6, "Method_D90": 1.0, "QualCode": 3, "References": "Forsyth et al. 2008 (Chch QMAP);  Dorn et al. 2010 (JGR); Barrell and Begg 2013 (CR2012/326); this compilation", "Comments": "Representative source for Springifeld Fault and View Hill Fault (and Kowai Fault).  Offsets of basement/Teritary up to ~200 m. In part replaces the 'SpringfldView' source of the CFM", "CompiledBy": "D Barrell", "LastUpdate": "12/02/2021", "Shape_Leng": 38927.048304299999, "Shape_Le_1": 38927.048304299999 }, "geometry": { "type": "MultiLineString", "coordinates": [ [ [ 1526368.6349, 5202976.136900000274181 ], [ 1522194.824500000104308, 5199834.203599999658763 ], [ 1519760.653, 5196817.947499999776483 ], [ 1517868.8783, 5195270.13190000038594 ], [ 1509765.997499999590218, 5193847.993700000457466 ], [ 1501777.4375, 5189215.091799999587238 ], [ 1496697.427299999631941, 5187680.505400000140071 ], [ 1494739.506699999794364, 5186675.08669999986887 ], [ 1493257.837100000120699, 5184770.082899999804795 ] ] ] } },
{ "type": "Feature", "properties": { "OBJECTID_1": 498, "OBJECTID": 500, "Fault_ID": 832, "Name": "Hillfoot", "Name_stat": "published", "Lineage": "New", "Fault_stat": "N-PS", "DomainName": "Southern South Island", "Domain_No": 21, "Dip_pref": 75, "Dip_min": 60.0, "Dip_max": 90.0, "Dip_dir": "SW", "Dom_sense": "reverse", "Sub_sense": "sinistral", "Rake_pref": 70, "Rake_minus": 50, "Rake_plus": 90, "SR_pref": 0.05, "SR_min": 0.01, "SR_max": 0.1, "SRT_pref": null, "SRT_min": null, "SRT_max": null, "SRT_gen": "≥ 1 Ma", "UpdDth_prf": 0.0, "UpdDth_min": 0.0, "UpdDth_max": 0.0, "Depth_Dfc": 33.2, "Method_Dfc": 1, "Depth_D90": 28.3, "Method_D90": 1.0, "QualCode": 3, "References": "Barrell 2021 (CR2020/88)", "Comments": "Fault in bedrock, indicated peneplain offset; nominal slip rates inferred (no known Late Quaternary scarps)", "CompiledBy": "D Barrell", "LastUpdate": "18/11/2020", "Shape_Leng": 80704.2714462, "Shape_Le_1": 80704.2714462 }, "geometry": { "type": "MultiLineString", "coordinates": [ [ [ 1352669.442599999718368, 4856108.500099999830127 ], [ 1342482.963899999856949, 4863781.432099999859929 ], [ 1330510.544099999591708, 4871454.364099999889731 ], [ 1319935.127100000157952, 4875502.4972 ], [ 1315847.306400000117719, 4879590.317900000140071 ], [ 1298384.771499999798834, 4887488.146200000308454 ], [ 1293939.7626, 4887765.95920000039041 ], [ 1288118.917700000107288, 4890305.964300000108778 ], [ 1282436.082700000144541, 4893771.7725 ] ] ] } },
{ "type": "Feature", "properties": { "OBJECTID_1": 121, "OBJECTID": 122, "Fault_ID": 489, "Name": "Himatangi", "Name_stat": "published", "Lineage": "New", "Fault_stat": "A-LS", "DomainName": "Kapiti-Manawatu", "Domain_No": 12, "Dip_pref": 60, "Dip_min": 45.0, "Dip_max": 75.0, "Dip_dir": "W", "Dom_sense": "reverse", "Sub_sense": "dextral", "Rake_pref": 110, "Rake_minus": 90, "Rake_plus": 130, "SR_pref": 0.2, "SR_min": 0.1, "SR_max": 0.3, "SRT_pref": null, "SRT_min": null, "SRT_max": null, "SRT_gen": "10,000s yrs", "UpdDth_prf": 0.0, "UpdDth_min": 0.0, "UpdDth_max": 0.0, "Depth_Dfc": 40.5, "Method_Dfc": 1, "Depth_D90": 29.4, "Method_D90": 1.0, "QualCode": 2, "References": "Langridge and Morgenstern 2019; Buxton and Langridge 2019", "Comments": "replaces Himatangi Anticline. SR based on scarp at Kaimatarau Rd", "CompiledBy": "R Langridge, R Morgenstern", "LastUpdate": "25/11/2020", "Shape_Leng": 30409.728069299999, "Shape_Le_1": 30409.728069299999 }, "geometry": { "type": "MultiLineString", "coordinates": [ [ [ 1799843.2966, 5541801.1721 ], [ 1801795.998100000433624, 5536595.701000000350177 ], [ 1800126.2314, 5521703.304100000299513 ], [ 1796072.97649999987334, 5512710.176400000229478 ] ] ] } },
{ "type": "Feature", "properties": { "OBJECTID_1": 689, "OBJECTID": 692, "Fault_ID": 538, "Name": "Hohonu: South", "Name_stat": "published", "Lineage": "New", "Fault_stat": "N-PS", "DomainName": "Northwestern South Island", "Domain_No": 13, "Dip_pref": 40, "Dip_min": 30.0, "Dip_max": 50.0, "Dip_dir": "SE", "Dom_sense": "reverse", "Sub_sense": null, "Rake_pref": 90, "Rake_minus": 70, "Rake_plus": 110, "SR_pref": 0.25, "SR_min": 0.1, "SR_max": 0.4, "SRT_pref": null, "SRT_min": "58 000", "SRT_max": "5 Ma", "SRT_gen": "≥ 1 Ma", "UpdDth_prf": 0.0, "UpdDth_min": 0.0, "UpdDth_max": 0.0, "Depth_Dfc": 19.4, "Method_Dfc": 1, "Depth_D90": 17.8, "Method_D90": 1.0, "QualCode": 2, "References": "Chandler-Yates 2016; De Pascale et al. 2016; Ghisetti CFM compilation", "Comments": "Added from Ghisetti et al. CFM update.", "CompiledBy": "F Ghisetti", "LastUpdate": "12/02/2021", "Shape_Leng": 150940.06904, "Shape_Le_1": 150940.06904 }, "geometry": { "type": "MultiLineString", "coordinates": [ [ [ 1339976.1091, 5188804.561300000175834 ], [ 1344263.534400000236928, 5191441.2133 ], [ 1357515.576500000432134, 5195740.102300000376999 ], [ 1364749.1738, 5200944.623999999836087 ], [ 1368302.9221, 5203455.175300000235438 ], [ 1370251.751799999736249, 5205163.267199999652803 ], [ 1372796.6941, 5207765.528 ], [ 1375316.411799999885261, 5209644.3514 ], [ 1378001.215800000354648, 5211330.740000000223517 ], [ 1380280.99349999986589, 5212341.89809999987483 ], [ 1384694.708100000396371, 5213624.7801 ], [ 1389691.4156, 5215815.945299999788404 ], [ 1395610.252600000239909, 5219203.654799999669194 ], [ 1399369.3185, 5221397.298499999567866 ], [ 1401997.6628, 5223630.363300000317395 ], [ 1404431.559999999590218, 5226755.164300000295043 ], [ 1408065.8558, 5231989.726800000295043 ], [ 1411892.0104, 5236017.400999999605119 ], [ 1414982.657100000418723, 5240092.78969999961555 ], [ 1416347.061099999584258, 5242679.964800000190735 ], [ 1417151.738199999555945, 5245250.216 ], [ 1417711.469399999827147, 5246649.0494 ], [ 1418725.910400000400841, 5247942.796400000341237 ], [ 1419534.706399999558926, 5248416.120000000111759 ], [ 1421288.1628, 5248839.980100000277162 ], [ 1423123.034900000318885, 5248537.5746 ], [ 1424775.605100000277162, 5248447.829699999652803 ], [ 1426705.768699999898672, 5248652.418800000101328 ], [ 1430290.143899999558926, 5249837.328300000168383 ], [ 1433008.226800000295043, 5251215.526499999687076 ], [ 1437383.145200000144541, 5253270.5932 ], [ 1439750.424599999561906, 5254971.516800000332296 ], [ 1440942.598600000143051, 5255336.778900000266731 ], [ 1442196.827200000174344, 5256093.984199999831617 ], [ 1443270.968999999575317, 5257704.611200000159442 ], [ 1443876.449, 5259479.286600000225008 ], [ 1444588.455799999646842, 5260066.090099999681115 ], [ 1445743.605100000277162, 5260191.7385 ], [ 1447168.2895, 5259757.205799999646842 ], [ 1449146.572200000286102, 5260199.322999999858439 ], [ 1450825.742600000463426, 5261286.392099999822676 ], [ 1453543.5543, 5264188.766800000332296 ], [ 1457299.33490000013262, 5267052.921400000341237 ], [ 1458073.8597, 5268043.124900000169873 ], [ 1459313.54839999973774, 5270073.521300000138581 ] ] ] } },
{ "type": "Feature", "properties": { "OBJECTID_1": 98, "OBJECTID": 99, "Fault_ID": 825, "Name": "Hokonui", "Name_stat": "published", "Lineage": "Modified", "Fault_stat": "A-LS", "DomainName": "Southern South Island", "Domain_No": 21, "Dip_pref": 75, "Dip_min": 60.0, "Dip_max": 90.0, "Dip_dir": "SW", "Dom_sense": "reverse", "Sub_sense": "sinistral", "Rake_pref": 70, "Rake_minus": 50, "Rake_plus": 90, "SR_pref": 0.05, "SR_min": 0.01, "SR_max": 0.1, "SRT_pref": null, "SRT_min": null, "SRT_max": null, "SRT_gen": "≥ 1 Ma", "UpdDth_prf": 0.0, "UpdDth_min": 0.0, "UpdDth_max": 0.0, "Depth_Dfc": 33.3, "Method_Dfc": 1, "Depth_D90": 28.6, "Method_D90": 1.0, "QualCode": 3, "References": "Barrell CFM compilation", "Comments": "Minor change in location of northern tip - attributes modified to those of Hillfoot for continuity of structure - evidence for LQ activity equivical", "CompiledBy": "D Barrell", "LastUpdate": "12/02/2021", "Shape_Leng": 66468.496302200001, "Shape_Le_1": 66468.496302200001 }, "geometry": { "type": "MultiLineString", "coordinates": [ [ [ 1229863.130199999548495, 4931485.5318 ], [ 1235855.954699999652803, 4925968.9583 ], [ 1242721.905899999663234, 4918190.192699999548495 ], [ 1252215.1376, 4908027.984199999831617 ], [ 1259652.57799999974668, 4901566.797399999573827 ], [ 1273174.4835, 4898138.310200000181794 ], [ 1282436.082700000144541, 4893771.7725 ] ] ] } },
{ "type": "Feature", "properties": { "OBJECTID_1": 104, "OBJECTID": 105, "Fault_ID": 762, "Name": "Hollyford", "Name_stat": "published", "Lineage": "Unmodified", "Fault_stat": "N-PS", "DomainName": "Southern Alps", "Domain_No": 19, "Dip_pref": 70, "Dip_min": 60.0, "Dip_max": 80.0, "Dip_dir": "W", "Dom_sense": "dextral", "Sub_sense": "reverse", "Rake_pref": 160, "Rake_minus": 140, "Rake_plus": 180, "SR_pref": 1.0, "SR_min": 0.2, "SR_max": 3.0, "SRT_pref": null, "SRT_min": null, "SRT_max": null, "SRT_gen": null, "UpdDth_prf": 0.0, "UpdDth_min": 0.0, "UpdDth_max": 0.0, "Depth_Dfc": 26.9, "Method_Dfc": 1, "Depth_D90": 23.4, "Method_D90": 1.0, "QualCode": 3, "References": "Litchfield et al. 2013, 2014; Sutherland 1995", "Comments": null, "CompiledBy": null, "LastUpdate": null, "Shape_Leng": 28041.563143200001, "Shape_Le_1": 28041.563143200001 }, "geometry": { "type": "MultiLineString", "coordinates": [ [ [ 1220415.005300000309944, 5070931.894000000320375 ], [ 1217380.194899999536574, 5063219.39850000012666 ], [ 1214641.256799999624491, 5055941.087600000202656 ], [ 1213132.157999999821186, 5050616.5548 ], [ 1213004.125, 5044175.2325 ] ] ] } },
{ "type": "Feature", "properties": { "OBJECTID_1": 663, "OBJECTID": 665, "Fault_ID": 412, "Name": "Honeycomb", "Name_stat": "published", "Lineage": "Unmodified", "Fault_stat": "N-PS", "DomainName": "Hikurangi accretionary margin", "Domain_No": 7, "Dip_pref": 40, "Dip_min": 30.0, "Dip_max": 50.0, "Dip_dir": "NW", "Dom_sense": "reverse", "Sub_sense": null, "Rake_pref": 90, "Rake_minus": 70, "Rake_plus": 110, "SR_pref": 1.0, "SR_min": 0.5, "SR_max": 1.5, "SRT_pref": null, "SRT_min": null, "SRT_max": null, "SRT_gen": null, "UpdDth_prf": 0.0, "UpdDth_min": 0.0, "UpdDth_max": 0.0, "Depth_Dfc": 13.8, "Method_Dfc": 3, "Depth_D90": 13.8, "Method_D90": 3.0, "QualCode": 3, "References": "Barnes et al. 2010; Litchfield et al. 2013, 2014", "Comments": null, "CompiledBy": null, "LastUpdate": null, "Shape_Leng": 37452.46971830001, "Shape_Le_1": 37452.46971830001 }, "geometry": { "type": "MultiLineString", "coordinates": [ [ [ 1832870.005199999548495, 5396828.583800000138581 ], [ 1845121.610600000247359, 5407538.494400000199676 ], [ 1862972.349000000394881, 5418937.158699999563396 ] ] ] } },
{ "type": "Feature", "properties": { "OBJECTID_1": 13, "OBJECTID": 14, "Fault_ID": 547, "Name": "Hope: Conway", "Name_stat": "published", "Lineage": "Modified", "Fault_stat": "A-LS", "DomainName": "Marlborough Fault System", "Domain_No": 14, "Dip_pref": 80, "Dip_min": 70.0, "Dip_max": 90.0, "Dip_dir": "NW", "Dom_sense": "dextral", "Sub_sense": null, "Rake_pref": 180, "Rake_minus": 160, "Rake_plus": -160, "SR_pref": 15.8, "SR_min": 15.6, "SR_max": 16.0, "SRT_pref": "9442", "SRT_min": "9368", "SRT_max": "9516", "SRT_gen": "1,000s yrs", "UpdDth_prf": 0.0, "UpdDth_min": 0.0, "UpdDth_max": 0.0, "Depth_Dfc": 25.3, "Method_Dfc": 1, "Depth_D90": 18.7, "Method_D90": 1.0, "QualCode": 1, "References": "Litchfield et al. 2013, 2014; Beauprêtre et al. 2012; Freund 1971; Hatem et al. 2019, 2020; Knuepfer 1984, 1992; Langridge et al. 2003a; Manighetti et al. 2015; Van Dissen 1989", "Comments": "E end shortened to coincide with junction with Jordan T, W end shortened to coincice with junction with Hamner F.", "CompiledBy": "R Van Dissen, N Litchfield", "LastUpdate": "06/10/2020", "Shape_Leng": 62633.063259900002, "Shape_Le_1": 62633.063259900002 }, "geometry": { "type": "MultiLineString", "coordinates": [ [ [ 1654721.2917, 5314036.7939 ], [ 1650906.684299999848008, 5312097.704800000414252 ], [ 1641829.1623, 5310229.7812 ], [ 1638961.410500000230968, 5308347.374099999666214 ], [ 1626600.963499999605119, 5304254.637799999676645 ], [ 1603508.370400000363588, 5292609.215800000354648 ], [ 1597171.965599999763072, 5290217.945000000298023 ] ] ] } },
{ "type": "Feature", "properties": { "OBJECTID_1": 409, "OBJECTID": 410, "Fault_ID": 548, "Name": "Hope: Hanmer NW", "Name_stat": "informal", "Lineage": "New", "Fault_stat": "A-LS", "DomainName": "Marlborough Fault System", "Domain_No": 14, "Dip_pref": 70, "Dip_min": 60.0, "Dip_max": 80.0, "Dip_dir": "SE", "Dom_sense": "dextral", "Sub_sense": "normal", "Rake_pref": -160, "Rake_minus": -180, "Rake_plus": -140, "SR_pref": 15.0, "SR_min": 11.01, "SR_max": 17.02, "SRT_pref": null, "SRT_min": null, "SRT_max": null, "SRT_gen": "10,000s yrs", "UpdDth_prf": 0.0, "UpdDth_min": 0.0, "UpdDth_max": 0.0, "Depth_Dfc": 4.3, "Method_Dfc": 3, "Depth_D90": 4.3, "Method_D90": 3.0, "QualCode": 1, "References": "Wood et al. 1994", "Comments": null, "CompiledBy": "R Van Dissen, N Litchfield", "LastUpdate": "13/10/2020", "Shape_Leng": 11620.18037, "Shape_Le_1": 11620.18037 }, "geometry": { "type": "MultiLineString", "coordinates": [ [ [ 1571141.676199999637902, 5286267.997399999760091 ], [ 1580768.74210000038147, 5292775.546400000341237 ] ] ] } },
{ "type": "Feature", "properties": { "OBJECTID_1": 413, "OBJECTID": 414, "Fault_ID": 549, "Name": "Hope: Hanmer SE", "Name_stat": "informal", "Lineage": "New", "Fault_stat": "A-LS", "DomainName": "Marlborough Fault System", "Domain_No": 14, "Dip_pref": 70, "Dip_min": 60.0, "Dip_max": 80.0, "Dip_dir": "NW", "Dom_sense": "dextral", "Sub_sense": "normal", "Rake_pref": -160, "Rake_minus": -180, "Rake_plus": -140, "SR_pref": 13.5, "SR_min": 12.2, "SR_max": 16.2, "SRT_pref": null, "SRT_min": null, "SRT_max": null, "SRT_gen": "1000s yrs", "UpdDth_prf": 0.0, "UpdDth_min": 0.0, "UpdDth_max": 0.0, "Depth_Dfc": 27.6, "Method_Dfc": 1, "Depth_D90": 22.4, "Method_D90": 1.0, "QualCode": 3, "References": "Wood et al. 1994", "Comments": "Formerly SW end of HopeConway. Represents SE portion of Hamner pull-apart basin. SR partitioned from HopeConway (c. 15.8 mm/yr) minus Hamner (c. 2.3 mm/yr)", "CompiledBy": "R Van Dissen, N Litchfield", "LastUpdate": "13/10/2020", "Shape_Leng": 15839.8303345, "Shape_Le_1": 15839.8303345 }, "geometry": { "type": "MultiLineString", "coordinates": [ [ [ 1597171.965599999763072, 5290217.945000000298023 ], [ 1597142.7324, 5290206.9128 ], [ 1596417.063400000333786, 5289933.0554 ], [ 1589089.36670000012964, 5287644.2802 ], [ 1581923.908800000324845, 5285980.2643 ] ] ] } },
{ "type": "Feature", "properties": { "OBJECTID_1": 412, "OBJECTID": 413, "Fault_ID": 550, "Name": "Hope: Hanmer SW", "Name_stat": "informal", "Lineage": "New", "Fault_stat": "A-LS", "DomainName": "Marlborough Fault System", "Domain_No": 14, "Dip_pref": 70, "Dip_min": 60.0, "Dip_max": 80.0, "Dip_dir": "N", "Dom_sense": "normal", "Sub_sense": "dextral", "Rake_pref": -110, "Rake_minus": -130, "Rake_plus": -90, "SR_pref": 2.3, "SR_min": 1.2, "SR_max": 4.8, "SRT_pref": null, "SRT_min": null, "SRT_max": null, "SRT_gen": "10,000s yrs", "UpdDth_prf": 0.0, "UpdDth_min": 0.0, "UpdDth_max": 0.0, "Depth_Dfc": 27.4, "Method_Dfc": 1, "Depth_D90": 22.1, "Method_D90": 1.0, "QualCode": 3, "References": "Wood et al. 1994; Langridge et al. 2016", "Comments": "Represents SW portion of Hanmer pull-apart basin. SR assigned from Hamner Fault", "CompiledBy": "R Van Dissen, N Litchfield", "LastUpdate": "13/10/2020", "Shape_Leng": 10949.4352193, "Shape_Le_1": 10949.4352193 }, "geometry": { "type": "MultiLineString", "coordinates": [ [ [ 1581923.908800000324845, 5285980.2643 ], [ 1573963.8574, 5287022.8717 ], [ 1571141.676199999637902, 5286267.997399999760091 ] ] ] } },
{ "type": "Feature", "properties": { "OBJECTID_1": 12, "OBJECTID": 13, "Fault_ID": 552, "Name": "Hope: Hope River", "Name_stat": "published", "Lineage": "Modified", "Fault_stat": "A-LS", "DomainName": "Marlborough Fault System", "Domain_No": 14, "Dip_pref": 70, "Dip_min": 60.0, "Dip_max": 80.0, "Dip_dir": "NW", "Dom_sense": "dextral", "Sub_sense": "reverse", "Rake_pref": 160, "Rake_minus": 140, "Rake_plus": 180, "SR_pref": 10.9, "SR_min": 8.4, "SR_max": 13.4, "SRT_pref": null, "SRT_min": null, "SRT_max": null, "SRT_gen": "10,000s yrs", "UpdDth_prf": 0.0, "UpdDth_min": 0.0, "UpdDth_max": 0.0, "Depth_Dfc": 27.3, "Method_Dfc": 1, "Depth_D90": 22.3, "Method_D90": 1.0, "QualCode": 1, "References": "Cowan 1990, 1991; Cowan and McGlone 1991; Langridge 2004; Langridge  et al. 2013; Litchfield et al. 2013, 2014; Khajavi et al. 2016, 2018; McKay 1890", "Comments": "E portion of Hope Central West and W portion of Hope 1888 between both junctions with the Kakapo Fault. SR based on maximum rate <12 +/- 1.4 mm/yr and minimum rate of >9.4 +/- 1 mm/yr at Macs Knob, which have a high QR and many earthquake cycles", "CompiledBy": "R Van Dissen, N Litchfield", "LastUpdate": "13/10/2020", "Shape_Leng": 49643.803535200001, "Shape_Le_1": 49643.803535200001 }, "geometry": { "type": "MultiLineString", "coordinates": [ [ [ 1517305.731700000353158, 5272100.483099999837577 ], [ 1538257.078200000338256, 5279996.953300000168383 ], [ 1546684.17949999962002, 5282476.588600000366569 ], [ 1565008.574400000274181, 5284786.731999999843538 ] ] ] } },
{ "type": "Feature", "properties": { "OBJECTID_1": 411, "OBJECTID": 412, "Fault_ID": 553, "Name": "Hope: Hurunui", "Name_stat": "published", "Lineage": "Modified", "Fault_stat": "A-LS", "DomainName": "Marlborough Fault System", "Domain_No": 14, "Dip_pref": 70, "Dip_min": 60.0, "Dip_max": 80.0, "Dip_dir": "NW", "Dom_sense": "dextral", "Sub_sense": "reverse", "Rake_pref": 160, "Rake_minus": 140, "Rake_plus": 180, "SR_pref": 17.3, "SR_min": 12.8, "SR_max": 21.8, "SRT_pref": null, "SRT_min": null, "SRT_max": null, "SRT_gen": "10,000s yrs", "UpdDth_prf": 0.0, "UpdDth_min": 0.0, "UpdDth_max": 0.0, "Depth_Dfc": 20.0, "Method_Dfc": 3, "Depth_D90": 20.0, "Method_D90": 3.0, "QualCode": 3, "References": "Litchfield et al. 2013, 2014; Langridge 2004; Langridge and Berryman 2005; Langridge et al. 2013", "Comments": "SR assigned based on combined rate of Hope Hope River and Kakapo", "CompiledBy": "R Van Dissen, N Litchfield", "LastUpdate": "13/10/2020", "Shape_Leng": 14401.6956544, "Shape_Le_1": 14401.6956544 }, "geometry": { "type": "MultiLineString", "coordinates": [ [ [ 1517305.731700000353158, 5272100.483099999837577 ], [ 1503829.421, 5267021.321000000461936 ] ] ] } },
{ "type": "Feature", "properties": { "OBJECTID_1": 410, "OBJECTID": 411, "Fault_ID": 551, "Name": "Hope: Kakapo-2-Hamner", "Name_stat": "informal", "Lineage": "Modified", "Fault_stat": "A-LS", "DomainName": "Marlborough Fault System", "Domain_No": 14, "Dip_pref": 70, "Dip_min": 60.0, "Dip_max": 80.0, "Dip_dir": "NW", "Dom_sense": "dextral", "Sub_sense": "reverse", "Rake_pref": 160, "Rake_minus": 140, "Rake_plus": 180, "SR_pref": 17.3, "SR_min": 12.8, "SR_max": 21.8, "SRT_pref": null, "SRT_min": null, "SRT_max": null, "SRT_gen": "10,000s yrs", "UpdDth_prf": 0.0, "UpdDth_min": 0.0, "UpdDth_max": 0.0, "Depth_Dfc": 27.7, "Method_Dfc": 1, "Depth_D90": 22.6, "Method_D90": 1.0, "QualCode": 3, "References": "Freund 1971", "Comments": "SR assigned based on combined rate of Hope Hope River and Kakapo", "CompiledBy": "R Van Dissen, N Litchfield", "LastUpdate": "13/10/2020", "Shape_Leng": 6339.39381271, "Shape_Le_1": 6339.39381271 }, "geometry": { "type": "MultiLineString", "coordinates": [ [ [ 1565008.574400000274181, 5284786.731999999843538 ], [ 1568237.784400000236928, 5285250.192599999718368 ], [ 1571141.676199999637902, 5286267.997399999760091 ] ] ] } },
{ "type": "Feature", "properties": { "OBJECTID_1": 414, "OBJECTID": 415, "Fault_ID": 546, "Name": "Hope: Seaward", "Name_stat": "published", "Lineage": "Modified", "Fault_stat": "A-LS", "DomainName": "Marlborough Fault System", "Domain_No": 14, "Dip_pref": 80, "Dip_min": 70.0, "Dip_max": 90.0, "Dip_dir": "NW", "Dom_sense": "dextral", "Sub_sense": "reverse", "Rake_pref": 160, "Rake_minus": 140, "Rake_plus": 180, "SR_pref": 4.0, "SR_min": 3.0, "SR_max": 5.0, "SRT_pref": null, "SRT_min": null, "SRT_max": null, "SRT_gen": "1000s yrs", "UpdDth_prf": 0.0, "UpdDth_min": 0.0, "UpdDth_max": 0.0, "Depth_Dfc": 20.8, "Method_Dfc": 3, "Depth_D90": 17.1, "Method_D90": 1.0, "QualCode": 3, "References": "Van Dissen 1989, Van Dissen and Yeats 1991, Goded et al. 2018; Kneupfer 1984", "Comments": "Simplified to be the Seaward Hope Fault east of the Jordan Thrust intersection (previously E part of Hope ConwayOS). SR from Hapuku River site (c. 5 mm/yr) partitioned onto this fault and KaikouraMS05", "CompiledBy": "R Van Dissen, N Litchfield", "LastUpdate": "06/10/2020", "Shape_Leng": 31087.335844099998, "Shape_Le_1": 31087.335844099998 }, "geometry": { "type": "MultiLineString", "coordinates": [ [ [ 1682558.201100000180304, 5327533.644799999892712 ], [ 1657959.230899999849498, 5316766.894799999892712 ], [ 1654721.2917, 5314036.7939 ] ] ] } },
{ "type": "Feature", "properties": { "OBJECTID_1": 14, "OBJECTID": 15, "Fault_ID": 554, "Name": "Hope: Taramakau", "Name_stat": "published", "Lineage": "Modified", "Fault_stat": "A-LS", "DomainName": "Marlborough Fault System", "Domain_No": 14, "Dip_pref": 70, "Dip_min": 60.0, "Dip_max": 80.0, "Dip_dir": "N", "Dom_sense": "dextral", "Sub_sense": "normal", "Rake_pref": -160, "Rake_minus": -180, "Rake_plus": -140, "SR_pref": 4.3, "SR_min": 3.1, "SR_max": 5.5, "SRT_pref": null, "SRT_min": null, "SRT_max": null, "SRT_gen": "10,000s yrs", "UpdDth_prf": 0.0, "UpdDth_min": 0.0, "UpdDth_max": 0.0, "Depth_Dfc": 11.1, "Method_Dfc": 3, "Depth_D90": 11.1, "Method_D90": 3.0, "QualCode": 3, "References": "Freund 1971; Litchfield et al. 2013, 2014; Vermeer et al. 2021", "Comments": "Changed sense from dextral-reverse to dextral-normal. SR is assigned to be 1/4 of the Hope Hurunui SR. Uncertainties also 1/4 of Hope Hurunui SR uncertainties", "CompiledBy": "R Van Dissen, N Litchfield", "LastUpdate": "13/10/2020", "Shape_Leng": 31157.224132899999, "Shape_Le_1": 31157.224132899999 }, "geometry": { "type": "MultiLineString", "coordinates": [ [ [ 1503829.421, 5267021.321000000461936 ], [ 1497903.357599999755621, 5265250.370799999684095 ], [ 1488082.366899999789894, 5265104.696100000292063 ], [ 1473127.8454, 5267531.375199999660254 ] ] ] } },
{ "type": "Feature", "properties": { "OBJECTID_1": 651, "OBJECTID": 653, "Fault_ID": 545, "Name": "Hope: Te Rapa", "Name_stat": "published", "Lineage": "Modified", "Fault_stat": "A-LS", "DomainName": "Marlborough Fault System", "Domain_No": 14, "Dip_pref": 80, "Dip_min": 70.0, "Dip_max": 90.0, "Dip_dir": "NW", "Dom_sense": "dextral", "Sub_sense": "reverse", "Rake_pref": 160, "Rake_minus": 140, "Rake_plus": 180, "SR_pref": 3.0, "SR_min": 1.5, "SR_max": 4.5, "SRT_pref": null, "SRT_min": null, "SRT_max": null, "SRT_gen": null, "UpdDth_prf": 0.0, "UpdDth_min": 0.0, "UpdDth_max": 0.0, "Depth_Dfc": 18.1, "Method_Dfc": 3, "Depth_D90": 16.1, "Method_D90": 1.0, "QualCode": 3, "References": "Barnes et al. 2015;  Goded et al. 2018", "Comments": "SR on this fault assumed to be less than that on Hope Seaward to account for nearby junction with Papatea Fault", "CompiledBy": "R Van Dissen, N Litchfield", "LastUpdate": "06/10/2020", "Shape_Leng": 46711.098972400003, "Shape_Le_1": 46711.098972400003 }, "geometry": { "type": "MultiLineString", "coordinates": [ [ [ 1683973.881099999882281, 5330848.402900000102818 ], [ 1724989.74280000012368, 5353200.714999999850988 ] ] ] } },
{ "type": "Feature", "properties": { "OBJECTID_1": 277, "OBJECTID": 278, "Fault_ID": 755, "Name": "Hopkins", "Name_stat": "informal", "Lineage": "Modified", "Fault_stat": "A-LS", "DomainName": "Southern Alps", "Domain_No": 19, "Dip_pref": 60, "Dip_min": 40.0, "Dip_max": 70.0, "Dip_dir": "NW", "Dom_sense": "reverse", "Sub_sense": "dextral", "Rake_pref": 110, "Rake_minus": 90, "Rake_plus": 130, "SR_pref": 0.45, "SR_min": 0.2, "SR_max": 0.65, "SRT_pref": null, "SRT_min": null, "SRT_max": null, "SRT_gen": "10,000s yrs", "UpdDth_prf": 0.0, "UpdDth_min": 0.0, "UpdDth_max": 0.0, "Depth_Dfc": 24.1, "Method_Dfc": 1, "Depth_D90": 21.1, "Method_D90": 1.0, "QualCode": 3, "References": "Barrell and Strong 2010 (CR2010/147); Barrell 2016 (CR2015/166)", "Comments": "'Ahuriri' fault zone revision to 'Hopkins Fault'. Estimated scarp heights (5 to 10 m) on an inferred 18 ka land surface inform the slip rate estimates,", "CompiledBy": "D Barrell", "LastUpdate": "18/11/2020", "Shape_Leng": 47637.162711500001, "Shape_Le_1": 47637.162711500001 }, "geometry": { "type": "MultiLineString", "coordinates": [ [ [ 1332626.784900000318885, 5102397.125 ], [ 1335907.624800000339746, 5113594.314000000245869 ], [ 1341728.469700000248849, 5122378.4983 ], [ 1347549.3147, 5128940.178100000135601 ], [ 1353024.11629999987781, 5136008.675699999555945 ], [ 1356439.332499999552965, 5142931.372700000181794 ] ] ] } },
{ "type": "Feature", "properties": { "OBJECTID_1": 37, "OBJECTID": 38, "Fault_ID": 660, "Name": "Hororata", "Name_stat": "published", "Lineage": "Modified", "Fault_stat": "A-LS", "DomainName": "Northeastern Canterbury", "Domain_No": 17, "Dip_pref": 50, "Dip_min": 35.0, "Dip_max": 65.0, "Dip_dir": "NW", "Dom_sense": "reverse", "Sub_sense": "dextral", "Rake_pref": 110, "Rake_minus": 90, "Rake_plus": 130, "SR_pref": 0.45, "SR_min": 0.13, "SR_max": 0.81, "SRT_pref": null, "SRT_min": null, "SRT_max": null, "SRT_gen": "10,000s yrs", "UpdDth_prf": 0.0, "UpdDth_min": 0.0, "UpdDth_max": 0.0, "Depth_Dfc": 19.3, "Method_Dfc": 1, "Depth_D90": 14.0, "Method_D90": 1.0, "QualCode": 3, "References": "Barrell 2013; Barrell and Townsend 2012; Forsyth et al. 2008; Goded et al. 2018; Jongens et al. 2012", "Comments": "Previously Horoata2017. Rake modified - fold sinuosity at Racecource Hill and Glenroy imply oblique motion", "CompiledBy": "D Barrell", "LastUpdate": "12/02/2021", "Shape_Leng": 43758.085202499999, "Shape_Le_1": 43758.085202499999 }, "geometry": { "type": "MultiLineString", "coordinates": [ [ [ 1536844.2626, 5193728.535199999809265 ], [ 1523671.658900000154972, 5188964.458399999886751 ], [ 1518596.3366, 5184832.343100000172853 ], [ 1513385.393299999646842, 5181249.860100000165403 ], [ 1504270.291899999603629, 5177978.93790000025183 ], [ 1498270.319199999794364, 5174002.739699999801815 ] ] ] } },
{ "type": "Feature", "properties": { "OBJECTID_1": 54, "OBJECTID": 55, "Fault_ID": 783, "Name": "Horse Flat", "Name_stat": "published", "Lineage": "Modified", "Fault_stat": "N-PS", "DomainName": "Otago", "Domain_No": 20, "Dip_pref": 45, "Dip_min": 30.0, "Dip_max": 60.0, "Dip_dir": "NW", "Dom_sense": "reverse", "Sub_sense": "dextral", "Rake_pref": 110, "Rake_minus": 90, "Rake_plus": 130, "SR_pref": 0.05, "SR_min": 0.01, "SR_max": 0.1, "SRT_pref": null, "SRT_min": null, "SRT_max": null, "SRT_gen": "≥ 1 Ma", "UpdDth_prf": 0.0, "UpdDth_min": 0.0, "UpdDth_max": 0.0, "Depth_Dfc": 24.5, "Method_Dfc": 1, "Depth_D90": 20.5, "Method_D90": 1.0, "QualCode": 3, "References": "Litchfield et al. 2013, 2014;  Barrell 2016 (CR2015/166);  Villamor et al. 2018 (GNS MS 124); Barrell 2021 (CR2020/88)", "Comments": "Fault in bedrock, peneplain offset ~150-200 m. Called Taieri Ridge Fault (Stirling et al 2012; Litchfield et al. 2013, Horse Flat Fault has precedence in literature (Barrell 2016, 2020). Nominal slip rates inferred (no known Late Quaternary scarps).", "CompiledBy": "D Barrell", "LastUpdate": "12/02/2021", "Shape_Leng": 35139.185679900002, "Shape_Le_1": 35139.185679900002 }, "geometry": { "type": "MultiLineString", "coordinates": [ [ [ 1401775.2665, 4982636.067800000309944 ], [ 1397905.7275, 4977443.60950000025332 ], [ 1389716.688500000163913, 4969471.89780000038445 ], [ 1386446.349299999885261, 4961946.972500000149012 ], [ 1380015.7653, 4955607.245299999602139 ] ] ] } },
{ "type": "Feature", "properties": { "OBJECTID_1": 641, "OBJECTID": 643, "Fault_ID": 352, "Name": "Houtunui", "Name_stat": "published", "Lineage": "Modified", "Fault_stat": "N-PS", "DomainName": "Hikurangi accretionary margin", "Domain_No": 7, "Dip_pref": 40, "Dip_min": 30.0, "Dip_max": 50.0, "Dip_dir": "NW", "Dom_sense": "reverse", "Sub_sense": null, "Rake_pref": 90, "Rake_minus": 70, "Rake_plus": 110, "SR_pref": 3.0, "SR_min": 1.0, "SR_max": 5.0, "SRT_pref": null, "SRT_min": null, "SRT_max": null, "SRT_gen": null, "UpdDth_prf": 0.0, "UpdDth_min": 0.0, "UpdDth_max": 0.0, "Depth_Dfc": 15.8, "Method_Dfc": 3, "Depth_D90": 14.8, "Method_D90": 1.0, "QualCode": 3, "References": "Mountjoy CFM compilation", "Comments": "Reconnaissance mapping only. Not proven active but possible high SR with Ruatoria south 3&4 to conservative SR from Gable End Nth and  Ariel Bank 2. Consider implications for interface SR", "CompiledBy": "J Mountjoy", "LastUpdate": "17/12/2020", "Shape_Leng": 52857.523642499997, "Shape_Le_1": 52857.523642499997 }, "geometry": { "type": "MultiLineString", "coordinates": [ [ [ 2086241.520499999634922, 5759628.262199999764562 ], [ 2094765.477400000207126, 5766987.06319999974221 ], [ 2099129.719499999657273, 5775801.272300000302494 ], [ 2106318.774400000460446, 5783617.993300000205636 ], [ 2114722.602300000376999, 5803016.989500000141561 ] ] ] } },
{ "type": "Feature", "properties": { "OBJECTID_1": 333, "OBJECTID": 334, "Fault_ID": 835, "Name": "Hump Ridge", "Name_stat": "published", "Lineage": "Unmodified", "Fault_stat": "N-PS", "DomainName": "Southern South Island", "Domain_No": 21, "Dip_pref": 70, "Dip_min": 50.0, "Dip_max": 90.0, "Dip_dir": "E", "Dom_sense": "dextral", "Sub_sense": "reverse", "Rake_pref": 160, "Rake_minus": 140, "Rake_plus": 180, "SR_pref": 0.5, "SR_min": 0.1, "SR_max": 1.0, "SRT_pref": null, "SRT_min": null, "SRT_max": null, "SRT_gen": "≥ 1 Ma", "UpdDth_prf": 0.0, "UpdDth_min": 0.0, "UpdDth_max": 0.0, "Depth_Dfc": 29.7, "Method_Dfc": 1, "Depth_D90": 25.4, "Method_D90": 1.0, "QualCode": 3, "References": "Litchfield et al. 2013, 2014; Sutherland et al. 2006b", "Comments": "Fault location changed to coincide with previously mapped fault", "CompiledBy": "D Barrell", "LastUpdate": "12/02/2021", "Shape_Leng": 87079.284392300004, "Shape_Le_1": 87079.284392300004 }, "geometry": { "type": "MultiLineString", "coordinates": [ [ [ 1159076.130099999718368, 4881917.384100000374019 ], [ 1159292.101300000213087, 4866475.4501 ], [ 1163306.885800000280142, 4853833.5822 ], [ 1174631.0751, 4833196.040900000371039 ], [ 1174313.574500000104308, 4818696.845200000330806 ], [ 1170623.203499999828637, 4798705.800300000235438 ] ] ] } },
{ "type": "Feature", "properties": { "OBJECTID_1": 648, "OBJECTID": 650, "Fault_ID": 630, "Name": "Hundalee", "Name_stat": "published", "Lineage": "Unmodified", "Fault_stat": "A-LS", "DomainName": "Northeastern Canterbury", "Domain_No": 17, "Dip_pref": 55, "Dip_min": 55.0, "Dip_max": 65.0, "Dip_dir": "NW", "Dom_sense": "reverse", "Sub_sense": "dextral", "Rake_pref": 110, "Rake_minus": 90, "Rake_plus": 130, "SR_pref": 1.2, "SR_min": 0.4, "SR_max": 2.3, "SRT_pref": null, "SRT_min": null, "SRT_max": null, "SRT_gen": "10,000s yrs", "UpdDth_prf": 0.0, "UpdDth_min": 0.0, "UpdDth_max": 0.0, "Depth_Dfc": 24.7, "Method_Dfc": 1, "Depth_D90": 16.8, "Method_D90": 1.0, "QualCode": 2, "References": "Litchfield et al. 2013, 2014; Barrell et al. (submitted NZJGG); Beanland and Berryman 1990; Ota et al. 1996; Pettinga et al. 2001; Williams et al. 2018", "Comments": "2016 EQ  rupture trace not observed north of Kaikoura Canyon", "CompiledBy": "J Mountjoy", "LastUpdate": "17/12/2020", "Shape_Leng": 39240.184415099997, "Shape_Le_1": 39240.184415099997 }, "geometry": { "type": "MultiLineString", "coordinates": [ [ [ 1649859.578200000338256, 5297524.466199999675155 ], [ 1639382.244300000369549, 5292664.801900000311434 ], [ 1634824.4359, 5285587.097400000318885 ], [ 1629177.389000000432134, 5282639.480600000359118 ], [ 1625370.559000000357628, 5278937.3514 ], [ 1624424.325400000438094, 5274637.555499999783933 ], [ 1623612.535799999721348, 5273910.931300000287592 ], [ 1621566.251400000415742, 5273438.874699999578297 ] ] ] } },
{ "type": "Feature", "properties": { "OBJECTID_1": 271, "OBJECTID": 272, "Fault_ID": 758, "Name": "Hunter Valley", "Name_stat": "published", "Lineage": "Modified", "Fault_stat": "A-LS", "DomainName": "Southern Alps", "Domain_No": 19, "Dip_pref": 60, "Dip_min": 40.0, "Dip_max": 70.0, "Dip_dir": "NW", "Dom_sense": "reverse", "Sub_sense": "dextral", "Rake_pref": 110, "Rake_minus": 90, "Rake_plus": 130, "SR_pref": 0.32, "SR_min": 0.01, "SR_max": 0.4, "SRT_pref": null, "SRT_min": null, "SRT_max": null, "SRT_gen": "10,000s yrs", "UpdDth_prf": 0.0, "UpdDth_min": 0.0, "UpdDth_max": 0.0, "Depth_Dfc": 25.2, "Method_Dfc": 1, "Depth_D90": 21.4, "Method_D90": 1.0, "QualCode": 3, "References": "Barrell 2019 (CR2018/207)", "Comments": "Indicated fault(s) in bedrock; Hunter Fault to Hunter Valley Fault (Turnbull 2000). Indicated post-glacial fault scarp. The min SR acknowledges single post-glacial rupture could account for the surface scarp, therefore SR unconstrained maximum", "CompiledBy": "D Barrell", "LastUpdate": "18/11/2020", "Shape_Leng": 55931.406391600001, "Shape_Le_1": 55931.406391600001 }, "geometry": { "type": "MultiLineString", "coordinates": [ [ [ 1305793.042299999855459, 5060475.6968 ], [ 1306127.355000000447035, 5065913.446399999782443 ], [ 1307185.690499999560416, 5069723.454 ], [ 1310360.6968, 5074697.630599999800324 ], [ 1312265.7006, 5079036.80599999986589 ], [ 1317874.878499999642372, 5093959.335799999535084 ], [ 1323907.390599999576807, 5107717.696700000204146 ], [ 1326235.7286, 5112056.872000000439584 ] ] ] } },
{ "type": "Feature", "properties": { "OBJECTID_1": 220, "OBJECTID": 221, "Fault_ID": 706, "Name": "Hunters", "Name_stat": "published", "Lineage": "Modified", "Fault_stat": "A-LS", "DomainName": "Central Canterbury", "Domain_No": 18, "Dip_pref": 60, "Dip_min": 50.0, "Dip_max": 70.0, "Dip_dir": "W", "Dom_sense": "reverse", "Sub_sense": "dextral", "Rake_pref": 110, "Rake_minus": 90, "Rake_plus": 130, "SR_pref": 0.13, "SR_min": 0.02, "SR_max": 0.26, "SRT_pref": null, "SRT_min": null, "SRT_max": null, "SRT_gen": "100,000s yrs", "UpdDth_prf": 0.0, "UpdDth_min": 0.0, "UpdDth_max": 0.0, "Depth_Dfc": 24.3, "Method_Dfc": 1, "Depth_D90": 18.4, "Method_D90": 1.0, "QualCode": 3, "References": "Litchfield et al. 2013, 2014; Barrell 2016 (CR2015/166) and refs therein", "Comments": "Name reverts to the long-standing term on geological maps and literature for this structure, 'Hunters Fault'. SR from Litchfield et al. 2014, rake revised to entertain small dextral component.", "CompiledBy": "D Barrell", "LastUpdate": "12/02/2021", "Shape_Leng": 63749.164271200003, "Shape_Le_1": 63749.164271200003 }, "geometry": { "type": "MultiLineString", "coordinates": [ [ [ 1421191.6469, 5099921.744199999608099 ], [ 1425028.1129, 5096164.653300000354648 ], [ 1427963.229899999685585, 5091052.8931 ], [ 1433146.417500000447035, 5074469.810200000181794 ], [ 1438464.5532, 5062801.661899999715388 ], [ 1439130.275999999605119, 5055185.790699999779463 ], [ 1439655.180499999783933, 5050736.637799999676645 ], [ 1439417.055100000463426, 5040576.617499999701977 ] ] ] } },
{ "type": "Feature", "properties": { "OBJECTID_1": 30, "OBJECTID": 31, "Fault_ID": 667, "Name": "Hurunui Peak", "Name_stat": "published", "Lineage": "Modified", "Fault_stat": "A-LS", "DomainName": "Central Canterbury", "Domain_No": 18, "Dip_pref": 50, "Dip_min": 35.0, "Dip_max": 65.0, "Dip_dir": "NW", "Dom_sense": "reverse", "Sub_sense": "dextral", "Rake_pref": 110, "Rake_minus": 90, "Rake_plus": 130, "SR_pref": 0.6, "SR_min": 0.45, "SR_max": 0.75, "SRT_pref": null, "SRT_min": null, "SRT_max": null, "SRT_gen": "10,000s yrs", "UpdDth_prf": 0.0, "UpdDth_min": 0.0, "UpdDth_max": 0.0, "Depth_Dfc": 27.5, "Method_Dfc": 1, "Depth_D90": 22.9, "Method_D90": 1.0, "QualCode": 3, "References": "Rattenbury et al. 2006; Barrell and Townsend 2012 (CR2012/113); Barrell CFM compilation", "Comments": "Redefinition of part of the Waitohi2017 source. This source represents the Hurunui Peak fault zone, with estimated ~8 m high scarp on inferred 18 ka landforms.", "CompiledBy": "D Barrell", "LastUpdate": "12/02/2021", "Shape_Leng": 27647.089126, "Shape_Le_1": 27647.089126 }, "geometry": { "type": "MultiLineString", "coordinates": [ [ [ 1562067.511599999852479, 5248048.0636 ], [ 1561811.55530000012368, 5251572.0345 ], [ 1562740.046900000423193, 5253331.2818 ], [ 1563371.2489, 5255189.5313 ], [ 1563767.088899999856949, 5257597.67960000038147 ], [ 1564792.502100000157952, 5262054.216300000436604 ], [ 1566405.145499999634922, 5262884.971900000236928 ], [ 1569532.69620000012219, 5263935.633500000461936 ], [ 1571756.189299999736249, 5265352.80489999987185 ], [ 1574072.120299999602139, 5270229.355600000359118 ] ] ] } },
{ "type": "Feature", "properties": { "OBJECTID_1": 364, "OBJECTID": 365, "Fault_ID": 686, "Name": "Hutt Peel", "Name_stat": "published", "Lineage": "Modified", "Fault_stat": "A-LS", "DomainName": "Central Canterbury", "Domain_No": 18, "Dip_pref": 45, "Dip_min": 35.0, "Dip_max": 55.0, "Dip_dir": "NW", "Dom_sense": "reverse", "Sub_sense": null, "Rake_pref": 90, "Rake_minus": 70, "Rake_plus": 110, "SR_pref": 0.9, "SR_min": 0.1, "SR_max": 1.8, "SRT_pref": null, "SRT_min": null, "SRT_max": null, "SRT_gen": "10,000s yrs", "UpdDth_prf": 0.0, "UpdDth_min": 0.0, "UpdDth_max": 0.0, "Depth_Dfc": 25.3, "Method_Dfc": 1, "Depth_D90": 20.2, "Method_D90": 1.0, "QualCode": 3, "References": "Litchfield et al. 2013, 2014; Pettinga et al. 2001", "Comments": "Previously HuttPeel2017 (Goded et al. 2018)", "CompiledBy": null, "LastUpdate": null, "Shape_Leng": 93648.247917600005, "Shape_Le_1": 93648.247917600005 }, "geometry": { "type": "MultiLineString", "coordinates": [ [ [ 1449021.108799999579787, 5121847.369900000281632 ], [ 1453821.909199999645352, 5125081.38190000038594 ], [ 1454846.347799999639392, 5126648.170400000177324 ], [ 1455489.132799999788404, 5129560.789900000207126 ], [ 1457618.358099999837577, 5132834.9759 ], [ 1461791.230700000189245, 5141498.2182 ], [ 1467502.01659999974072, 5144022.006 ], [ 1469373.629200000315905, 5157947.5795 ], [ 1473561.1826, 5163768.553000000305474 ], [ 1475321.7429, 5170282.5115 ], [ 1486888.977800000458956, 5178449.366100000217557 ], [ 1485994.043200000189245, 5199541.451299999840558 ] ] ] } },
{ "type": "Feature", "properties": { "OBJECTID_1": 278, "OBJECTID": 279, "Fault_ID": 754, "Name": "Huxley", "Name_stat": "published", "Lineage": "Modified", "Fault_stat": "N-PS", "DomainName": "Southern Alps", "Domain_No": 19, "Dip_pref": 60, "Dip_min": 40.0, "Dip_max": 70.0, "Dip_dir": "NW", "Dom_sense": "reverse", "Sub_sense": "dextral", "Rake_pref": 110, "Rake_minus": 90, "Rake_plus": 130, "SR_pref": 0.05, "SR_min": 0.01, "SR_max": 0.1, "SRT_pref": null, "SRT_min": null, "SRT_max": null, "SRT_gen": "≥ 1 Ma", "UpdDth_prf": 0.0, "UpdDth_min": 0.0, "UpdDth_max": 0.0, "Depth_Dfc": 21.7, "Method_Dfc": 1, "Depth_D90": 19.7, "Method_D90": 1.0, "QualCode": 3, "References": "Litchfield et al. 2013, 2014; Barrell 2016 (CR2015/166)", "Comments": "Sourced from the Cox et al. 2012 interpretation, the fault as delineated in the NZAFM stepped across several fault structures, some identified as normal faults. Nominal slip rates inferred (no known Late Quaternary scarps).", "CompiledBy": "D Barrell", "LastUpdate": "18/11/2020", "Shape_Leng": 27070.0132032, "Shape_Le_1": 27070.0132032 }, "geometry": { "type": "MultiLineString", "coordinates": [ [ [ 1337465.4063, 5126178.18709999974817 ], [ 1340414.6135, 5129635.187400000169873 ], [ 1342395.661999999545515, 5133791.323200000450015 ], [ 1344737.2292, 5136490.078599999658763 ], [ 1349896.614500000141561, 5141530.401200000196695 ], [ 1354698.811599999666214, 5146808.8492 ] ] ] } },
{ "type": "Feature", "properties": { "OBJECTID_1": 52, "OBJECTID": 53, "Fault_ID": 779, "Name": "Hyde North", "Name_stat": "published", "Lineage": "Modified", "Fault_stat": "A-LS", "DomainName": "Otago", "Domain_No": 20, "Dip_pref": 45, "Dip_min": 30.0, "Dip_max": 60.0, "Dip_dir": "NW", "Dom_sense": "reverse", "Sub_sense": "dextral", "Rake_pref": 110, "Rake_minus": 90, "Rake_plus": 130, "SR_pref": 0.25, "SR_min": 0.13, "SR_max": 0.31, "SRT_pref": null, "SRT_min": null, "SRT_max": null, "SRT_gen": "10,000s yrs", "UpdDth_prf": 0.0, "UpdDth_min": 0.0, "UpdDth_max": 0.0, "Depth_Dfc": 26.3, "Method_Dfc": 1, "Depth_D90": 21.6, "Method_D90": 1.0, "QualCode": 3, "References": "Villamor et al. 2018 (GNS MS 124); Barrell 2021 (CR2020/88); Griffin (UofO PhD in prep)", "Comments": "Reconsideration of trench data interpretations by Griffin (Dec 2020) indicates ~6 m  net slip since ~23 ka, suggesting 0.25 mm/y best estimate. Max is 20% more, and min allows that the slip amount may be all that has occurred since ~65 ka.", "CompiledBy": "D Barrell", "LastUpdate": "12/02/2021", "Shape_Leng": 55218.144015099999, "Shape_Le_1": 55218.144015099999 }, "geometry": { "type": "MultiLineString", "coordinates": [ [ [ 1359963.6267, 4944857.920300000347197 ], [ 1363156.421400000341237, 4946463.206899999640882 ], [ 1367452.114, 4949962.0142 ], [ 1370074.532800000160933, 4953025.485600000247359 ], [ 1370253.2961, 4955256.937300000339746 ], [ 1374894.275600000284612, 4963953.574799999594688 ], [ 1377233.076399999670684, 4967930.088899999856949 ], [ 1380266.3185, 4970817.480000000447035 ], [ 1381853.619099999777973, 4974024.07799999974668 ], [ 1386906.021099999547005, 4990879.608 ] ] ] } },
{ "type": "Feature", "properties": { "OBJECTID_1": 388, "OBJECTID": 389, "Fault_ID": 794, "Name": "Hyde South - The Twins", "Name_stat": "published", "Lineage": "New", "Fault_stat": "N-PS", "DomainName": "Otago", "Domain_No": 20, "Dip_pref": 45, "Dip_min": 30.0, "Dip_max": 60.0, "Dip_dir": "NW", "Dom_sense": "reverse", "Sub_sense": "dextral", "Rake_pref": 110, "Rake_minus": 90, "Rake_plus": 130, "SR_pref": 0.13, "SR_min": 0.065, "SR_max": 0.156, "SRT_pref": null, "SRT_min": null, "SRT_max": null, "SRT_gen": "≥ 1 Ma", "UpdDth_prf": 1.0, "UpdDth_min": 0.5, "UpdDth_max": 1.5, "Depth_Dfc": 31.9, "Method_Dfc": 1, "Depth_D90": 27.0, "Method_D90": 1.0, "QualCode": 3, "References": "Villamor et al. 2018 (GNS MS 124); Barrell 2021 (CR2020/88); Griffin (UofO PhD in prep)", "Comments": "Hyde_south corresponds to 'The Twins moncline' described by Barrell 2020. Best slip rate is 50% of the Hyde north rate, as discussed by Barrell 2020. Classified N-PS due to lack of direct evidence for LQ surface deformation", "CompiledBy": "D Barrell", "LastUpdate": "12/02/2021", "Shape_Leng": 21377.497201900002, "Shape_Le_1": 21377.497201900002 }, "geometry": { "type": "MultiLineString", "coordinates": [ [ [ 1355155.7714, 4924828.368300000205636 ], [ 1354520.5142, 4927770.520899999886751 ], [ 1354317.720700000412762, 4929617.0274 ], [ 1354474.689500000327826, 4932219.543100000359118 ], [ 1354949.737499999813735, 4933350.967199999839067 ], [ 1355518.3772, 4935413.2506 ], [ 1358864.447300000116229, 4939623.3525 ], [ 1359565.052500000223517, 4941690.198300000280142 ], [ 1359710.83490000013262, 4944662.76659999974072 ] ] ] } },
{ "type": "Feature", "properties": { "OBJECTID_1": 338, "OBJECTID": 339, "Fault_ID": 34, "Name": "Ihaia", "Name_stat": "published", "Lineage": "Modified", "Fault_stat": "A-LS", "DomainName": "western North Island", "Domain_No": 3, "Dip_pref": 65, "Dip_min": 55.0, "Dip_max": 75.0, "Dip_dir": "NW", "Dom_sense": "normal", "Sub_sense": null, "Rake_pref": -90, "Rake_minus": -110, "Rake_plus": -70, "SR_pref": 0.8, "SR_min": 0.6, "SR_max": 1.0, "SRT_pref": "5 000", "SRT_min": null, "SRT_max": null, "SRT_gen": "1000s yrs", "UpdDth_prf": 0.0, "UpdDth_min": 0.0, "UpdDth_max": 0.0, "Depth_Dfc": 26.8, "Method_Dfc": 1, "Depth_D90": 21.4, "Method_D90": 1.0, "QualCode": 1, "References": "Townsend et al. 2010; Seebeck et al. 2021", "Comments": "Linework updated from Seebeck et al. (2021). SR from Townsend et al. Myr slip rates 0.03-0.08 mm/yr", "CompiledBy": "H Seebeck", "LastUpdate": "24/12/2020", "Shape_Leng": 14461.9850394, "Shape_Le_1": 14461.9850394 }, "geometry": { "type": "MultiLineString", "coordinates": [ [ [ 1682398.477900000289083, 5643230.8284 ], [ 1678113.296900000423193, 5637759.9896 ], [ 1673685.245900000445545, 5631690.993700000457466 ] ] ] } },
{ "type": "Feature", "properties": { "OBJECTID_1": 15, "OBJECTID": 16, "Fault_ID": 532, "Name": "Inangahua", "Name_stat": "published", "Lineage": "Modified", "Fault_stat": "A-LS", "DomainName": "Northwestern South Island", "Domain_No": 13, "Dip_pref": 60, "Dip_min": 50.0, "Dip_max": 70.0, "Dip_dir": "NW", "Dom_sense": "reverse", "Sub_sense": null, "Rake_pref": 90, "Rake_minus": 70, "Rake_plus": 110, "SR_pref": 0.35, "SR_min": 0.25, "SR_max": 0.5, "SRT_pref": "2-4 Ma", "SRT_min": null, "SRT_max": null, "SRT_gen": null, "UpdDth_prf": 0.0, "UpdDth_min": 0.0, "UpdDth_max": 0.0, "Depth_Dfc": 20.9, "Method_Dfc": 1, "Depth_D90": 16.4, "Method_D90": 1.0, "QualCode": 3, "References": "Anderson et al. 1994; Nathan et al. 2002; Ghisetti, Sibson, Hamling 2016; Barnes & Ghisetti 2016; Lensen and Otway 1971; Lensen and Suggate 1968; Yeats 2000", "Comments": "Line work modified as per Ghisetti et al. CFM update.", "CompiledBy": "F Ghisetti", "LastUpdate": "12/02/2021", "Shape_Leng": 20243.646227599998, "Shape_Le_1": 20243.646227599998 }, "geometry": { "type": "MultiLineString", "coordinates": [ [ [ 1520082.365500000305474, 5381692.848000000230968 ], [ 1519044.721199999563396, 5380074.9074 ], [ 1518732.9572, 5378021.243599999696016 ], [ 1517317.900000000372529, 5374903.678299999795854 ], [ 1515875.3536, 5373164.598600000143051 ], [ 1514713.025999999605119, 5369271.75829999987036 ], [ 1513147.8213, 5367883.567499999888241 ], [ 1511786.212299999780953, 5366117.474299999885261 ], [ 1511071.894000000320375, 5364061.67090000025928 ] ] ] } },
{ "type": "Feature", "properties": { "OBJECTID_1": 117, "OBJECTID": 118, "Fault_ID": 27, "Name": "Inglewood", "Name_stat": "published", "Lineage": "Unmodified", "Fault_stat": "A-LS", "DomainName": "western North Island", "Domain_No": 3, "Dip_pref": 60, "Dip_min": 50.0, "Dip_max": 70.0, "Dip_dir": "SE", "Dom_sense": "normal", "Sub_sense": null, "Rake_pref": -90, "Rake_minus": -110, "Rake_plus": -70, "SR_pref": 0.3, "SR_min": 0.2, "SR_max": 0.4, "SRT_pref": "12 900", "SRT_min": null, "SRT_max": null, "SRT_gen": "10,000s yrs", "UpdDth_prf": 0.0, "UpdDth_min": 0.0, "UpdDth_max": 0.0, "Depth_Dfc": 30.4, "Method_Dfc": 1, "Depth_D90": 25.8, "Method_D90": 1.0, "QualCode": 1, "References": "Litchfield et al. 2013, 2014; Hull 1994, 1996; Hull et al. 1992;", "Comments": null, "CompiledBy": null, "LastUpdate": null, "Shape_Leng": 19891.6608519, "Shape_Le_1": 19891.6608519 }, "geometry": { "type": "MultiLineString", "coordinates": [ [ [ 1697415.012400000356138, 5661532.588999999687076 ], [ 1700926.707600000314415, 5665928.00719999987632 ], [ 1706025.0449, 5665860.722299999557436 ], [ 1714293.600499999709427, 5669818.36670000012964 ] ] ] } },
{ "type": "Feature", "properties": { "OBJECTID_1": 43, "OBJECTID": 44, "Fault_ID": 693, "Name": "Irishman Creek", "Name_stat": "published", "Lineage": "Modified", "Fault_stat": "A-LS", "DomainName": "Central Canterbury", "Domain_No": 18, "Dip_pref": 45, "Dip_min": 30.0, "Dip_max": 60.0, "Dip_dir": "SE", "Dom_sense": "reverse", "Sub_sense": "dextral", "Rake_pref": 110, "Rake_minus": 90, "Rake_plus": 130, "SR_pref": 0.79, "SR_min": 0.61, "SR_max": 1.18, "SRT_pref": null, "SRT_min": null, "SRT_max": null, "SRT_gen": "10,000s yrs", "UpdDth_prf": 0.0, "UpdDth_min": 0.0, "UpdDth_max": 0.0, "Depth_Dfc": 26.2, "Method_Dfc": 1, "Depth_D90": 21.0, "Method_D90": 1.0, "QualCode": 3, "References": "Barrell and Strong 2010 (CR2010/147); Litchfield et al. 2013, 2014; Amos et al. 2007; Pettinga et al. 2001", "Comments": "Dips from Litchfield et al. Revised SRs based on outwash plain offset west of Mt John, with 10 m scarp height from lidar, and well-dated outwash plain.", "CompiledBy": "D Barrell", "LastUpdate": "12/02/2021", "Shape_Leng": 45386.056162000001, "Shape_Le_1": 45386.056162000001 }, "geometry": { "type": "MultiLineString", "coordinates": [ [ [ 1409415.1584, 5149775.3936 ], [ 1402585.740299999713898, 5139442.5274 ], [ 1396503.465900000184774, 5131148.6897 ], [ 1390381.3481, 5128107.739099999889731 ], [ 1384454.669599999673665, 5124509.3986 ], [ 1375670.485399999655783, 5122816.0619 ] ] ] } },
{ "type": "Feature", "properties": { "OBJECTID_1": 32, "OBJECTID": 33, "Fault_ID": 583, "Name": "Jordan", "Name_stat": "published", "Lineage": "Modified", "Fault_stat": "A-LS", "DomainName": "Marlborough Fault System", "Domain_No": 14, "Dip_pref": 37, "Dip_min": 28.0, "Dip_max": 48.0, "Dip_dir": "NW", "Dom_sense": "reverse", "Sub_sense": "dextral", "Rake_pref": 110, "Rake_minus": 90, "Rake_plus": 130, "SR_pref": 20.0, "SR_min": 18.0, "SR_max": 22.0, "SRT_pref": null, "SRT_min": null, "SRT_max": null, "SRT_gen": "10,000s yrs", "UpdDth_prf": 0.0, "UpdDth_min": 0.0, "UpdDth_max": 0.0, "Depth_Dfc": 28.3, "Method_Dfc": 1, "Depth_D90": 21.8, "Method_D90": 1.0, "QualCode": 2, "References": "Litchfield et al. 2013, 2014, 2018; Kearse et al. 2018; Zinke et al. 2019; Howell et al. 2020; Van Dissen 1989; Van Dissen and Yeats 1991; Van Dissen et al. 2005", "Comments": "Modified linework on southern half to more closely follow NZAFD", "CompiledBy": "R Van Dissen, N Litchfield", "LastUpdate": "06/10/2020", "Shape_Leng": 29280.433843, "Shape_Le_1": 29280.433843 }, "geometry": { "type": "MultiLineString", "coordinates": [ [ [ 1667518.067099999636412, 5339043.904799999669194 ], [ 1660027.523699999786913, 5328683.408800000324845 ], [ 1659003.372600000351667, 5321113.656700000166893 ], [ 1657911.331799999810755, 5319474.578300000168383 ], [ 1655359.300099999643862, 5317841.1234 ], [ 1654721.2917, 5314036.7939 ] ] ] } },
{ "type": "Feature", "properties": { "OBJECTID_1": 347, "OBJECTID": 348, "Fault_ID": 510, "Name": "Kahurangi", "Name_stat": "published", "Lineage": "New", "Fault_stat": "A-LS", "DomainName": "Northwestern South Island", "Domain_No": 13, "Dip_pref": 50, "Dip_min": 40.0, "Dip_max": 60.0, "Dip_dir": "SE", "Dom_sense": "reverse", "Sub_sense": null, "Rake_pref": 90, "Rake_minus": 70, "Rake_plus": 110, "SR_pref": 0.35, "SR_min": 0.1, "SR_max": 0.6, "SRT_pref": "100 kyrs", "SRT_min": "13-20 kyrs", "SRT_max": "120 kyrs", "SRT_gen": "100,000s yrs", "UpdDth_prf": 0.0, "UpdDth_min": 0.0, "UpdDth_max": 0.0, "Depth_Dfc": 22.4, "Method_Dfc": 1, "Depth_D90": 17.9, "Method_D90": 1.0, "QualCode": 1, "References": "Barnes and Ghisetti 2016", "Comments": "Line work modified as per Ghisetti et al. CFM update", "CompiledBy": "F Ghisetti", "LastUpdate": "18/11/2020", "Shape_Leng": 103933.356524, "Shape_Le_1": 103933.356524 }, "geometry": { "type": "MultiLineString", "coordinates": [ [ [ 1522687.4194, 5481745.15610000025481 ], [ 1525798.3142, 5493989.000300000421703 ], [ 1529311.665400000289083, 5509565.284199999645352 ], [ 1530097.645600000396371, 5516048.392400000244379 ], [ 1531908.21860000025481, 5518840.371799999848008 ], [ 1536388.019999999552965, 5523690.1771 ], [ 1538208.939899999648333, 5525740.551900000311434 ], [ 1540035.299499999731779, 5527235.46999999973923 ], [ 1541141.766200000420213, 5532084.869800000451505 ], [ 1542116.089200000278652, 5533957.023900000378489 ], [ 1545348.990299999713898, 5535601.3893 ], [ 1549143.007500000298023, 5539883.088499999605119 ], [ 1553366.595800000242889, 5544165.446899999864399 ], [ 1558018.4112, 5548817.727900000289083 ], [ 1560801.442800000309944, 5553614.019600000232458 ], [ 1563277.602900000289083, 5561684.467400000430644 ], [ 1566304.0208, 5566269.949099999852479 ], [ 1570247.535000000149012, 5569754.91509999986738 ] ] ] } },
{ "type": "Feature", "properties": { "OBJECTID_1": 89, "OBJECTID": 90, "Fault_ID": 226, "Name": "Kaiapo", "Name_stat": "published", "Lineage": "Unmodified", "Fault_stat": "A-LS", "DomainName": "Havre Trough - Taupo Rift", "Domain_No": 4, "Dip_pref": 60, "Dip_min": 50.0, "Dip_max": 70.0, "Dip_dir": "NW", "Dom_sense": "normal", "Sub_sense": null, "Rake_pref": -90, "Rake_minus": -110, "Rake_plus": -70, "SR_pref": 1.8, "SR_min": 1.3, "SR_max": 2.3, "SRT_pref": null, "SRT_min": null, "SRT_max": null, "SRT_gen": "10,000s yrs", "UpdDth_prf": 0.0, "UpdDth_min": 0.0, "UpdDth_max": 0.0, "Depth_Dfc": 12.3, "Method_Dfc": 1, "Depth_D90": 10.1, "Method_D90": 1.0, "QualCode": 1, "References": "Litchfield et al. 2013, 2014; Villamor and Berryman 2001; Villamor et al. 2001, 2015", "Comments": null, "CompiledBy": null, "LastUpdate": null, "Shape_Leng": 15460.666617700001, "Shape_Le_1": 15460.666617700001 }, "geometry": { "type": "MultiLineString", "coordinates": [ [ [ 1867355.5642, 5723139.283200000412762 ], [ 1859083.010599999688566, 5710078.001899999566376 ] ] ] } },
{ "type": "Feature", "properties": { "OBJECTID_1": 382, "OBJECTID": 383, "Fault_ID": 799, "Name": "Kaikorai", "Name_stat": "published", "Lineage": "New", "Fault_stat": "N-PS", "DomainName": "Otago", "Domain_No": 20, "Dip_pref": 45, "Dip_min": 30.0, "Dip_max": 60.0, "Dip_dir": "SE", "Dom_sense": "reverse", "Sub_sense": "dextral", "Rake_pref": 110, "Rake_minus": 90, "Rake_plus": 130, "SR_pref": 0.05, "SR_min": 0.01, "SR_max": 0.1, "SRT_pref": null, "SRT_min": null, "SRT_max": null, "SRT_gen": "≥ 1 Ma", "UpdDth_prf": 0.0, "UpdDth_min": 0.0, "UpdDth_max": 0.0, "Depth_Dfc": 26.8, "Method_Dfc": 1, "Depth_D90": 23.7, "Method_D90": 1.0, "QualCode": 3, "References": "Villamor et al. 2018 (GNS MS 124); Barrell 2021 (CR2020/88)", "Comments": "Barrell 2020 suggestion that it is a splay off the Titri and not an independent fault source. For the moment, it is assigned the nominal SR (0.05 pref) applied to other faults of doubtful activity", "CompiledBy": "D Barrell", "LastUpdate": "12/02/2021", "Shape_Leng": 15460.757117, "Shape_Le_1": 15460.757117 }, "geometry": { "type": "MultiLineString", "coordinates": [ [ [ 1397607.863300000317395, 4906756.835400000214577 ], [ 1398917.553399999625981, 4908939.652300000190735 ], [ 1399539.280899999663234, 4911961.92200000025332 ], [ 1400782.869599999859929, 4913265.598399999551475 ], [ 1401812.250900000333786, 4913703.455400000326335 ], [ 1402687.8734, 4914019.662499999627471 ], [ 1402946.263500000350177, 4914666.47759999986738 ], [ 1403910.251899999566376, 4916921.366399999707937 ], [ 1404151.369099999777973, 4917485.0608 ], [ 1404915.837899999693036, 4917879.89850000012666 ], [ 1405657.16260000038892, 4919015.312400000169873 ] ] ] } },
{ "type": "Feature", "properties": { "OBJECTID_1": 654, "OBJECTID": 656, "Fault_ID": 587, "Name": "Kaikoura - Mangamaunu", "Name_stat": "published", "Lineage": "Modified", "Fault_stat": "A-LS", "DomainName": "Marlborough Fault System", "Domain_No": 14, "Dip_pref": 90, "Dip_min": 80.0, "Dip_max": 90.0, "Dip_dir": "Subvertical and variable", "Dom_sense": "dextral", "Sub_sense": null, "Rake_pref": 180, "Rake_minus": 160, "Rake_plus": -160, "SR_pref": 0.7, "SR_min": 0.5, "SR_max": 0.9, "SRT_pref": null, "SRT_min": null, "SRT_max": null, "SRT_gen": null, "UpdDth_prf": 0.0, "UpdDth_min": 0.0, "UpdDth_max": 0.0, "Depth_Dfc": 19.1, "Method_Dfc": 3, "Depth_D90": 16.6, "Method_D90": 1.0, "QualCode": 3, "References": "Barnes and Audru, 1999b; Barrell 2014; Barnes et al. 2015", "Comments": "Linework of Lithchfield et al (20140 modified Offshore Kaikoura previously named MS05 in Stirling et al (2012). Vertical rate only (Barnes and Audru, 1999; Barnes et al. (2015). Mangamaunu from Barrell (2014).", "CompiledBy": "P Barnes", "LastUpdate": "21/12/2020", "Shape_Leng": 33048.062209299998, "Shape_Le_1": 33048.062209299998 }, "geometry": { "type": "MultiLineString", "coordinates": [ [ [ 1657687.202600000426173, 5315196.550499999895692 ], [ 1671166.408099999651313, 5316923.5214 ], [ 1689523.9161, 5323376.581399999558926 ] ] ] } },
{ "type": "Feature", "properties": { "OBJECTID_1": 667, "OBJECTID": 669, "Fault_ID": 384, "Name": "Kairakau 2", "Name_stat": "published", "Lineage": "Unmodified", "Fault_stat": "A-LS", "DomainName": "Hikurangi accretionary margin", "Domain_No": 7, "Dip_pref": 40, "Dip_min": 30.0, "Dip_max": 50.0, "Dip_dir": "NW", "Dom_sense": "reverse", "Sub_sense": null, "Rake_pref": 90, "Rake_minus": 70, "Rake_plus": 110, "SR_pref": 1.0, "SR_min": 0.5, "SR_max": 1.5, "SRT_pref": null, "SRT_min": null, "SRT_max": null, "SRT_gen": "1000s yrs", "UpdDth_prf": 0.0, "UpdDth_min": 0.0, "UpdDth_max": 0.0, "Depth_Dfc": 14.2, "Method_Dfc": 3, "Depth_D90": 14.2, "Method_D90": 3.0, "QualCode": 2, "References": "Mountjoy and Barnes 2011; Paquet et al. 2011; Litchfield et al. 2013, 2014", "Comments": null, "CompiledBy": null, "LastUpdate": null, "Shape_Leng": 19727.905580499999, "Shape_Le_1": 19727.905580499999 }, "geometry": { "type": "MultiLineString", "coordinates": [ [ [ 1943752.316999999806285, 5561140.8723 ], [ 1949946.3081, 5564237.86780000012368 ], [ 1952527.137799999676645, 5566732.669800000265241 ], [ 1953645.4973, 5569227.471800000406802 ], [ 1954202.696700000204146, 5572496.13260000012815 ], [ 1953559.469600000418723, 5575593.518299999646842 ] ] ] } },
{ "type": "Feature", "properties": { "OBJECTID_1": 677, "OBJECTID": 680, "Fault_ID": 383, "Name": "Kairakau North", "Name_stat": "published", "Lineage": "Unmodified", "Fault_stat": "A-LS", "DomainName": "Hikurangi accretionary margin", "Domain_No": 7, "Dip_pref": 40, "Dip_min": 30.0, "Dip_max": 50.0, "Dip_dir": "NW", "Dom_sense": "reverse", "Sub_sense": null, "Rake_pref": 90, "Rake_minus": 70, "Rake_plus": 110, "SR_pref": 1.0, "SR_min": 0.5, "SR_max": 1.5, "SRT_pref": null, "SRT_min": null, "SRT_max": null, "SRT_gen": "1000s yrs", "UpdDth_prf": 0.0, "UpdDth_min": 0.0, "UpdDth_max": 0.0, "Depth_Dfc": 14.7, "Method_Dfc": 3, "Depth_D90": 14.7, "Method_D90": 3.0, "QualCode": 2, "References": "Mountjoy and Barnes 2011; Paquet et al. 2011; Litchfield et al. 2013, 2014", "Comments": null, "CompiledBy": null, "LastUpdate": null, "Shape_Leng": 17612.8995092, "Shape_Le_1": 17612.8995092 }, "geometry": { "type": "MultiLineString", "coordinates": [ [ [ 1942289.846800000406802, 5562345.259399999864399 ], [ 1948569.8657, 5567592.946399999782443 ], [ 1953559.469600000418723, 5575593.518299999646842 ] ] ] } },
{ "type": "Feature", "properties": { "OBJECTID_1": 666, "OBJECTID": 668, "Fault_ID": 386, "Name": "Kairakau South", "Name_stat": "published", "Lineage": "Unmodified", "Fault_stat": "A-LS", "DomainName": "Hikurangi accretionary margin", "Domain_No": 7, "Dip_pref": 40, "Dip_min": 30.0, "Dip_max": 50.0, "Dip_dir": "NW", "Dom_sense": "reverse", "Sub_sense": null, "Rake_pref": 90, "Rake_minus": 70, "Rake_plus": 110, "SR_pref": 3.0, "SR_min": 2.0, "SR_max": 4.0, "SRT_pref": null, "SRT_min": null, "SRT_max": null, "SRT_gen": "1000s yrs", "UpdDth_prf": 0.0, "UpdDth_min": 0.0, "UpdDth_max": 0.0, "Depth_Dfc": 14.3, "Method_Dfc": 3, "Depth_D90": 14.3, "Method_D90": 3.0, "QualCode": 2, "References": "Barnes et al. 2010; Paquet et al. 2011; Mountjoy and Barnes 2011; Ota et al. 1988a; Litchfield et al. 2013, 2014", "Comments": null, "CompiledBy": null, "LastUpdate": null, "Shape_Leng": 33859.050235199997, "Shape_Le_1": 33859.050235199997 }, "geometry": { "type": "MultiLineString", "coordinates": [ [ [ 1922847.596800000406802, 5534816.409799999557436 ], [ 1928004.4463, 5538754.7056 ], [ 1943752.316999999806285, 5561140.8723 ] ] ] } },
{ "type": "Feature", "properties": { "OBJECTID_1": 16, "OBJECTID": 17, "Fault_ID": 634, "Name": "Kaiwara North", "Name_stat": "published", "Lineage": "Modified", "Fault_stat": "A-LS", "DomainName": "Northeastern Canterbury", "Domain_No": 17, "Dip_pref": 50, "Dip_min": 35.0, "Dip_max": 65.0, "Dip_dir": "W", "Dom_sense": "reverse", "Sub_sense": null, "Rake_pref": 90, "Rake_minus": 70, "Rake_plus": 110, "SR_pref": 0.42, "SR_min": 0.18, "SR_max": 0.83, "SRT_pref": null, "SRT_min": null, "SRT_max": null, "SRT_gen": null, "UpdDth_prf": 0.0, "UpdDth_min": 0.0, "UpdDth_max": 0.0, "Depth_Dfc": 26.7, "Method_Dfc": 1, "Depth_D90": 20.1, "Method_D90": 1.0, "QualCode": 3, "References": "Barrell and Townsend 2012; Goded et al. 2018", "Comments": "Previously KaiwaraN2017 (Goded et al. 2018)", "CompiledBy": null, "LastUpdate": null, "Shape_Leng": 25329.168584800002, "Shape_Le_1": 25329.168584800002 }, "geometry": { "type": "MultiLineString", "coordinates": [ [ [ 1622289.172899999655783, 5284492.541199999861419 ], [ 1622282.045099999755621, 5282271.7281 ], [ 1618717.862300000153482, 5278580.856300000101328 ], [ 1615546.727300000376999, 5265818.733900000341237 ], [ 1612675.715099999681115, 5261938.047799999825656 ] ] ] } },
{ "type": "Feature", "properties": { "OBJECTID_1": 17, "OBJECTID": 18, "Fault_ID": 642, "Name": "Kaiwara South", "Name_stat": "published", "Lineage": "Modified", "Fault_stat": "A-LS", "DomainName": "Northeastern Canterbury", "Domain_No": 17, "Dip_pref": 50, "Dip_min": 35.0, "Dip_max": 65.0, "Dip_dir": "SE", "Dom_sense": "reverse", "Sub_sense": "dextral", "Rake_pref": 110, "Rake_minus": 90, "Rake_plus": 130, "SR_pref": 0.45, "SR_min": 0.19, "SR_max": 0.91, "SRT_pref": null, "SRT_min": null, "SRT_max": null, "SRT_gen": null, "UpdDth_prf": 0.0, "UpdDth_min": 0.0, "UpdDth_max": 0.0, "Depth_Dfc": 25.2, "Method_Dfc": 1, "Depth_D90": 17.9, "Method_D90": 1.0, "QualCode": 3, "References": "Barrell and Townsend 2012; Goded et al. 2018; Litchfield et al. 2003", "Comments": "Previously KaiwaraS2017 (Goded et al. 2018)", "CompiledBy": null, "LastUpdate": null, "Shape_Leng": 33836.76327470001, "Shape_Le_1": 33836.76327470001 }, "geometry": { "type": "MultiLineString", "coordinates": [ [ [ 1605852.629200000315905, 5252323.2922 ], [ 1600136.048999999649823, 5249364.5482 ], [ 1595710.954800000414252, 5246662.206899999640882 ], [ 1573792.1771, 5243047.152200000360608 ] ] ] } },
{ "type": "Feature", "properties": { "OBJECTID_1": 18, "OBJECTID": 19, "Fault_ID": 592, "Name": "Kakapo", "Name_stat": "published", "Lineage": "Modified", "Fault_stat": "A-LS", "DomainName": "Marlborough Fault System", "Domain_No": 14, "Dip_pref": 80, "Dip_min": 70.0, "Dip_max": 90.0, "Dip_dir": "NW", "Dom_sense": "dextral", "Sub_sense": "reverse", "Rake_pref": 160, "Rake_minus": 140, "Rake_plus": 180, "SR_pref": 6.4, "SR_min": 4.4, "SR_max": 8.4, "SRT_pref": null, "SRT_min": null, "SRT_max": null, "SRT_gen": "10,000s yrs", "UpdDth_prf": 0.0, "UpdDth_min": 0.0, "UpdDth_max": 0.0, "Depth_Dfc": 27.0, "Method_Dfc": 1, "Depth_D90": 22.3, "Method_D90": 1.0, "QualCode": 1, "References": "Freund 1971; Knuepfer 1984, 1992; Litchfield et al. 2013, 2014; Pettinga et al. 2001; Yang 1991, 1992", "Comments": "Line modified to more closely align with NZAFD", "CompiledBy": "R Van Dissen, N Litchfield", "LastUpdate": "13/10/2020", "Shape_Leng": 50429.744208199998, "Shape_Le_1": 50429.744208199998 }, "geometry": { "type": "MultiLineString", "coordinates": [ [ [ 1565008.574400000274181, 5284786.731999999843538 ], [ 1560715.949799999594688, 5282255.065999999642372 ], [ 1547719.177899999544024, 5277891.4534 ], [ 1538105.060399999842048, 5272703.1392 ], [ 1527762.8788, 5272208.9655 ], [ 1517305.731700000353158, 5272100.483099999837577 ] ] ] } },
{ "type": "Feature", "properties": { "OBJECTID_1": 149, "OBJECTID": 150, "Fault_ID": 400, "Name": "Kaumingi", "Name_stat": "published", "Lineage": "Unmodified", "Fault_stat": "A-LS", "DomainName": "Hikurangi accretionary margin", "Domain_No": 7, "Dip_pref": 70, "Dip_min": 60.0, "Dip_max": 80.0, "Dip_dir": "NW", "Dom_sense": "dextral", "Sub_sense": "normal", "Rake_pref": -160, "Rake_minus": -180, "Rake_plus": -140, "SR_pref": 1.0, "SR_min": 0.5, "SR_max": 1.5, "SRT_pref": null, "SRT_min": null, "SRT_max": null, "SRT_gen": null, "UpdDth_prf": 0.0, "UpdDth_min": 0.0, "UpdDth_max": 0.0, "Depth_Dfc": 14.4, "Method_Dfc": 3, "Depth_D90": 14.4, "Method_D90": 3.0, "QualCode": 3, "References": "Litchfield et al. 2013, 2014; Lee and Begg 2002; Robinson et al. 2011", "Comments": null, "CompiledBy": null, "LastUpdate": null, "Shape_Leng": 24837.607463699998, "Shape_Le_1": 24837.607463699998 }, "geometry": { "type": "MultiLineString", "coordinates": [ [ [ 1854941.208999999798834, 5457226.049700000323355 ], [ 1850391.0006, 5455205.55530000012368 ], [ 1845405.6793, 5453755.32120000012219 ], [ 1841261.097400000318885, 5453173.595599999651313 ], [ 1833024.438900000415742, 5451042.3843 ], [ 1831053.0526, 5450943.267099999822676 ] ] ] } },
{ "type": "Feature", "properties": { "OBJECTID_1": 129, "OBJECTID": 130, "Fault_ID": 305, "Name": "Kaweka", "Name_stat": "published", "Lineage": "Modified", "Fault_stat": "A-LS", "DomainName": "North Island Dextral Fault Belt", "Domain_No": 5, "Dip_pref": 75, "Dip_min": 60.0, "Dip_max": 90.0, "Dip_dir": "NW", "Dom_sense": "dextral", "Sub_sense": "normal", "Rake_pref": -160, "Rake_minus": -180, "Rake_plus": -140, "SR_pref": 1.0, "SR_min": 0.5, "SR_max": 1.5, "SRT_pref": null, "SRT_min": null, "SRT_max": null, "SRT_gen": null, "UpdDth_prf": 0.0, "UpdDth_min": 0.0, "UpdDth_max": 0.0, "Depth_Dfc": 34.5, "Method_Dfc": 1, "Depth_D90": 23.9, "Method_D90": 1.0, "QualCode": 3, "References": "Langridge and Morgenstern 2020b", "Comments": "modified from Kaweka acknowledging change from Snowgrss to Manaohane", "CompiledBy": "R Langridge, R Morgenstern", "LastUpdate": "25/11/2020", "Shape_Leng": 59151.701252899999, "Shape_Le_1": 59151.701252899999 }, "geometry": { "type": "MultiLineString", "coordinates": [ [ [ 1900448.54, 5653224.9956 ], [ 1884507.6354, 5633819.243300000205636 ], [ 1872329.038099999539554, 5628574.197300000116229 ], [ 1865662.03870000038296, 5621781.143299999646842 ], [ 1856476.3673, 5615268.955799999646842 ] ] ] } },
{ "type": "Feature", "properties": { "OBJECTID_1": 241, "OBJECTID": 242, "Fault_ID": 578, "Name": "Kekerengu 1", "Name_stat": "published", "Lineage": "Unmodified", "Fault_stat": "A-LS", "DomainName": "Marlborough Fault System", "Domain_No": 14, "Dip_pref": 60, "Dip_min": 50.0, "Dip_max": 70.0, "Dip_dir": "NW", "Dom_sense": "dextral and reverse", "Sub_sense": null, "Rake_pref": 135, "Rake_minus": 115, "Rake_plus": 155, "SR_pref": 23.0, "SR_min": 20.0, "SR_max": 26.0, "SRT_pref": null, "SRT_min": null, "SRT_max": null, "SRT_gen": "10,000s yrs", "UpdDth_prf": 0.0, "UpdDth_min": 0.0, "UpdDth_max": 0.0, "Depth_Dfc": 25.9, "Method_Dfc": 1, "Depth_D90": 18.3, "Method_D90": 1.0, "QualCode": 1, "References": "Litchfield et al. 2013, 2014, 2018; Kearse et al. 2018; Knuepfer 1992; Howell et al. 2020; Little et al. 2018; Morris et al. 2021; Robinson et al. 2011; Van Dissen et al. 2005, 2016", "Comments": null, "CompiledBy": null, "LastUpdate": null, "Shape_Leng": 27652.066588199999, "Shape_Le_1": 27652.066588199999 }, "geometry": { "type": "MultiLineString", "coordinates": [ [ [ 1689692.809500000439584, 5354993.5702 ], [ 1681515.6574, 5351367.727900000289083 ], [ 1675916.996100000105798, 5347379.329400000162423 ], [ 1667518.067099999636412, 5339043.904799999669194 ] ] ] } },
{ "type": "Feature", "properties": { "OBJECTID_1": 569, "OBJECTID": 571, "Fault_ID": 416, "Name": "Kekerengu Bank", "Name_stat": "published", "Lineage": "Unmodified", "Fault_stat": "N-PS", "DomainName": "Hikurangi accretionary margin", "Domain_No": 7, "Dip_pref": 45, "Dip_min": 30.0, "Dip_max": 60.0, "Dip_dir": "NW", "Dom_sense": "dextral and reverse", "Sub_sense": null, "Rake_pref": 135, "Rake_minus": 115, "Rake_plus": 155, "SR_pref": 3.0, "SR_min": 1.0, "SR_max": 4.0, "SRT_pref": null, "SRT_min": null, "SRT_max": null, "SRT_gen": "100,000s yrs", "UpdDth_prf": 1.0, "UpdDth_min": 0.0, "UpdDth_max": 1.5, "Depth_Dfc": 15.0, "Method_Dfc": 3, "Depth_D90": 15.0, "Method_D90": 3.0, "QualCode": 2, "References": "Barnes et al. 2010, 2015; Wallace et al. 2012", "Comments": "Revised  position. Increased SR based on R3 horizon in PEG09 seismic data, and consistent with Wallace et al 2012  kinematic model.", "CompiledBy": "P Barnes", "LastUpdate": "13/11/2020", "Shape_Leng": 104325.089741, "Shape_Le_1": 104325.089741 }, "geometry": { "type": "MultiLineString", "coordinates": [ [ [ 1780755.228199999779463, 5356659.046699999831617 ], [ 1777262.721199999563396, 5354436.5422 ], [ 1764774.3629, 5349991.533300000242889 ], [ 1751824.34360000025481, 5343584.997000000439584 ], [ 1745218.406700000166893, 5342584.619800000451505 ], [ 1739564.471099999733269, 5339741.148400000296533 ], [ 1726878.249099999666214, 5329621.4792 ], [ 1720910.753499999642372, 5321323.85259999986738 ], [ 1710618.557900000363588, 5311023.862800000235438 ], [ 1707937.640700000338256, 5309145.980000000447035 ], [ 1700305.268899999558926, 5305919.0948 ], [ 1694818.389600000344217, 5301731.43680000025779 ] ] ] } },
{ "type": "Feature", "properties": { "OBJECTID_1": 19, "OBJECTID": 20, "Fault_ID": 593, "Name": "Kelly", "Name_stat": "published", "Lineage": "Modified", "Fault_stat": "A-LS", "DomainName": "Marlborough Fault System", "Domain_No": 14, "Dip_pref": 70, "Dip_min": 50.0, "Dip_max": 90.0, "Dip_dir": "NW", "Dom_sense": "dextral", "Sub_sense": null, "Rake_pref": 180, "Rake_minus": 160, "Rake_plus": -160, "SR_pref": 13.0, "SR_min": 9.7, "SR_max": 16.3, "SRT_pref": null, "SRT_min": null, "SRT_max": null, "SRT_gen": "10,000s yrs", "UpdDth_prf": 0.0, "UpdDth_min": 0.0, "UpdDth_max": 0.0, "Depth_Dfc": 11.1, "Method_Dfc": 3, "Depth_D90": 11.1, "Method_D90": 3.0, "QualCode": 3, "References": "Litchfield et al. 2013, 2014; Langridge CFM compilation", "Comments": "Changed sense from dextral-reverse to dextral-normal. SR is assigned to be 3/4 of the Hope Hurunui SR. Uncertainties also 3/4 of Hope Hurunui uncertainties", "CompiledBy": "R Van Dissen, N Litchfield", "LastUpdate": "13/10/2020", "Shape_Leng": 58746.364682500003, "Shape_Le_1": 58746.364682500003 }, "geometry": { "type": "MultiLineString", "coordinates": [ [ [ 1503829.421, 5267021.321000000461936 ], [ 1498188.082000000402331, 5263629.713399999774992 ], [ 1478149.519999999552965, 5258482.929999999701977 ], [ 1470645.286999999545515, 5253969.270899999886751 ], [ 1459198.3421, 5249848.361100000329316 ], [ 1448649.962899999693036, 5249579.2971 ] ] ] } },
{ "type": "Feature", "properties": { "OBJECTID_1": 59, "OBJECTID": 60, "Fault_ID": 8, "Name": "Kerepehi Awaiti", "Name_stat": "published", "Lineage": "Modified", "Fault_stat": "A-LS", "DomainName": "North Waikato - South Auckland", "Domain_No": 2, "Dip_pref": 60, "Dip_min": 45.0, "Dip_max": 70.0, "Dip_dir": "W", "Dom_sense": "normal", "Sub_sense": "dextral", "Rake_pref": -110, "Rake_minus": -130, "Rake_plus": -90, "SR_pref": 0.15, "SR_min": 0.12, "SR_max": 0.23, "SRT_pref": null, "SRT_min": null, "SRT_max": null, "SRT_gen": "10,000s yrs", "UpdDth_prf": 0.0, "UpdDth_min": 0.0, "UpdDth_max": 0.0, "Depth_Dfc": 21.7, "Method_Dfc": 1, "Depth_D90": 17.0, "Method_D90": 1.0, "QualCode": 1, "References": "Persaud et al. 2016: Buxton and Langridge 2017", "Comments": "Former Kerehepi North. New mapping and slip rate from Persaud et al 2016; new sources modified from GNS CR_2017-234 and CR 2017-177 reached coast as per Vibroseis data UoA (Eccles student)", "CompiledBy": "P Villamor", "LastUpdate": "07/11/2020", "Shape_Leng": 31101.980434500001, "Shape_Le_1": 31101.980434500001 }, "geometry": { "type": "MultiLineString", "coordinates": [ [ [ 1819395.94620000012219, 5879733.907999999821186 ], [ 1833350.081000000238419, 5851937.949500000104308 ] ] ] } },
{ "type": "Feature", "properties": { "OBJECTID_1": 444, "OBJECTID": 445, "Fault_ID": 12, "Name": "Kerepehi Elstow", "Name_stat": "published", "Lineage": "New", "Fault_stat": "A-LS", "DomainName": "North Waikato - South Auckland", "Domain_No": 2, "Dip_pref": 60, "Dip_min": 45.0, "Dip_max": 70.0, "Dip_dir": "W", "Dom_sense": "normal", "Sub_sense": "dextral", "Rake_pref": -110, "Rake_minus": -130, "Rake_plus": -90, "SR_pref": 0.23, "SR_min": 0.21, "SR_max": 0.32, "SRT_pref": "20 000", "SRT_min": "17 500", "SRT_max": "22 500", "SRT_gen": "10,000s yrs", "UpdDth_prf": 0.0, "UpdDth_min": 0.0, "UpdDth_max": 0.0, "Depth_Dfc": 21.5, "Method_Dfc": 1, "Depth_D90": 17.0, "Method_D90": 1.0, "QualCode": 1, "References": "Persaud et al. 2016: Buxton and Langridge 2017", "Comments": "New mapping and slip rate from Persaud et al 2016; new sources modified from GNS CR_2017-234 and CR 2017-177", "CompiledBy": "P Villamor", "LastUpdate": "07/11/2020", "Shape_Leng": 10260.650738800001, "Shape_Le_1": 10260.650738800001 }, "geometry": { "type": "MultiLineString", "coordinates": [ [ [ 1831992.402099999599159, 5844182.737499999813735 ], [ 1829708.519399999640882, 5850203.9156 ], [ 1827611.1283, 5853397.665699999779463 ] ] ] } },
{ "type": "Feature", "properties": { "OBJECTID_1": 450, "OBJECTID": 451, "Fault_ID": 3, "Name": "Kerepehi Offshore", "Name_stat": "published", "Lineage": "New", "Fault_stat": "A-LS", "DomainName": "North Waikato - South Auckland", "Domain_No": 2, "Dip_pref": 60, "Dip_min": 50.0, "Dip_max": 70.0, "Dip_dir": "W", "Dom_sense": "normal", "Sub_sense": "dextral", "Rake_pref": -110, "Rake_minus": -130, "Rake_plus": -90, "SR_pref": 0.1, "SR_min": 0.05, "SR_max": 0.15, "SRT_pref": null, "SRT_min": null, "SRT_max": null, "SRT_gen": "10,000s yrs", "UpdDth_prf": 0.0, "UpdDth_min": 0.0, "UpdDth_max": 0.0, "Depth_Dfc": 22.3, "Method_Dfc": 1, "Depth_D90": 17.0, "Method_D90": 1.0, "QualCode": 2, "References": "Chick et al. 2001; Persaud et al. 2016", "Comments": "Continuation of segmented Kerepehi Fault into Firth of Thames as per Chick et al 2001", "CompiledBy": "H Seebeck", "LastUpdate": "01/12/2020", "Shape_Leng": 15051.0780725, "Shape_Le_1": 15051.0780725 }, "geometry": { "type": "MultiLineString", "coordinates": [ [ [ 1817415.612200000323355, 5878798.717799999751151 ], [ 1814769.7736, 5893615.414099999703467 ] ] ] } },
{ "type": "Feature", "properties": { "OBJECTID_1": 445, "OBJECTID": 446, "Fault_ID": 17, "Name": "Kerepehi Okoroire", "Name_stat": "published", "Lineage": "New", "Fault_stat": "A-LS", "DomainName": "North Waikato - South Auckland", "Domain_No": 2, "Dip_pref": 60, "Dip_min": 45.0, "Dip_max": 70.0, "Dip_dir": "W", "Dom_sense": "normal", "Sub_sense": "dextral", "Rake_pref": -110, "Rake_minus": -130, "Rake_plus": -90, "SR_pref": 0.14, "SR_min": 0.1, "SR_max": 0.24, "SRT_pref": "20 000", "SRT_min": "17 500", "SRT_max": "22 500", "SRT_gen": "10,000s yrs", "UpdDth_prf": 0.0, "UpdDth_min": 0.0, "UpdDth_max": 0.0, "Depth_Dfc": 21.0, "Method_Dfc": 1, "Depth_D90": 16.8, "Method_D90": 1.0, "QualCode": 1, "References": "Persaud et al. 2016; Buxton and Langridge 2017", "Comments": "Persaud et al 2016; GNS CR_2017-177, CR_2017-238", "CompiledBy": "P Villamor", "LastUpdate": "07/11/2020", "Shape_Leng": 5341.53460524, "Shape_Le_1": 5341.53460524 }, "geometry": { "type": "MultiLineString", "coordinates": [ [ [ 1847293.082000000402331, 5797798.345700000412762 ], [ 1844318.014499999582767, 5802234.669099999591708 ] ] ] } },
{ "type": "Feature", "properties": { "OBJECTID_1": 61, "OBJECTID": 62, "Fault_ID": 14, "Name": "Kerepehi Te Poi", "Name_stat": "published", "Lineage": "Modified", "Fault_stat": "A-LS", "DomainName": "North Waikato - South Auckland", "Domain_No": 2, "Dip_pref": 60, "Dip_min": 45.0, "Dip_max": 70.0, "Dip_dir": "W", "Dom_sense": "normal", "Sub_sense": "dextral", "Rake_pref": -110, "Rake_minus": -130, "Rake_plus": -90, "SR_pref": 0.4, "SR_min": 0.31, "SR_max": 0.65, "SRT_pref": "20 000", "SRT_min": "17 500", "SRT_max": "22 500", "SRT_gen": "10,000s yrs", "UpdDth_prf": 0.0, "UpdDth_min": 0.0, "UpdDth_max": 0.0, "Depth_Dfc": 21.3, "Method_Dfc": 1, "Depth_D90": 17.0, "Method_D90": 1.0, "QualCode": 1, "References": "Persaud et al. 2016; Buxton and Langridge 2017", "Comments": "Former Kerepehi South; New mapping and slip rate from Persaud et al 2016; new sources modified from GNS CR_2017-234 and CR_2017-177", "CompiledBy": "P Villamor", "LastUpdate": "07/11/2020", "Shape_Leng": 26930.152764499999, "Shape_Le_1": 26930.152764499999 }, "geometry": { "type": "MultiLineString", "coordinates": [ [ [ 1838206.84389999974519, 5828016.7972 ], [ 1845199.5422, 5817575.978500000201166 ], [ 1850667.30460000038147, 5804293.369800000451505 ] ] ] } },
{ "type": "Feature", "properties": { "OBJECTID_1": 60, "OBJECTID": 61, "Fault_ID": 13, "Name": "Kerepehi Waitoa", "Name_stat": "published", "Lineage": "Modified", "Fault_stat": "A-LS", "DomainName": "North Waikato - South Auckland", "Domain_No": 2, "Dip_pref": 60, "Dip_min": 45.0, "Dip_max": 70.0, "Dip_dir": "W", "Dom_sense": "normal", "Sub_sense": "dextral", "Rake_pref": -110, "Rake_minus": -130, "Rake_plus": -90, "SR_pref": 0.35, "SR_min": 0.26, "SR_max": 0.57, "SRT_pref": "20 000", "SRT_min": "17 500", "SRT_max": "22 500", "SRT_gen": "10,000s yrs", "UpdDth_prf": 0.0, "UpdDth_min": 0.0, "UpdDth_max": 0.0, "Depth_Dfc": 21.4, "Method_Dfc": 1, "Depth_D90": 17.0, "Method_D90": 1.0, "QualCode": 1, "References": "Persaud et al. 2016", "Comments": "Former Kerepehi Central: New mapping and slip rate from Persaud et al 2016; new sources modified from GNS CR_2017-234 and CR_2017-177", "CompiledBy": "P Villamor", "LastUpdate": "07/11/2020", "Shape_Leng": 33705.90939030001, "Shape_Le_1": 33705.90939030001 }, "geometry": { "type": "MultiLineString", "coordinates": [ [ [ 1827261.042100000195205, 5849747.075199999846518 ], [ 1833750.223500000312924, 5834712.147099999710917 ], [ 1844725.390999999828637, 5826194.678100000135601 ], [ 1845681.823099999688566, 5822892.537899999879301 ] ] ] } },
{ "type": "Feature", "properties": { "OBJECTID_1": 169, "OBJECTID": 170, "Fault_ID": 338, "Name": "Kereu", "Name_stat": "published", "Lineage": "Unmodified", "Fault_stat": "A-LS", "DomainName": "East Cape block", "Domain_No": 6, "Dip_pref": 60, "Dip_min": 50.0, "Dip_max": 70.0, "Dip_dir": "S", "Dom_sense": "reverse", "Sub_sense": null, "Rake_pref": 90, "Rake_minus": 70, "Rake_plus": 110, "SR_pref": 0.1, "SR_min": 0.0, "SR_max": 0.5, "SRT_pref": null, "SRT_min": null, "SRT_max": null, "SRT_gen": "100,000s yrs", "UpdDth_prf": 0.0, "UpdDth_min": 0.0, "UpdDth_max": 0.0, "Depth_Dfc": 30.5, "Method_Dfc": 1, "Depth_D90": 25.6, "Method_D90": 1.0, "QualCode": 3, "References": "Litchfield et al. 2013, 2014; Mazengarb and Speden 2000", "Comments": null, "CompiledBy": null, "LastUpdate": null, "Shape_Leng": 17346.422026799999, "Shape_Le_1": 17346.422026799999 }, "geometry": { "type": "MultiLineString", "coordinates": [ [ [ 2015075.1694, 5816301.7983 ], [ 2017756.737999999895692, 5814548.122100000269711 ], [ 2019452.809899999760091, 5813007.505599999800324 ], [ 2023800.1184, 5811371.810399999842048 ], [ 2026512.772900000214577, 5810843.625199999660254 ], [ 2030633.235000000335276, 5809182.846099999733269 ] ] ] } },
{ "type": "Feature", "properties": { "OBJECTID_1": 676, "OBJECTID": 679, "Fault_ID": 373, "Name": "Kidnappers Ridge", "Name_stat": "published", "Lineage": "Unmodified", "Fault_stat": "A-LS", "DomainName": "Hikurangi accretionary margin", "Domain_No": 7, "Dip_pref": 40, "Dip_min": 30.0, "Dip_max": 50.0, "Dip_dir": "NW", "Dom_sense": "reverse", "Sub_sense": null, "Rake_pref": 90, "Rake_minus": 70, "Rake_plus": 110, "SR_pref": 1.5, "SR_min": 1.0, "SR_max": 2.0, "SRT_pref": null, "SRT_min": null, "SRT_max": null, "SRT_gen": "100,000s yrs", "UpdDth_prf": 0.0, "UpdDth_min": 0.0, "UpdDth_max": 0.0, "Depth_Dfc": 16.2, "Method_Dfc": 3, "Depth_D90": 16.2, "Method_D90": 3.0, "QualCode": 2, "References": "Barnes et al. 2002; Barnes and Nicol 2004; Litchfield et al. 2013, 2014", "Comments": null, "CompiledBy": null, "LastUpdate": null, "Shape_Leng": 57437.9291008, "Shape_Le_1": 57437.9291008 }, "geometry": { "type": "MultiLineString", "coordinates": [ [ [ 1953778.1897, 5594931.733300000429153 ], [ 1968510.867200000211596, 5600768.36089999973774 ], [ 1984927.277599999681115, 5616345.995799999684095 ], [ 1998813.31969999987632, 5629256.021599999628961 ] ] ] } },
{ "type": "Feature", "properties": { "OBJECTID_1": 339, "OBJECTID": 340, "Fault_ID": 36, "Name": "Kiri", "Name_stat": "published", "Lineage": "Modified", "Fault_stat": "A-LS", "DomainName": "western North Island", "Domain_No": 3, "Dip_pref": 65, "Dip_min": 55.0, "Dip_max": 75.0, "Dip_dir": "NW", "Dom_sense": "normal", "Sub_sense": null, "Rake_pref": -90, "Rake_minus": -110, "Rake_plus": -70, "SR_pref": 0.65, "SR_min": 0.43, "SR_max": 0.87, "SRT_pref": "8 600", "SRT_min": null, "SRT_max": null, "SRT_gen": "1000s yrs", "UpdDth_prf": 0.0, "UpdDth_min": 0.0, "UpdDth_max": 0.0, "Depth_Dfc": 26.8, "Method_Dfc": 1, "Depth_D90": 21.6, "Method_D90": 1.0, "QualCode": 1, "References": "Townsend et al. 2010; Seebeck et al. 2021", "Comments": "Linework updated from Seebeck et al. (2021). SR from Townsend et al. Myr slip rates 0.01-0.02 mm/yr", "CompiledBy": "H Seebeck", "LastUpdate": "30/04/2021", "Shape_Leng": 14296.939531, "Shape_Le_1": 14296.939531 }, "geometry": { "type": "MultiLineString", "coordinates": [ [ [ 1687023.63329999987036, 5638058.289200000464916 ], [ 1682512.722799999639392, 5634744.889600000344217 ], [ 1676724.087799999862909, 5628250.288599999621511 ] ] ] } },
{ "type": "Feature", "properties": { "OBJECTID_1": 221, "OBJECTID": 222, "Fault_ID": 713, "Name": "Kirkliston", "Name_stat": "published", "Lineage": "Modified", "Fault_stat": "A-LS", "DomainName": "Central Canterbury", "Domain_No": 18, "Dip_pref": 50, "Dip_min": 40.0, "Dip_max": 60.0, "Dip_dir": "W", "Dom_sense": "reverse", "Sub_sense": "dextral", "Rake_pref": 110, "Rake_minus": 90, "Rake_plus": 130, "SR_pref": 0.15, "SR_min": 0.05, "SR_max": 0.28, "SRT_pref": null, "SRT_min": null, "SRT_max": null, "SRT_gen": "≥ 1 Ma", "UpdDth_prf": 0.0, "UpdDth_min": 0.0, "UpdDth_max": 0.0, "Depth_Dfc": 25.1, "Method_Dfc": 1, "Depth_D90": 18.9, "Method_D90": 1.0, "QualCode": 3, "References": "Barrell et al. 2008 (CR2007/146);  Litchfield et al. 2013, 2014; Barrell 2016 (CR2015/166)", "Comments": "Following the reasoning of Barrell 2016, the Kirkliston source is repositioned to the east side of the Mt MacGregor ridge, and now closely abut the south end of the Dalgety source", "CompiledBy": "D Barrell", "LastUpdate": "12/02/2021", "Shape_Leng": 37819.6870452, "Shape_Le_1": 37819.6870452 }, "geometry": { "type": "MultiLineString", "coordinates": [ [ [ 1398966.36089999973774, 5047664.896999999880791 ], [ 1402864.794499999843538, 5052767.318900000303984 ], [ 1404584.540699999779463, 5055010.650999999605119 ], [ 1408619.4446, 5064535.670099999755621 ], [ 1412852.786399999633431, 5075119.024600000120699 ], [ 1412389.764700000174344, 5081932.059000000357628 ] ] ] } },
{ "type": "Feature", "properties": { "OBJECTID_1": 371, "OBJECTID": 372, "Fault_ID": 688, "Name": "Klondyke Moor", "Name_stat": "published", "Lineage": "New", "Fault_stat": "A-LS", "DomainName": "Central Canterbury", "Domain_No": 18, "Dip_pref": 75, "Dip_min": 65.0, "Dip_max": 85.0, "Dip_dir": "W", "Dom_sense": "reverse", "Sub_sense": null, "Rake_pref": 90, "Rake_minus": 70, "Rake_plus": 110, "SR_pref": 0.12, "SR_min": 0.06, "SR_max": 0.24, "SRT_pref": null, "SRT_min": null, "SRT_max": null, "SRT_gen": null, "UpdDth_prf": 0.0, "UpdDth_min": 0.0, "UpdDth_max": 0.0, "Depth_Dfc": 26.0, "Method_Dfc": 1, "Depth_D90": 21.0, "Method_D90": 1.0, "QualCode": 3, "References": "Barrell 2016; Barrell and Strong 2009; Goded et al. 2019 (CR2019/79); McVerry et al. 2017", "Comments": null, "CompiledBy": null, "LastUpdate": null, "Shape_Leng": 26328.862833200001, "Shape_Le_1": 26328.862833200001 }, "geometry": { "type": "MultiLineString", "coordinates": [ [ [ 1452432.527900000102818, 5170928.743599999696016 ], [ 1455068.542100000195205, 5167282.419300000183284 ], [ 1455375.229299999773502, 5159325.744199999608099 ], [ 1456805.489199999719858, 5155282.308400000445545 ], [ 1457804.150500000454485, 5152525.774299999698997 ], [ 1459416.655299999751151, 5146078.240299999713898 ] ] ] } },
{ "type": "Feature", "properties": { "OBJECTID_1": 854, "OBJECTID": 857, "Fault_ID": 678, "Name": "Knowles Top", "Name_stat": "published", "Lineage": "New", "Fault_stat": "A-LS", "DomainName": "Central Canterbury", "Domain_No": 18, "Dip_pref": 60, "Dip_min": 50.0, "Dip_max": 70.0, "Dip_dir": "NW", "Dom_sense": "reverse", "Sub_sense": "dextral", "Rake_pref": 110, "Rake_minus": 90, "Rake_plus": 130, "SR_pref": 0.55, "SR_min": 0.4, "SR_max": 0.7, "SRT_pref": null, "SRT_min": null, "SRT_max": null, "SRT_gen": "10,000s yrs", "UpdDth_prf": 0.0, "UpdDth_min": 0.0, "UpdDth_max": 0.0, "Depth_Dfc": 24.3, "Method_Dfc": 1, "Depth_D90": 18.9, "Method_D90": 1.0, "QualCode": 3, "References": "Forsyth et al. 2008 (Chch QMAP);  Barrell and Begg 2013 (CR2012/326); this compilation", "Comments": "Pref SR is based on average 8 m vertical uplift of ~18 ka landforms, resolved onto 60 deg fault plane with subordinate dextral obliquity. Min and max are minus and plus 0.15 mm/yr", "CompiledBy": "D Barrell", "LastUpdate": "12/02/2021", "Shape_Leng": 26916.675013600001, "Shape_Le_1": 26916.675013600001 }, "geometry": { "type": "MultiLineString", "coordinates": [ [ [ 1530266.664300000295043, 5207531.868900000117719 ], [ 1534367.714200000278652, 5209714.685700000263751 ], [ 1537046.625799999572337, 5213286.567900000140071 ], [ 1540841.626199999824166, 5214312.105499999597669 ], [ 1542835.928299999795854, 5215144.17879999987781 ], [ 1543694.295300000347197, 5216395.428299999795854 ], [ 1547698.115899999625981, 5217966.664800000376999 ], [ 1549592.4517, 5219223.967299999669194 ], [ 1551532.592199999839067, 5222282.419200000353158 ] ] ] } },
{ "type": "Feature", "properties": { "OBJECTID_1": 547, "OBJECTID": 549, "Fault_ID": 518, "Name": "Kohaihai", "Name_stat": "published", "Lineage": "New", "Fault_stat": "N-PS", "DomainName": "Northwestern South Island", "Domain_No": 13, "Dip_pref": 70, "Dip_min": 60.0, "Dip_max": 80.0, "Dip_dir": "SE", "Dom_sense": "reverse", "Sub_sense": null, "Rake_pref": 90, "Rake_minus": 70, "Rake_plus": 110, "SR_pref": 0.35, "SR_min": 0.25, "SR_max": 0.5, "SRT_pref": "2-4 Ma", "SRT_min": null, "SRT_max": null, "SRT_gen": "≥ 1 Ma", "UpdDth_prf": 0.0, "UpdDth_min": 0.0, "UpdDth_max": 0.0, "Depth_Dfc": 27.1, "Method_Dfc": 1, "Depth_D90": 22.9, "Method_D90": 1.0, "QualCode": 1, "References": "Rattenbury et al. 1998; Ghisetti, Barnes and Sibson 2014; Ghisetti, Sibson and Hamling 2016", "Comments": "Added from Ghisetti et al. CFM update", "CompiledBy": "F Ghisetti", "LastUpdate": "18/11/2020", "Shape_Leng": 45713.144513699997, "Shape_Le_1": 45713.144513699997 }, "geometry": { "type": "MultiLineString", "coordinates": [ [ [ 1533336.392099999822676, 5420251.280799999833107 ], [ 1533386.603799999691546, 5422071.481999999843538 ], [ 1533478.549200000241399, 5423934.154299999587238 ], [ 1532798.336400000378489, 5425855.900500000454485 ], [ 1533065.0685, 5428700.600200000219047 ], [ 1534317.0006, 5430701.040400000289083 ], [ 1535282.868200000375509, 5433302.747100000269711 ], [ 1535976.323200000450015, 5435709.572499999776483 ], [ 1536350.339100000448525, 5437428.745500000193715 ], [ 1536076.229299999773502, 5439942.1272 ], [ 1535718.909199999645352, 5442494.99100000038743 ], [ 1535128.8514, 5444147.788499999791384 ], [ 1535055.402499999850988, 5446814.047399999573827 ], [ 1534925.689600000157952, 5449145.459699999541044 ], [ 1534865.637299999594688, 5450937.614299999549985 ], [ 1534645.39049999974668, 5452539.871399999596179 ], [ 1534802.762699999846518, 5454743.297600000165403 ], [ 1535262.67850000038743, 5456341.9825 ], [ 1535128.405899999663234, 5458278.0548 ], [ 1534668.528300000354648, 5460079.214700000360608 ], [ 1534580.463600000366569, 5461868.8438 ], [ 1535138.905600000172853, 5464810.850200000219047 ] ] ] } },
{ "type": "Feature", "properties": { "OBJECTID_1": 876, "OBJECTID": 879, "Fault_ID": 525, "Name": "Kohaihai South", "Name_stat": "published", "Lineage": "New", "Fault_stat": "N-PS", "DomainName": "Northwestern South Island", "Domain_No": 13, "Dip_pref": 70, "Dip_min": 60.0, "Dip_max": 80.0, "Dip_dir": "SE", "Dom_sense": "reverse", "Sub_sense": null, "Rake_pref": 90, "Rake_minus": 70, "Rake_plus": 110, "SR_pref": 0.35, "SR_min": 0.25, "SR_max": 0.5, "SRT_pref": "2-4 Ma", "SRT_min": null, "SRT_max": null, "SRT_gen": null, "UpdDth_prf": 0.0, "UpdDth_min": 0.0, "UpdDth_max": 0.0, "Depth_Dfc": 27.6, "Method_Dfc": 1, "Depth_D90": 24.8, "Method_D90": 1.0, "QualCode": 3, "References": "Nathan et al. 2002; Ghisetti, Sibson and Hamling 2016", "Comments": "added from  Ghisetti et al. CFM update", "CompiledBy": "F Ghisetti", "LastUpdate": "12/02/2021", "Shape_Leng": 17491.526942299999, "Shape_Le_1": 17491.526942299999 }, "geometry": { "type": "MultiLineString", "coordinates": [ [ [ 1526112.273900000378489, 5408185.468299999833107 ], [ 1527144.007299999706447, 5409056.709800000302494 ], [ 1529253.3289, 5410592.846199999563396 ], [ 1531339.723000000230968, 5412702.1678 ], [ 1533128.0609, 5415155.400500000454485 ], [ 1534641.269799999892712, 5417860.834699999541044 ], [ 1534893.471300000324845, 5419488.680700000375509 ], [ 1536016.914300000295043, 5422033.622999999672174 ] ] ] } },
{ "type": "Feature", "properties": { "OBJECTID_1": 344, "OBJECTID": 345, "Fault_ID": 516, "Name": "Kongahau", "Name_stat": "published", "Lineage": "New", "Fault_stat": "A-LS", "DomainName": "Northwestern South Island", "Domain_No": 13, "Dip_pref": 60, "Dip_min": 50.0, "Dip_max": 70.0, "Dip_dir": "SE", "Dom_sense": "reverse", "Sub_sense": null, "Rake_pref": 90, "Rake_minus": 70, "Rake_plus": 110, "SR_pref": 0.3, "SR_min": 0.2, "SR_max": 0.5, "SRT_pref": "1 Ma", "SRT_min": null, "SRT_max": null, "SRT_gen": null, "UpdDth_prf": 0.0, "UpdDth_min": 0.0, "UpdDth_max": 0.0, "Depth_Dfc": 25.5, "Method_Dfc": 1, "Depth_D90": 21.4, "Method_D90": 1.0, "QualCode": 2, "References": "Barnes and Ghisetti 2016; Saul 1994", "Comments": "Line work modified as per Ghisetti et al. CFM update", "CompiledBy": "F Ghisetti", "LastUpdate": "18/11/2020", "Shape_Leng": 124333.493414, "Shape_Le_1": 124333.493414 }, "geometry": { "type": "MultiLineString", "coordinates": [ [ [ 1503031.884700000286102, 5389326.42119999974966 ], [ 1507273.716699999757111, 5398484.8383 ], [ 1513052.9435, 5409155.105399999767542 ], [ 1518042.611399999819696, 5419704.8366 ], [ 1518458.365899999625981, 5421701.185600000433624 ], [ 1518526.8344, 5425238.50069999974221 ], [ 1519347.323900000192225, 5428159.521099999547005 ], [ 1520758.188299999572337, 5429917.7665 ], [ 1523851.470499999821186, 5446976.8185 ], [ 1524835.2977, 5456264.700299999676645 ], [ 1523719.9183, 5459623.3744 ], [ 1521526.95920000039041, 5468208.933400000445545 ], [ 1521561.245299999602139, 5470980.816700000315905 ], [ 1522447.375900000333786, 5473622.781999999657273 ], [ 1524182.198300000280142, 5475628.370799999684095 ], [ 1533588.214700000360608, 5493945.721699999645352 ], [ 1543149.985000000335276, 5500672.384399999864399 ] ] ] } },
{ "type": "Feature", "properties": { "OBJECTID_1": 113, "OBJECTID": 114, "Fault_ID": 297, "Name": "Kotare - Moutuhora", "Name_stat": "published", "Lineage": "Modified", "Fault_stat": "A-LS", "DomainName": "North Island Dextral Fault Belt", "Domain_No": 5, "Dip_pref": 80, "Dip_min": 70.0, "Dip_max": 90.0, "Dip_dir": "W", "Dom_sense": "dextral", "Sub_sense": "normal", "Rake_pref": -160, "Rake_minus": -180, "Rake_plus": -140, "SR_pref": 0.5, "SR_min": 0.4, "SR_max": 0.6, "SRT_pref": null, "SRT_min": null, "SRT_max": null, "SRT_gen": null, "UpdDth_prf": 0.0, "UpdDth_min": 0.0, "UpdDth_max": 0.0, "Depth_Dfc": 30.0, "Method_Dfc": 1, "Depth_D90": 25.1, "Method_D90": 1.0, "QualCode": 3, "References": "Litchfield et al. 2013, 2014; Mazengarb and Speden 2000", "Comments": "Changed name from Urewera 3", "CompiledBy": "R Van Dissen, N Litchfield", "LastUpdate": "15/10/2020", "Shape_Leng": 54534.394122999998, "Shape_Le_1": 54534.394122999998 }, "geometry": { "type": "MultiLineString", "coordinates": [ [ [ 1982590.511400000192225, 5801829.291899999603629 ], [ 1985268.301199999637902, 5789248.39130000025034 ], [ 1985874.258500000461936, 5773937.209499999880791 ], [ 1989186.5115, 5765989.007299999706447 ], [ 1989344.045699999667704, 5754663.03110000025481 ], [ 1990973.780399999581277, 5748462.960699999704957 ] ] ] } },
{ "type": "Feature", "properties": { "OBJECTID_1": 38, "OBJECTID": 39, "Fault_ID": 657, "Name": "Kowai - View Hill", "Name_stat": "informal", "Lineage": "New", "Fault_stat": "A-LS", "DomainName": "Northeastern Canterbury", "Domain_No": 17, "Dip_pref": 60, "Dip_min": 50.0, "Dip_max": 70.0, "Dip_dir": "SE", "Dom_sense": "dextral and reverse", "Sub_sense": null, "Rake_pref": 135, "Rake_minus": 115, "Rake_plus": 155, "SR_pref": 0.2, "SR_min": 0.05, "SR_max": 0.4, "SRT_pref": null, "SRT_min": null, "SRT_max": null, "SRT_gen": "10,000s yrs", "UpdDth_prf": 0.0, "UpdDth_min": 0.0, "UpdDth_max": 0.0, "Depth_Dfc": 19.3, "Method_Dfc": 1, "Depth_D90": 13.9, "Method_D90": 1.0, "QualCode": 3, "References": "Forsyth et al. 2008 (Chch QMAP);  Dorn et al. 2010 (JGR); Barrell and Begg 2013 (CR2012/326); this compilation", "Comments": "Representative source for Springifeld Fault and View Hill Fault (and Kowai Fault). Offsets of basement/Teritary up to ~200 m. SR is about half that of the Hororata source and assumed to be a backthrust (see Dorn et al. 2010).", "CompiledBy": "D Barrell", "LastUpdate": "12/02/2021", "Shape_Leng": 38229.457823999997, "Shape_Le_1": 38229.457823999997 }, "geometry": { "type": "MultiLineString", "coordinates": [ [ [ 1494705.221099999733269, 5188819.979899999685585 ], [ 1495509.55599999986589, 5190915.4841 ], [ 1501821.86710000038147, 5196024.195899999700487 ], [ 1506637.293399999849498, 5198722.951299999840558 ], [ 1511558.5532, 5201157.122899999842048 ], [ 1517696.89879999961704, 5202585.87569999974221 ], [ 1522141.907700000330806, 5204279.212500000372529 ], [ 1527325.1349, 5206870.2451 ] ] ] } },
{ "type": "Feature", "properties": { "OBJECTID_1": 463, "OBJECTID": 465, "Fault_ID": 15, "Name": "Kututaruhe", "Name_stat": "informal", "Lineage": "New", "Fault_stat": "A-LS", "DomainName": "North Waikato - South Auckland", "Domain_No": 2, "Dip_pref": 60, "Dip_min": 50.0, "Dip_max": 70.0, "Dip_dir": "NW", "Dom_sense": "normal", "Sub_sense": null, "Rake_pref": -90, "Rake_minus": -110, "Rake_plus": -70, "SR_pref": 0.02, "SR_min": 0.01, "SR_max": 0.03, "SRT_pref": null, "SRT_min": null, "SRT_max": null, "SRT_gen": "100,000s yrs", "UpdDth_prf": 0.0, "UpdDth_min": 0.0, "UpdDth_max": 0.0, "Depth_Dfc": 24.9, "Method_Dfc": 1, "Depth_D90": 18.7, "Method_D90": 1.0, "QualCode": 1, "References": "Moon CFM compilation", "Comments": "As per new UoW mapping", "CompiledBy": "V Moon", "LastUpdate": "04/12/2020", "Shape_Leng": 19818.742586199998, "Shape_Le_1": 19818.742586199998 }, "geometry": { "type": "MultiLineString", "coordinates": [ [ [ 1794783.114799999631941, 5805320.5778 ], [ 1795051.61699999962002, 5807912.6563 ], [ 1795584.9468, 5810060.9836 ], [ 1796374.71860000025481, 5812556.204400000162423 ], [ 1797130.1524, 5814261.6535 ], [ 1798936.947100000455976, 5817392.101099999621511 ], [ 1799737.313299999572337, 5819118.510800000280142 ], [ 1801496.7012, 5821635.181400000117719 ], [ 1802498.420800000429153, 5823283.371500000357628 ] ] ] } },
{ "type": "Feature", "properties": { "OBJECTID_1": 626, "OBJECTID": 628, "Fault_ID": 374, "Name": "Lachlan 1 & 2", "Name_stat": "published", "Lineage": "Modified", "Fault_stat": "A-LS", "DomainName": "Hikurangi accretionary margin", "Domain_No": 7, "Dip_pref": 40, "Dip_min": 30.0, "Dip_max": 50.0, "Dip_dir": "NW", "Dom_sense": "dextral and reverse", "Sub_sense": null, "Rake_pref": 135, "Rake_minus": 115, "Rake_plus": 155, "SR_pref": 2.5, "SR_min": 1.5, "SR_max": 3.5, "SRT_pref": null, "SRT_min": null, "SRT_max": null, "SRT_gen": "100,000s yrs", "UpdDth_prf": 0.0, "UpdDth_min": 0.0, "UpdDth_max": 0.0, "Depth_Dfc": 12.8, "Method_Dfc": 3, "Depth_D90": 12.8, "Method_D90": 3.0, "QualCode": 1, "References": "Barnes et al. 2012, Barnes (observ)", "Comments": "Left-stepping strike-slip surface structures in the HW on Lachlan Ridge provide evidence for the revised rake.", "CompiledBy": "P Barnes", "LastUpdate": "13/11/2020", "Shape_Leng": 44032.31023570001, "Shape_Le_1": 44032.31023570001 }, "geometry": { "type": "MultiLineString", "coordinates": [ [ [ 1991118.850200000219047, 5596935.376899999566376 ], [ 1994679.134399999864399, 5602479.225999999791384 ], [ 2000541.817300000227988, 5605175.810399999842048 ], [ 2004218.474899999797344, 5605892.0938 ], [ 2008647.20409999974072, 5611176.776499999687076 ], [ 2010618.553600000217557, 5612269.5483 ], [ 2014826.162200000137091, 5613795.714100000448525 ], [ 2018180.8257, 5616266.9353 ], [ 2019538.46059999987483, 5619999.945600000210106 ], [ 2022791.38329999987036, 5624411.4276 ] ] ] } },
{ "type": "Feature", "properties": { "OBJECTID_1": 628, "OBJECTID": 630, "Fault_ID": 364, "Name": "Lachlan 3", "Name_stat": "published", "Lineage": "Modified", "Fault_stat": "A-LS", "DomainName": "Hikurangi accretionary margin", "Domain_No": 7, "Dip_pref": 40, "Dip_min": 30.0, "Dip_max": 50.0, "Dip_dir": "NW", "Dom_sense": "dextral and reverse", "Sub_sense": null, "Rake_pref": 135, "Rake_minus": 115, "Rake_plus": 155, "SR_pref": 4.5, "SR_min": 2.5, "SR_max": 6.5, "SRT_pref": null, "SRT_min": null, "SRT_max": null, "SRT_gen": "100,000s yrs", "UpdDth_prf": 0.0, "UpdDth_min": 0.0, "UpdDth_max": 0.0, "Depth_Dfc": 12.6, "Method_Dfc": 3, "Depth_D90": 12.6, "Method_D90": 3.0, "QualCode": 2, "References": "Barnes et al. 2002; Mountjoy and Barnes 2011; Berryman 1988, 1993", "Comments": "Structural geomorphic evidence of oblique slip on contiguous Lachlan 1 & 2", "CompiledBy": "P Barnes", "LastUpdate": "13/11/2020", "Shape_Leng": 69389.949627800001, "Shape_Le_1": 69389.949627800001 }, "geometry": { "type": "MultiLineString", "coordinates": [ [ [ 2023710.392699999734759, 5622325.162700000219047 ], [ 2025195.919099999591708, 5626086.63910000026226 ], [ 2029560.439000000245869, 5631873.533800000324845 ], [ 2028880.7506, 5634788.892 ], [ 2029291.2621, 5637574.790699999779463 ], [ 2029258.040199999697506, 5639947.828099999576807 ], [ 2032464.744300000369549, 5653012.218100000172853 ], [ 2036970.908699999563396, 5659921.953700000420213 ], [ 2039112.141200000420213, 5665419.677699999883771 ], [ 2046542.9995, 5675100.246299999766052 ], [ 2051747.934000000357628, 5683766.966099999845028 ] ] ] } },
{ "type": "Feature", "properties": { "OBJECTID_1": 20, "OBJECTID": 21, "Fault_ID": 684, "Name": "Lake Heron", "Name_stat": "published", "Lineage": "Modified", "Fault_stat": "A-LS", "DomainName": "Central Canterbury", "Domain_No": 18, "Dip_pref": 65, "Dip_min": 50.0, "Dip_max": 80.0, "Dip_dir": "W", "Dom_sense": "reverse", "Sub_sense": "sinistral", "Rake_pref": 70, "Rake_minus": 50, "Rake_plus": 90, "SR_pref": 1.4, "SR_min": 0.43, "SR_max": 2.83, "SRT_pref": null, "SRT_min": null, "SRT_max": null, "SRT_gen": "10,000s yrs", "UpdDth_prf": 0.0, "UpdDth_min": 0.0, "UpdDth_max": 0.0, "Depth_Dfc": 24.4, "Method_Dfc": 1, "Depth_D90": 19.7, "Method_D90": 1.0, "QualCode": 2, "References": "Barrell and Strong 2009; Cox and Barrell 2007; Oliver and Keene 1990; Pettinga et al. 2001", "Comments": "Previously LkHeron2017 (Goded et al. 2018)", "CompiledBy": null, "LastUpdate": null, "Shape_Leng": 36690.017967899999, "Shape_Le_1": 36690.017967899999 }, "geometry": { "type": "MultiLineString", "coordinates": [ [ [ 1446782.916799999773502, 5200433.5192 ], [ 1446528.9518, 5193760.791199999861419 ], [ 1450817.042500000447035, 5177004.4391 ], [ 1448787.9222999997437, 5171403.118599999696016 ], [ 1445396.895999999716878, 5166695.674200000241399 ], [ 1445320.402700000442564, 5165741.780299999751151 ] ] ] } },
{ "type": "Feature", "properties": { "OBJECTID_1": 485, "OBJECTID": 487, "Fault_ID": 789, "Name": "Lake Onslow", "Name_stat": "informal", "Lineage": "New", "Fault_stat": "N-PS", "DomainName": "Otago", "Domain_No": 20, "Dip_pref": 60, "Dip_min": 40.0, "Dip_max": 70.0, "Dip_dir": "W", "Dom_sense": "reverse", "Sub_sense": "sinistral", "Rake_pref": 70, "Rake_minus": 50, "Rake_plus": 90, "SR_pref": 0.05, "SR_min": 0.01, "SR_max": 0.1, "SRT_pref": null, "SRT_min": null, "SRT_max": null, "SRT_gen": "≥ 1 Ma", "UpdDth_prf": 0.0, "UpdDth_min": 0.0, "UpdDth_max": 0.0, "Depth_Dfc": 30.4, "Method_Dfc": 1, "Depth_D90": 25.2, "Method_D90": 1.0, "QualCode": 3, "References": "Barrell 2019 (CR2018/207)", "Comments": "Inferred fault in bedrock, peneplain offset, ~100 m up to the west. Nominal slip rates inferred (no known Late Quaternary scarps).", "CompiledBy": "D Barrell", "LastUpdate": "18/11/2020", "Shape_Leng": 23410.6764066, "Shape_Le_1": 23410.6764066 }, "geometry": { "type": "MultiLineString", "coordinates": [ [ [ 1333941.9304, 4944750.747399999760091 ], [ 1334894.432300000451505, 4949566.173700000159442 ], [ 1335370.683199999853969, 4959673.277200000360608 ], [ 1335106.099399999715388, 4963112.86739999987185 ], [ 1335106.099399999715388, 4965599.955699999816716 ], [ 1334206.5142, 4967875.376899999566376 ] ] ] } },
{ "type": "Feature", "properties": { "OBJECTID_1": 358, "OBJECTID": 359, "Fault_ID": 625, "Name": "Leader: Central", "Name_stat": "published", "Lineage": "New", "Fault_stat": "A-LS", "DomainName": "Northeastern Canterbury", "Domain_No": 17, "Dip_pref": 70, "Dip_min": 55.0, "Dip_max": 85.0, "Dip_dir": "SW", "Dom_sense": "reverse", "Sub_sense": null, "Rake_pref": 90, "Rake_minus": 70, "Rake_plus": 110, "SR_pref": 0.18, "SR_min": 0.06, "SR_max": 0.36, "SRT_pref": null, "SRT_min": null, "SRT_max": null, "SRT_gen": null, "UpdDth_prf": 0.0, "UpdDth_min": 0.0, "UpdDth_max": 0.0, "Depth_Dfc": 27.0, "Method_Dfc": 1, "Depth_D90": 20.2, "Method_D90": 1.0, "QualCode": 3, "References": "Goded et al. 2018; Litchfield et al. 2018; Nicol et al. 2018", "Comments": null, "CompiledBy": null, "LastUpdate": null, "Shape_Leng": 9985.8128765900001, "Shape_Le_1": 9985.8128765900001 }, "geometry": { "type": "MultiLineString", "coordinates": [ [ [ 1623261.056800000369549, 5286506.057500000111759 ], [ 1623602.261699999682605, 5289155.2078 ], [ 1621902.827100000344217, 5292081.564600000157952 ], [ 1620535.2456, 5295766.742200000211596 ] ] ] } },
{ "type": "Feature", "properties": { "OBJECTID_1": 878, "OBJECTID": 881, "Fault_ID": 624, "Name": "Leader: North", "Name_stat": "published", "Lineage": "New", "Fault_stat": "A-LS", "DomainName": "Northeastern Canterbury", "Domain_No": 17, "Dip_pref": 55, "Dip_min": 40.0, "Dip_max": 70.0, "Dip_dir": "NW", "Dom_sense": "reverse", "Sub_sense": null, "Rake_pref": 90, "Rake_minus": 70, "Rake_plus": 110, "SR_pref": 0.18, "SR_min": 0.06, "SR_max": 0.36, "SRT_pref": null, "SRT_min": null, "SRT_max": null, "SRT_gen": null, "UpdDth_prf": 0.0, "UpdDth_min": 0.0, "UpdDth_max": 0.0, "Depth_Dfc": 25.8, "Method_Dfc": 1, "Depth_D90": 20.0, "Method_D90": 1.0, "QualCode": 3, "References": "Barrell and Townsend 2012; Goded et al. 2018; Litchfield et al. 2018; Nicol et al. 2018", "Comments": null, "CompiledBy": null, "LastUpdate": null, "Shape_Leng": 9736.7252426499999, "Shape_Le_1": 9736.7252426499999 }, "geometry": { "type": "MultiLineString", "coordinates": [ [ [ 1620535.2456, 5295766.742200000211596 ], [ 1622334.7604, 5300302.817499999888241 ], [ 1626311.757000000216067, 5303090.548600000329316 ] ] ] } },
{ "type": "Feature", "properties": { "OBJECTID_1": 877, "OBJECTID": 880, "Fault_ID": 626, "Name": "Leader: South", "Name_stat": "published", "Lineage": "New", "Fault_stat": "A-LS", "DomainName": "Northeastern Canterbury", "Domain_No": 17, "Dip_pref": 55, "Dip_min": 40.0, "Dip_max": 70.0, "Dip_dir": "NW", "Dom_sense": "reverse", "Sub_sense": null, "Rake_pref": 90, "Rake_minus": 70, "Rake_plus": 110, "SR_pref": 0.18, "SR_min": 0.06, "SR_max": 0.36, "SRT_pref": null, "SRT_min": null, "SRT_max": null, "SRT_gen": null, "UpdDth_prf": 0.0, "UpdDth_min": 0.0, "UpdDth_max": 0.0, "Depth_Dfc": 27.6, "Method_Dfc": 1, "Depth_D90": 21.4, "Method_D90": 1.0, "QualCode": 3, "References": "Goded et al. 2018; Litchfield et al. 2018; Nicol et al. 2018", "Comments": null, "CompiledBy": null, "LastUpdate": null, "Shape_Leng": 12998.9481148, "Shape_Le_1": 12998.9481148 }, "geometry": { "type": "MultiLineString", "coordinates": [ [ [ 1613661.5777000002563, 5278037.4539 ], [ 1619143.5631, 5284316.8542 ], [ 1623261.056800000369549, 5286506.057500000111759 ] ] ] } },
{ "type": "Feature", "properties": { "OBJECTID_1": 120, "OBJECTID": 121, "Fault_ID": 483, "Name": "Leedstown", "Name_stat": "published", "Lineage": "Modified", "Fault_stat": "A-LS", "DomainName": "Kapiti-Manawatu", "Domain_No": 12, "Dip_pref": 60, "Dip_min": 45.0, "Dip_max": 75.0, "Dip_dir": "NW", "Dom_sense": "reverse", "Sub_sense": "dextral", "Rake_pref": 110, "Rake_minus": 90, "Rake_plus": 130, "SR_pref": 0.25, "SR_min": 0.1, "SR_max": 0.4, "SRT_pref": null, "SRT_min": null, "SRT_max": null, "SRT_gen": null, "UpdDth_prf": 0.0, "UpdDth_min": 0.0, "UpdDth_max": 0.0, "Depth_Dfc": 42.5, "Method_Dfc": 1, "Depth_D90": 29.2, "Method_D90": 1.0, "QualCode": 3, "References": "Langridge and Morgenstern 2020", "Comments": "Replaces Leedstown, MartonAnt & Galpin. Suggest to review coastal end and pull Rangi off to the south of onshore mapping", "CompiledBy": "R Langridge, R Morgenstern", "LastUpdate": "25/11/2020", "Shape_Leng": 42646.729067400011, "Shape_Le_1": 42646.729067400011 }, "geometry": { "type": "MultiLineString", "coordinates": [ [ [ 1795413.33490000013262, 5542631.660400000400841 ], [ 1801976.346699999645352, 5551185.901200000196695 ], [ 1803832.071600000374019, 5558028.857099999673665 ], [ 1807640.400899999774992, 5561457.658599999733269 ], [ 1822516.792100000195205, 5574296.184100000187755 ] ] ] } },
{ "type": "Feature", "properties": { "OBJECTID_1": 363, "OBJECTID": 364, "Fault_ID": 674, "Name": "Lees Valley", "Name_stat": "published", "Lineage": "New", "Fault_stat": "A-LS", "DomainName": "Central Canterbury", "Domain_No": 18, "Dip_pref": 60, "Dip_min": 50.0, "Dip_max": 70.0, "Dip_dir": "SE", "Dom_sense": "reverse", "Sub_sense": "dextral", "Rake_pref": 110, "Rake_minus": 90, "Rake_plus": 130, "SR_pref": 0.56, "SR_min": 0.29, "SR_max": 1.02, "SRT_pref": null, "SRT_min": null, "SRT_max": null, "SRT_gen": "10,000s yrs", "UpdDth_prf": 0.0, "UpdDth_min": 0.0, "UpdDth_max": 0.0, "Depth_Dfc": 25.4, "Method_Dfc": 1, "Depth_D90": 20.6, "Method_D90": 1.0, "QualCode": 3, "References": "Barrell 2019; CR2019/141LR); Barrell and Begg 2013; Barrell and Townsend 2012; Forsyth et al. 2008; Gore 2015", "Comments": null, "CompiledBy": "D Barrell", "LastUpdate": "12/02/2021", "Shape_Leng": 39067.291978900001, "Shape_Le_1": 39067.291978900001 }, "geometry": { "type": "MultiLineString", "coordinates": [ [ [ 1521547.343999999575317, 5215292.830799999646842 ], [ 1521886.011400000192225, 5216329.9995 ], [ 1522499.8459, 5216922.667399999685585 ], [ 1524785.850499999709427, 5217600.002100000157952 ], [ 1530656.9622, 5218102.436700000427663 ], [ 1534693.412899999879301, 5220918.950400000438094 ], [ 1537620.034400000236928, 5226869.640700000338256 ], [ 1542598.6765, 5231540.7867 ], [ 1546125.4419, 5231754.6053 ], [ 1549223.278599999845028, 5234924.915 ], [ 1549884.49100000038743, 5237335.988900000229478 ] ] ] } },
{ "type": "Feature", "properties": { "OBJECTID_1": 356, "OBJECTID": 357, "Fault_ID": 647, "Name": "Leithfield - NCVI - NCVII", "Name_stat": "published", "Lineage": "New", "Fault_stat": "A-LS", "DomainName": "Northeastern Canterbury", "Domain_No": 17, "Dip_pref": 55, "Dip_min": 35.0, "Dip_max": 70.0, "Dip_dir": "SE", "Dom_sense": "reverse", "Sub_sense": null, "Rake_pref": 90, "Rake_minus": 70, "Rake_plus": 110, "SR_pref": 0.35, "SR_min": 0.25, "SR_max": 0.45, "SRT_pref": "270 000", "SRT_min": null, "SRT_max": null, "SRT_gen": "100,000s yrs", "UpdDth_prf": 0.0, "UpdDth_min": 0.0, "UpdDth_max": 0.0, "Depth_Dfc": 23.9, "Method_Dfc": 1, "Depth_D90": 14.6, "Method_D90": 1.0, "QualCode": 2, "References": "Barnes 1996; Barnes et al. 2016", "Comments": "Folds II, VI & VII of Barnes (1996)", "CompiledBy": "P Barnes", "LastUpdate": "25/11/2020", "Shape_Leng": 41557.932612099998, "Shape_Le_1": 41557.932612099998 }, "geometry": { "type": "MultiLineString", "coordinates": [ [ [ 1591332.3766, 5218265.240299999713898 ], [ 1595978.551599999889731, 5218287.751899999566376 ], [ 1598890.135499999858439, 5221180.837899999693036 ], [ 1604369.354899999685585, 5224219.162399999797344 ], [ 1609635.840900000184774, 5226444.545300000347197 ], [ 1613828.7374, 5228081.7873 ], [ 1618620.5724, 5229587.709699999541044 ], [ 1628510.966199999675155, 5235053.989099999889731 ] ] ] } },
{ "type": "Feature", "properties": { "OBJECTID_1": 352, "OBJECTID": 353, "Fault_ID": 637, "Name": "Leonard Mound", "Name_stat": "published", "Lineage": "New", "Fault_stat": "A-LS", "DomainName": "Northeastern Canterbury", "Domain_No": 17, "Dip_pref": 50, "Dip_min": 35.0, "Dip_max": 65.0, "Dip_dir": "SE", "Dom_sense": "reverse", "Sub_sense": null, "Rake_pref": 90, "Rake_minus": 70, "Rake_plus": 110, "SR_pref": 0.9, "SR_min": 0.51, "SR_max": 1.61, "SRT_pref": null, "SRT_min": null, "SRT_max": null, "SRT_gen": "10,000s yrs", "UpdDth_prf": 0.0, "UpdDth_min": 0.0, "UpdDth_max": 0.0, "Depth_Dfc": 26.1, "Method_Dfc": 1, "Depth_D90": 19.0, "Method_D90": 1.0, "QualCode": 3, "References": "Armstrong 2000; Barrell and Townsend 2012; Goded et al. 2018", "Comments": null, "CompiledBy": null, "LastUpdate": null, "Shape_Leng": 24375.642738499999, "Shape_Le_1": 24375.642738499999 }, "geometry": { "type": "MultiLineString", "coordinates": [ [ [ 1587458.227800000458956, 5263233.81290000025183 ], [ 1593864.1217, 5264723.0707 ], [ 1598226.842799999751151, 5266946.442699999548495 ], [ 1601227.9978, 5269352.497700000181794 ], [ 1603548.783699999563396, 5271757.623800000175834 ], [ 1608193.443599999882281, 5275084.9561 ] ] ] } },
{ "type": "Feature", "properties": { "OBJECTID_1": 93, "OBJECTID": 94, "Fault_ID": 495, "Name": "Levin Anticline", "Name_stat": "published", "Lineage": "Modified", "Fault_stat": "A-LS", "DomainName": "Kapiti-Manawatu", "Domain_No": 12, "Dip_pref": 60, "Dip_min": 45.0, "Dip_max": 75.0, "Dip_dir": "NW", "Dom_sense": "reverse", "Sub_sense": "dextral", "Rake_pref": 110, "Rake_minus": 90, "Rake_plus": 130, "SR_pref": 0.2, "SR_min": 0.1, "SR_max": 0.3, "SRT_pref": null, "SRT_min": null, "SRT_max": null, "SRT_gen": "10,000s yrs", "UpdDth_prf": 0.0, "UpdDth_min": 0.0, "UpdDth_max": 0.0, "Depth_Dfc": 38.7, "Method_Dfc": 1, "Depth_D90": 29.6, "Method_D90": 1.0, "QualCode": 2, "References": "Langridge and Morgenstern 2019; Buxton and Langridge 2019", "Comments": "source modified and now based on Buxton & Langridge (2019)", "CompiledBy": "R Langridge, R Morgenstern", "LastUpdate": "25/11/2020", "Shape_Leng": 22214.218598799998, "Shape_Le_1": 22214.218598799998 }, "geometry": { "type": "MultiLineString", "coordinates": [ [ [ 1803338.668100000359118, 5512894.185700000263751 ], [ 1796036.1535, 5504877.294700000435114 ], [ 1789456.428899999707937, 5495604.542600000277162 ] ] ] } },
{ "type": "Feature", "properties": { "OBJECTID_1": 469, "OBJECTID": 471, "Fault_ID": 766, "Name": "Lindis River", "Name_stat": "published", "Lineage": "New", "Fault_stat": "N-PS", "DomainName": "Otago", "Domain_No": 20, "Dip_pref": 60, "Dip_min": 40.0, "Dip_max": 70.0, "Dip_dir": "SE", "Dom_sense": "reverse", "Sub_sense": "dextral", "Rake_pref": 110, "Rake_minus": 90, "Rake_plus": 130, "SR_pref": 0.05, "SR_min": 0.01, "SR_max": 0.1, "SRT_pref": null, "SRT_min": null, "SRT_max": null, "SRT_gen": "≥ 1 Ma", "UpdDth_prf": 0.0, "UpdDth_min": 0.0, "UpdDth_max": 0.0, "Depth_Dfc": 26.6, "Method_Dfc": 1, "Depth_D90": 21.9, "Method_D90": 1.0, "QualCode": 3, "References": "Barrell 2019 (CR2018/207)", "Comments": "Fault in bedrock, peneplain offset; nominal slip rates inferred (no known Late Quaternary scarps)", "CompiledBy": "D Barrell", "LastUpdate": "18/11/2020", "Shape_Leng": 32695.676282, "Shape_Le_1": 32695.676282 }, "geometry": { "type": "MultiLineString", "coordinates": [ [ [ 1310568.869199999608099, 5042114.403900000266731 ], [ 1316455.8602, 5043503.469200000166893 ], [ 1320953.785799999721348, 5046876.9134 ], [ 1321681.3914, 5047935.2489 ], [ 1327899.112200000323355, 5062355.06940000038594 ], [ 1328031.4041, 5066389.973299999721348 ] ] ] } },
{ "type": "Feature", "properties": { "OBJECTID_1": 499, "OBJECTID": 501, "Fault_ID": 837, "Name": "Little Hillfoot", "Name_stat": "published", "Lineage": "New", "Fault_stat": "N-PS", "DomainName": "Southern South Island", "Domain_No": 21, "Dip_pref": 75, "Dip_min": 60.0, "Dip_max": 90.0, "Dip_dir": "SW", "Dom_sense": "reverse", "Sub_sense": "sinistral", "Rake_pref": 70, "Rake_minus": 50, "Rake_plus": 90, "SR_pref": 0.05, "SR_min": 0.01, "SR_max": 0.1, "SRT_pref": null, "SRT_min": null, "SRT_max": null, "SRT_gen": "≥ 1 Ma", "UpdDth_prf": 0.0, "UpdDth_min": 0.0, "UpdDth_max": 0.0, "Depth_Dfc": 32.5, "Method_Dfc": 1, "Depth_D90": 28.0, "Method_D90": 1.0, "QualCode": 3, "References": "Barrell 2021 (CR2020/88)", "Comments": "Fault in bedrock, indicated peneplain offset; likely to rupture with or instead of Hillfoot Fault (i.e not independent source); nominal slip rates inferred (no known Late Quaternary scarps)", "CompiledBy": "D Barrell", "LastUpdate": "18/11/2020", "Shape_Leng": 31813.652357, "Shape_Le_1": 31813.652357 }, "geometry": { "type": "MultiLineString", "coordinates": [ [ [ 1333589.638799999840558, 4870181.0543 ], [ 1337320.271300000138581, 4869387.302699999883771 ], [ 1350417.172500000335276, 4862124.475599999539554 ], [ 1352123.738400000147521, 4860497.284900000318885 ], [ 1357640.3119, 4851369.14159999974072 ] ] ] } },
{ "type": "Feature", "properties": { "OBJECTID_1": 479, "OBJECTID": 481, "Fault_ID": 781, "Name": "Little Valley", "Name_stat": "informal", "Lineage": "New", "Fault_stat": "N-PS", "DomainName": "Otago", "Domain_No": 20, "Dip_pref": 45, "Dip_min": 30.0, "Dip_max": 60.0, "Dip_dir": "SE", "Dom_sense": "reverse", "Sub_sense": "dextral", "Rake_pref": 110, "Rake_minus": 90, "Rake_plus": 130, "SR_pref": 0.05, "SR_min": 0.01, "SR_max": 0.1, "SRT_pref": null, "SRT_min": null, "SRT_max": null, "SRT_gen": "≥ 1 Ma", "UpdDth_prf": 0.0, "UpdDth_min": 0.0, "UpdDth_max": 0.0, "Depth_Dfc": 27.0, "Method_Dfc": 1, "Depth_D90": 24.2, "Method_D90": 1.0, "QualCode": 3, "References": "Barrell 2019 (CR2018/207)", "Comments": "Array of faults in bedrock, peneplain offsets; typical peneplain throw across the array is ~300 m. Nominal slip rates inferred (no known Late Quaternary scarps). Source line positioned broadly along the middle of the array", "CompiledBy": "D Barrell", "LastUpdate": "18/11/2020", "Shape_Leng": 44021.2916903, "Shape_Le_1": 44021.2916903 }, "geometry": { "type": "MultiLineString", "coordinates": [ [ [ 1312634.991899999789894, 4950454.293499999679625 ], [ 1316524.374699999578297, 4958233.059000000357628 ], [ 1318508.753700000233948, 4962995.568599999882281 ], [ 1320651.88300000037998, 4970536.208599999547005 ], [ 1324065.0148, 4977679.972900000400841 ], [ 1326366.894399999640882, 4981331.230200000107288 ], [ 1327557.521800000220537, 4984823.737200000323355 ], [ 1328986.274600000120699, 4986490.615600000135601 ], [ 1332558.1568, 4988713.120000000111759 ] ] ] } },
{ "type": "Feature", "properties": { "OBJECTID_1": 327, "OBJECTID": 328, "Fault_ID": 763, "Name": "Livingstone", "Name_stat": "published", "Lineage": "Modified", "Fault_stat": "A-LS", "DomainName": "Southern Alps", "Domain_No": 19, "Dip_pref": 60, "Dip_min": 45.0, "Dip_max": 75.0, "Dip_dir": "E", "Dom_sense": "reverse", "Sub_sense": "dextral", "Rake_pref": 110, "Rake_minus": 90, "Rake_plus": 130, "SR_pref": 0.5, "SR_min": 0.1, "SR_max": 1.0, "SRT_pref": null, "SRT_min": null, "SRT_max": null, "SRT_gen": "10,000s yrs", "UpdDth_prf": 0.0, "UpdDth_min": 0.0, "UpdDth_max": 0.0, "Depth_Dfc": 28.8, "Method_Dfc": 1, "Depth_D90": 25.2, "Method_D90": 1.0, "QualCode": 3, "References": "Barrell 2019 (CR2018/207)", "Comments": "Major fault in bedrock, indicated post-glacial offset; 'Livingstone Fault' used in preference to 'Livingstone Key Summit FZ'. Barrell 2019 SR of 1.0 mm/yr,reduced 50% as fault is not prominent across glacial landforms in upper Eglinton valley.", "CompiledBy": "D Barrell", "LastUpdate": "18/11/2020", "Shape_Leng": 65388.695037700003, "Shape_Le_1": 65388.695037700003 }, "geometry": { "type": "MultiLineString", "coordinates": [ [ [ 1215436.303600000217557, 4996449.380099999718368 ], [ 1214907.135900000110269, 5003460.8525 ], [ 1214245.676300000399351, 5010340.0329 ], [ 1215105.573800000362098, 5017682.235100000165403 ], [ 1216230.055200000293553, 5021849.4309 ], [ 1215883.165500000119209, 5024484.339499999769032 ], [ 1215410.126199999824166, 5032663.439500000327826 ], [ 1215988.849499999545515, 5041544.207000000402331 ], [ 1218788.07120000012219, 5050659.590099999681115 ], [ 1222707.729600000195205, 5060349.028699999675155 ] ] ] } },
{ "type": "Feature", "properties": { "OBJECTID_1": 483, "OBJECTID": 485, "Fault_ID": 791, "Name": "Logan Burn", "Name_stat": "informal", "Lineage": "Modified", "Fault_stat": "N-PS", "DomainName": "Otago", "Domain_No": 20, "Dip_pref": 60, "Dip_min": 40.0, "Dip_max": 70.0, "Dip_dir": "SE", "Dom_sense": "reverse", "Sub_sense": "dextral", "Rake_pref": 110, "Rake_minus": 90, "Rake_plus": 130, "SR_pref": 0.05, "SR_min": 0.01, "SR_max": 0.1, "SRT_pref": null, "SRT_min": null, "SRT_max": null, "SRT_gen": "≥ 1 Ma", "UpdDth_prf": 0.0, "UpdDth_min": 0.0, "UpdDth_max": 0.0, "Depth_Dfc": 28.2, "Method_Dfc": 1, "Depth_D90": 23.6, "Method_D90": 1.0, "QualCode": 3, "References": "Barrell 2019 (CR2018/207)", "Comments": "Inferred fault in bedrock, peneplain offset, as much as ~350 m up to the southeast. Comprises SW Waipiata. Re-interpretations described by Barrell 2019. Nominal slip rates inferred (no known Late Quaternary scarps).", "CompiledBy": "D Barrell", "LastUpdate": "18/11/2020", "Shape_Leng": 27870.7579076, "Shape_Le_1": 27870.7579076 }, "geometry": { "type": "MultiLineString", "coordinates": [ [ [ 1341880.107699999585748, 4945401.292899999767542 ], [ 1342991.359899999573827, 4946036.294200000353158 ], [ 1344578.863099999725819, 4947980.985600000247359 ], [ 1346444.1793, 4952306.931699999608099 ], [ 1348706.371399999596179, 4954727.874099999666214 ], [ 1352198.878399999812245, 4957109.1288 ], [ 1355373.884700000286102, 4959807.884200000204146 ], [ 1358667.95380000025034, 4963935.3925 ], [ 1360572.957600000314415, 4965364.145399999804795 ] ] ] } },
{ "type": "Feature", "properties": { "OBJECTID_1": 348, "OBJECTID": 349, "Fault_ID": 569, "Name": "London Hill", "Name_stat": "published", "Lineage": "New", "Fault_stat": "A-LS", "DomainName": "Marlborough Fault System", "Domain_No": 14, "Dip_pref": 50, "Dip_min": 40.0, "Dip_max": 60.0, "Dip_dir": "SE", "Dom_sense": "reverse", "Sub_sense": null, "Rake_pref": 90, "Rake_minus": 70, "Rake_plus": 110, "SR_pref": 0.2, "SR_min": 0.1, "SR_max": 0.3, "SRT_pref": "< 5 Ma", "SRT_min": null, "SRT_max": null, "SRT_gen": "≥ 1 Ma", "UpdDth_prf": 0.0, "UpdDth_min": 0.0, "UpdDth_max": 0.0, "Depth_Dfc": 20.0, "Method_Dfc": 3, "Depth_D90": 16.2, "Method_D90": 1.0, "QualCode": 2, "References": "Goded et al. 2018; Litchfield et al. 2018; Ota et al. 1996; Townsend and Little 1998", "Comments": null, "CompiledBy": null, "LastUpdate": null, "Shape_Leng": 32863.351046199998, "Shape_Le_1": 32863.351046199998 }, "geometry": { "type": "MultiLineString", "coordinates": [ [ [ 1689692.809500000439584, 5354993.5702 ], [ 1703895.948099999688566, 5384629.202399999834597 ] ] ] } },
{ "type": "Feature", "properties": { "OBJECTID_1": 56, "OBJECTID": 57, "Fault_ID": 784, "Name": "Long Valley", "Name_stat": "informal", "Lineage": "Modified", "Fault_stat": "A-LS", "DomainName": "Otago", "Domain_No": 20, "Dip_pref": 60, "Dip_min": 40.0, "Dip_max": 70.0, "Dip_dir": "SE", "Dom_sense": "reverse", "Sub_sense": "dextral", "Rake_pref": 110, "Rake_minus": 90, "Rake_plus": 130, "SR_pref": 0.2, "SR_min": 0.05, "SR_max": 0.4, "SRT_pref": null, "SRT_min": null, "SRT_max": null, "SRT_gen": "10,000s yrs", "UpdDth_prf": 0.0, "UpdDth_min": 0.0, "UpdDth_max": 0.0, "Depth_Dfc": 27.7, "Method_Dfc": 1, "Depth_D90": 22.7, "Method_D90": 1.0, "QualCode": 3, "References": "Barrell 2019 (CR2018/207)", "Comments": "Fault in bedrock, peneplain offset (up to ~300 m throw). Late Quaternary scarps collectively as much as ~8 m high on alluvial fans of inferred age. Barrell 2019 estimated 0.18 m pref SR, min SR nominal 0.05 mm/yr, max SR is 2x preferred", "CompiledBy": "D Barrell", "LastUpdate": "18/11/2020", "Shape_Leng": 21337.535495, "Shape_Le_1": 21337.535495 }, "geometry": { "type": "MultiLineString", "coordinates": [ [ [ 1348460.9698, 4977497.4101 ], [ 1347468.780299999751151, 4975393.968399999663234 ], [ 1346000.3399, 4974203.341 ], [ 1343261.8969, 4971266.460099999792874 ], [ 1340171.2489, 4967526.95920000039041 ], [ 1337824.698599999770522, 4964598.9468 ], [ 1335496.8043, 4960745.312 ] ] ] } },
{ "type": "Feature", "properties": { "OBJECTID_1": 21, "OBJECTID": 22, "Fault_ID": 639, "Name": "Lowry", "Name_stat": "published", "Lineage": "Modified", "Fault_stat": "A-LS", "DomainName": "Northeastern Canterbury", "Domain_No": 17, "Dip_pref": 50, "Dip_min": 35.0, "Dip_max": 65.0, "Dip_dir": "SE", "Dom_sense": "reverse", "Sub_sense": null, "Rake_pref": 90, "Rake_minus": 70, "Rake_plus": 110, "SR_pref": 0.3, "SR_min": 0.13, "SR_max": 0.6, "SRT_pref": null, "SRT_min": null, "SRT_max": null, "SRT_gen": "10,000s yrs", "UpdDth_prf": 0.0, "UpdDth_min": 0.0, "UpdDth_max": 0.0, "Depth_Dfc": 26.0, "Method_Dfc": 1, "Depth_D90": 19.3, "Method_D90": 1.0, "QualCode": 3, "References": "Barrell and Townsend 2012; Litchfield et al. 2003", "Comments": "Previously Lowry2017 (Goded et al. 2018)", "CompiledBy": null, "LastUpdate": null, "Shape_Leng": 42170.170404600001, "Shape_Le_1": 42170.170404600001 }, "geometry": { "type": "MultiLineString", "coordinates": [ [ [ 1605048.570899999700487, 5269535.83490000013262 ], [ 1591421.27489999961108, 5256710.490500000305474 ], [ 1582948.798700000159442, 5253867.8092 ], [ 1574965.622100000269711, 5249689.094200000166893 ], [ 1570899.618300000205636, 5245971.444299999624491 ] ] ] } },
{ "type": "Feature", "properties": { "OBJECTID_1": 22, "OBJECTID": 23, "Fault_ID": 530, "Name": "Lyell", "Name_stat": "published", "Lineage": "Modified", "Fault_stat": "A-LS", "DomainName": "Northwestern South Island", "Domain_No": 13, "Dip_pref": 60, "Dip_min": 50.0, "Dip_max": 70.0, "Dip_dir": "SE", "Dom_sense": "reverse", "Sub_sense": null, "Rake_pref": 90, "Rake_minus": 70, "Rake_plus": 110, "SR_pref": 0.5, "SR_min": 0.3, "SR_max": 0.75, "SRT_pref": "2-4 Ma", "SRT_min": null, "SRT_max": null, "SRT_gen": "≥ 1 Ma", "UpdDth_prf": 0.0, "UpdDth_min": 0.0, "UpdDth_max": 0.0, "Depth_Dfc": 24.4, "Method_Dfc": 1, "Depth_D90": 21.5, "Method_D90": 1.0, "QualCode": 1, "References": "Anderson et al. 1994; Lensen and Otway 1971; Rattenbury et al. 1998; Nathan et al. 2002; Ghisetti, Sibson and Hamling 2016", "Comments": "Line work modified as per Ghisetti et al. CFM update. SR modified as per Ghisetti et al. update", "CompiledBy": "F Ghisetti", "LastUpdate": "12/02/2021", "Shape_Leng": 39443.9080435, "Shape_Le_1": 39443.9080435 }, "geometry": { "type": "MultiLineString", "coordinates": [ [ [ 1532269.904799999669194, 5392094.166600000113249 ], [ 1530457.017799999564886, 5390107.206799999810755 ], [ 1529482.603000000119209, 5388502.288200000301003 ], [ 1528680.143699999898672, 5385475.870299999602139 ], [ 1527839.977099999785423, 5383563.430200000293553 ], [ 1526914.733199999667704, 5382518.2347 ], [ 1525410.605700000189245, 5378701.891699999570847 ], [ 1525023.222, 5374207.049100000411272 ], [ 1523395.3722, 5371490.151200000196695 ], [ 1520721.467000000178814, 5368627.091099999845028 ], [ 1519560.767, 5366812.95990000013262 ], [ 1519191.0625, 5364164.844200000166893 ], [ 1517600.473600000143051, 5359891.748499999754131 ], [ 1516422.57799999974668, 5356942.71059999987483 ] ] ] } },
{ "type": "Feature", "properties": { "OBJECTID_1": 549, "OBJECTID": 551, "Fault_ID": 533, "Name": "Lyell South", "Name_stat": "published", "Lineage": "New", "Fault_stat": "N-PS", "DomainName": "Northwestern South Island", "Domain_No": 13, "Dip_pref": 60, "Dip_min": 50.0, "Dip_max": 70.0, "Dip_dir": "SE", "Dom_sense": "reverse", "Sub_sense": null, "Rake_pref": 90, "Rake_minus": 70, "Rake_plus": 110, "SR_pref": 0.5, "SR_min": 0.3, "SR_max": 0.75, "SRT_pref": null, "SRT_min": null, "SRT_max": null, "SRT_gen": "≥ 1 Ma", "UpdDth_prf": 0.0, "UpdDth_min": 0.0, "UpdDth_max": 0.0, "Depth_Dfc": 23.0, "Method_Dfc": 1, "Depth_D90": 18.3, "Method_D90": 1.0, "QualCode": 1, "References": "Ghisetti, Barnes and Sibson 2014; Ghisetti, Sibson and Hamling 2016", "Comments": "Added from Ghisetti et al. CFM update. SR from Lyell", "CompiledBy": "F Ghisetti", "LastUpdate": "12/02/2021", "Shape_Leng": 55810.419282399998, "Shape_Le_1": 55810.419282399998 }, "geometry": { "type": "MultiLineString", "coordinates": [ [ [ 1485970.4523, 5310618.416799999773502 ], [ 1490149.704, 5314803.661500000394881 ], [ 1491844.221, 5315961.029799999669194 ], [ 1493310.586500000208616, 5318015.658300000242889 ], [ 1496192.006, 5319937.873499999754131 ], [ 1498046.354500000365078, 5322555.884399999864399 ], [ 1499333.0609, 5324248.226300000213087 ], [ 1499860.39130000025034, 5326357.547799999825656 ], [ 1500502.358799999579787, 5328627.3613 ], [ 1501167.253600000403821, 5331401.5777000002563 ], [ 1501530.611200000159442, 5332244.8997 ], [ 1503528.776700000278652, 5333648.463700000196695 ], [ 1506096.6464, 5337156.357200000435114 ], [ 1507862.056900000199676, 5339678.372100000269711 ], [ 1508989.922500000335276, 5341943.619099999777973 ], [ 1510108.942900000140071, 5344859.966400000266731 ], [ 1511461.660000000149012, 5346075.119 ], [ 1511813.102800000458956, 5349580.682500000111759 ], [ 1512992.139999999664724, 5352052.024799999780953 ], [ 1513869.037899999879301, 5354268.801599999889731 ], [ 1515193.095700000412762, 5356065.737200000323355 ] ] ] } },
{ "type": "Feature", "properties": { "OBJECTID_1": 519, "OBJECTID": 521, "Fault_ID": 849, "Name": "Madagascar", "Name_stat": "published", "Lineage": "Modified", "Fault_stat": "A-LS", "DomainName": "Western Fiordland Margin - Caswell High", "Domain_No": 24, "Dip_pref": 30, "Dip_min": 20.0, "Dip_max": 40.0, "Dip_dir": "SE", "Dom_sense": "reverse", "Sub_sense": "dextral", "Rake_pref": 110, "Rake_minus": 90, "Rake_plus": 130, "SR_pref": 0.75, "SR_min": 0.5, "SR_max": 1.15, "SRT_pref": null, "SRT_min": null, "SRT_max": null, "SRT_gen": "100,000s yrs", "UpdDth_prf": 0.0, "UpdDth_min": 0.0, "UpdDth_max": 0.0, "Depth_Dfc": 18.3, "Method_Dfc": 3, "Depth_D90": 18.3, "Method_D90": 3.0, "QualCode": 2, "References": "Barnes et al. 2002", "Comments": null, "CompiledBy": "P Barnes, N Litchfield", "LastUpdate": "24/11/2020", "Shape_Leng": 72087.090228200002, "Shape_Le_1": 72087.090228200002 }, "geometry": { "type": "MultiLineString", "coordinates": [ [ [ 1147683.3805, 5050338.018400000408292 ], [ 1154329.841300000436604, 5063641.838899999856949 ], [ 1164303.127100000157952, 5071033.366399999707937 ], [ 1175751.966699999757111, 5086181.077200000174344 ], [ 1197172.144899999722838, 5100587.3712 ] ] ] } },
{ "type": "Feature", "properties": { "OBJECTID_1": 679, "OBJECTID": 682, "Fault_ID": 387, "Name": "Madden Banks", "Name_stat": "published", "Lineage": "Unmodified", "Fault_stat": "N-PS", "DomainName": "Hikurangi accretionary margin", "Domain_No": 7, "Dip_pref": 40, "Dip_min": 30.0, "Dip_max": 50.0, "Dip_dir": "NW", "Dom_sense": "reverse", "Sub_sense": null, "Rake_pref": 90, "Rake_minus": 70, "Rake_plus": 110, "SR_pref": 2.5, "SR_min": 1.5, "SR_max": 3.5, "SRT_pref": null, "SRT_min": null, "SRT_max": null, "SRT_gen": null, "UpdDth_prf": 0.0, "UpdDth_min": 0.0, "UpdDth_max": 0.0, "Depth_Dfc": 10.8, "Method_Dfc": 3, "Depth_D90": 10.8, "Method_D90": 3.0, "QualCode": 3, "References": "Lewis and Pettinga 1993; Barker et al. 2009; Barnes et al. 2010; Ghisetti et al. 2016; Plaza-Faverola et al. 2016; Litchfield et al. 2013, 2014", "Comments": "F1 of Ghisetti et al. (2016)", "CompiledBy": "P Barnes", "LastUpdate": "18/12/2020", "Shape_Leng": 81833.071127000003, "Shape_Le_1": 81833.071127000003 }, "geometry": { "type": "MultiLineString", "coordinates": [ [ [ 1964915.1201, 5534816.409900000318885 ], [ 1964312.9265, 5529310.639999999664724 ], [ 1961818.1245, 5522256.3723 ], [ 1951408.778300000354648, 5508922.085699999704957 ], [ 1949172.0592, 5503158.232900000177324 ], [ 1949059.784199999645352, 5496960.11670000012964 ], [ 1945816.980700000189245, 5489823.9463 ], [ 1940827.3767, 5485608.591199999675155 ], [ 1939379.1119, 5468113.425599999725819 ], [ 1936439.966300000436604, 5465736.20299999974668 ], [ 1932826.8048, 5464531.8158 ] ] ] } },
{ "type": "Feature", "properties": { "OBJECTID_1": 657, "OBJECTID": 659, "Fault_ID": 369, "Name": "Mahia 2", "Name_stat": "published", "Lineage": "Unmodified", "Fault_stat": "A-LS", "DomainName": "Hikurangi accretionary margin", "Domain_No": 7, "Dip_pref": 40, "Dip_min": 30.0, "Dip_max": 50.0, "Dip_dir": "NW", "Dom_sense": "dextral and reverse", "Sub_sense": null, "Rake_pref": 135, "Rake_minus": 115, "Rake_plus": 155, "SR_pref": 0.4, "SR_min": 0.2, "SR_max": 0.6, "SRT_pref": null, "SRT_min": null, "SRT_max": null, "SRT_gen": null, "UpdDth_prf": 0.0, "UpdDth_min": 0.0, "UpdDth_max": 0.0, "Depth_Dfc": 11.8, "Method_Dfc": 3, "Depth_D90": 11.8, "Method_D90": 3.0, "QualCode": 3, "References": "Barnes et al. 2002;  Litchfield et al. 2013, 2014", "Comments": null, "CompiledBy": "P Barnes", "LastUpdate": "21/12/2020", "Shape_Leng": 19856.529369399999, "Shape_Le_1": 19856.529369399999 }, "geometry": { "type": "MultiLineString", "coordinates": [ [ [ 2037439.900899999774992, 5654147.551 ], [ 2035986.692699999548495, 5644923.369900000281632 ], [ 2036160.595200000330806, 5634406.229299999773502 ] ] ] } },
{ "type": "Feature", "properties": { "OBJECTID_1": 23, "OBJECTID": 24, "Fault_ID": 507, "Name": "Maimai", "Name_stat": "published", "Lineage": "Modified", "Fault_stat": "A-LS", "DomainName": "Northwestern South Island", "Domain_No": 13, "Dip_pref": 45, "Dip_min": 35.0, "Dip_max": 55.0, "Dip_dir": "NW", "Dom_sense": "reverse", "Sub_sense": null, "Rake_pref": 90, "Rake_minus": 70, "Rake_plus": 110, "SR_pref": 1.5, "SR_min": 1.0, "SR_max": 2.0, "SRT_pref": "2-4 Ma", "SRT_min": null, "SRT_max": null, "SRT_gen": "≥ 1 Ma", "UpdDth_prf": 0.0, "UpdDth_min": 0.0, "UpdDth_max": 0.0, "Depth_Dfc": 22.3, "Method_Dfc": 1, "Depth_D90": 17.7, "Method_D90": 1.0, "QualCode": 3, "References": "Nathan et al. 2002; Ghisetti, Sibson and Hamling 2016", "Comments": "Line work modified as per Ghisetti et al. CFM update.", "CompiledBy": "F Ghisetti", "LastUpdate": "12/02/2021", "Shape_Leng": 24626.245511100002, "Shape_Le_1": 24626.245511100002 }, "geometry": { "type": "MultiLineString", "coordinates": [ [ [ 1497421.488300000317395, 5342627.410000000149012 ], [ 1496166.8152, 5340197.166899999603629 ], [ 1494362.1585, 5337796.822100000455976 ], [ 1491833.582600000314415, 5336016.420800000429153 ], [ 1489548.374200000427663, 5334785.094700000248849 ], [ 1488713.5439, 5333212.755599999800324 ], [ 1488173.304100000299513, 5331323.44400000013411 ], [ 1486553.150899999774992, 5329504.337799999862909 ], [ 1483640.756099999882281, 5328529.299200000241399 ], [ 1481486.4539, 5325221.692099999636412 ] ] ] } },
{ "type": "Feature", "properties": { "OBJECTID_1": 683, "OBJECTID": 686, "Fault_ID": 506, "Name": "Maimai: North", "Name_stat": "published", "Lineage": "Modified", "Fault_stat": "A-LS", "DomainName": "Northwestern South Island", "Domain_No": 13, "Dip_pref": 60, "Dip_min": 50.0, "Dip_max": 70.0, "Dip_dir": "NW", "Dom_sense": "reverse", "Sub_sense": null, "Rake_pref": 90, "Rake_minus": 70, "Rake_plus": 110, "SR_pref": 1.0, "SR_min": 0.75, "SR_max": 1.5, "SRT_pref": "2-4 Ma", "SRT_min": null, "SRT_max": null, "SRT_gen": "≥ 1 Ma", "UpdDth_prf": 0.0, "UpdDth_min": 0.0, "UpdDth_max": 0.0, "Depth_Dfc": 21.3, "Method_Dfc": 1, "Depth_D90": 16.7, "Method_D90": 1.0, "QualCode": 2, "References": "Anderson et al. 1994; Lensen and Suggate 1968; Lensen and Otway 1971; Nathan et al. 2002; Ghisetti, Sibson and Hamling 2016", "Comments": "Line work modified as per Ghisetti et al. CFM update.", "CompiledBy": "F Ghisetti", "LastUpdate": "12/02/2021", "Shape_Leng": 26456.6226121, "Shape_Le_1": 26456.6226121 }, "geometry": { "type": "MultiLineString", "coordinates": [ [ [ 1497421.488300000317395, 5342627.410000000149012 ], [ 1497911.561599999666214, 5343083.092299999669194 ], [ 1500387.721699999645352, 5344768.256799999624491 ], [ 1501857.4238, 5346154.3421 ], [ 1502176.059600000269711, 5347502.350200000219047 ], [ 1502237.658200000412762, 5349808.346400000154972 ], [ 1504015.504099999554455, 5352090.68709999974817 ], [ 1504989.492200000211596, 5353222.124900000169873 ], [ 1506229.324099999852479, 5354368.668399999849498 ], [ 1507578.074400000274181, 5357289.269600000232458 ], [ 1509031.5757, 5359990.7396 ], [ 1509321.091099999845028, 5361936.042600000277162 ], [ 1510773.8377, 5363683.368700000457466 ], [ 1511071.894000000320375, 5364061.67090000025928 ] ] ] } },
{ "type": "Feature", "properties": { "OBJECTID_1": 684, "OBJECTID": 687, "Fault_ID": 508, "Name": "Maimai: South", "Name_stat": "published", "Lineage": "Modified", "Fault_stat": "A-LS", "DomainName": "Northwestern South Island", "Domain_No": 13, "Dip_pref": 60, "Dip_min": 50.0, "Dip_max": 70.0, "Dip_dir": "NW", "Dom_sense": "reverse", "Sub_sense": null, "Rake_pref": 90, "Rake_minus": 70, "Rake_plus": 110, "SR_pref": 0.35, "SR_min": 0.25, "SR_max": 0.5, "SRT_pref": "2-4 Ma", "SRT_min": null, "SRT_max": null, "SRT_gen": "≥ 1 Ma", "UpdDth_prf": 0.0, "UpdDth_min": 0.0, "UpdDth_max": 0.0, "Depth_Dfc": 21.7, "Method_Dfc": 3, "Depth_D90": 18.1, "Method_D90": 1.0, "QualCode": 2, "References": "Nathan et al. 2002; Ghisetti, Sibson and Hamling 2016", "Comments": "Line work modified as per Ghisetti et al. CFM update.", "CompiledBy": "F Ghisetti", "LastUpdate": "12/02/2021", "Shape_Leng": 69050.851003200005, "Shape_Le_1": 69050.851003200005 }, "geometry": { "type": "MultiLineString", "coordinates": [ [ [ 1447184.670599999837577, 5268179.249099999666214 ], [ 1449420.092899999581277, 5270999.320299999788404 ], [ 1450241.427199999801815, 5274547.145100000314415 ], [ 1451759.464499999769032, 5276131.789300000295043 ], [ 1453409.462000000290573, 5278530.974000000394881 ], [ 1454509.97759999986738, 5280766.396300000138581 ], [ 1454785.106499999761581, 5282933.036399999633431 ], [ 1458740.0844, 5290040.532999999821186 ], [ 1460986.9704, 5292562.547899999655783 ], [ 1464001.924599999561906, 5296964.610299999825656 ], [ 1464586.573599999770522, 5299406.379300000146031 ], [ 1465068.049100000411272, 5300231.765999999828637 ], [ 1466821.995900000445545, 5302123.277200000360608 ], [ 1467441.035899999551475, 5303453.0669 ], [ 1468724.970800000242889, 5306204.355899999849498 ], [ 1468974.707100000232458, 5308433.604799999855459 ], [ 1470622.2138, 5311064.9665 ], [ 1471344.427199999801815, 5314366.513299999758601 ], [ 1473098.3739, 5315965.700000000186265 ], [ 1474112.9117, 5317100.606700000353158 ], [ 1475196.231800000183284, 5317736.842299999669194 ], [ 1476313.942900000140071, 5317874.406700000166893 ], [ 1478342.283300000242889, 5318736.283200000412762 ], [ 1479942.205299999564886, 5320608.500199999660254 ], [ 1480675.388399999588728, 5323074.586199999786913 ], [ 1481533.957999999634922, 5325302.6584 ] ] ] } },
{ "type": "Feature", "properties": { "OBJECTID_1": 268, "OBJECTID": 269, "Fault_ID": 315, "Name": "Makuri - Waewaepa", "Name_stat": "published", "Lineage": "Modified", "Fault_stat": "A-LS", "DomainName": "North Island Dextral Fault Belt", "Domain_No": 5, "Dip_pref": 70, "Dip_min": 60.0, "Dip_max": 80.0, "Dip_dir": "NW", "Dom_sense": "dextral", "Sub_sense": "reverse", "Rake_pref": 160, "Rake_minus": 140, "Rake_plus": 180, "SR_pref": 3.5, "SR_min": 2.5, "SR_max": 4.5, "SRT_pref": null, "SRT_min": null, "SRT_max": null, "SRT_gen": "10,000s yrs", "UpdDth_prf": 0.0, "UpdDth_min": 0.0, "UpdDth_max": 0.0, "Depth_Dfc": 20.8, "Method_Dfc": 3, "Depth_D90": 18.4, "Method_D90": 1.0, "QualCode": 3, "References": "Litchfield et al. 2013, 2014; Schermer et al. 2004", "Comments": "Name changed from Alfredton - Makuri 2. Makuri-Waewaepab taking the 3.5mm/yr off the Alfredton-Pa Valley; new mapping from DSM", "CompiledBy": null, "LastUpdate": null, "Shape_Leng": 23893.8890541, "Shape_Le_1": 23893.8890541 }, "geometry": { "type": "MultiLineString", "coordinates": [ [ [ 1865226.988199999555945, 5523710.282100000418723 ], [ 1854561.548999999649823, 5509259.224399999715388 ], [ 1849209.719200000166893, 5506697.713499999605119 ] ] ] } },
{ "type": "Feature", "properties": { "OBJECTID_1": 71, "OBJECTID": 72, "Fault_ID": 210, "Name": "Maleme", "Name_stat": "published", "Lineage": "Unmodified", "Fault_stat": "A-LS", "DomainName": "Havre Trough - Taupo Rift", "Domain_No": 4, "Dip_pref": 60, "Dip_min": 50.0, "Dip_max": 70.0, "Dip_dir": "SE", "Dom_sense": "normal", "Sub_sense": null, "Rake_pref": -90, "Rake_minus": -110, "Rake_plus": -70, "SR_pref": 4.2, "SR_min": 3.5, "SR_max": 5.1, "SRT_pref": "20 000", "SRT_min": "18 000", "SRT_max": "22 000", "SRT_gen": "10,000s yrs", "UpdDth_prf": 0.0, "UpdDth_min": 0.0, "UpdDth_max": 0.0, "Depth_Dfc": 11.6, "Method_Dfc": 1, "Depth_D90": 9.2, "Method_D90": 1.0, "QualCode": 1, "References": "Litchfield et al. 2013, 2014; McClymont et al. 2009; Villamor and Berryman 2001; Villamor et al. 2001", "Comments": null, "CompiledBy": null, "LastUpdate": null, "Shape_Leng": 17359.031066, "Shape_Le_1": 17359.031066 }, "geometry": { "type": "MultiLineString", "coordinates": [ [ [ 1884431.307799999602139, 5757192.190899999812245 ], [ 1871178.970599999651313, 5745980.076100000180304 ] ] ] } },
{ "type": "Feature", "properties": { "OBJECTID_1": 692, "OBJECTID": 695, "Fault_ID": 35, "Name": "Manahi 1", "Name_stat": "informal", "Lineage": "New", "Fault_stat": "A-LS", "DomainName": "western North Island", "Domain_No": 3, "Dip_pref": 60, "Dip_min": 50.0, "Dip_max": 70.0, "Dip_dir": "SE", "Dom_sense": "normal", "Sub_sense": null, "Rake_pref": -90, "Rake_minus": -110, "Rake_plus": -70, "SR_pref": 0.03, "SR_min": 0.02, "SR_max": 0.04, "SRT_pref": null, "SRT_min": null, "SRT_max": null, "SRT_gen": "≥ 1 Ma", "UpdDth_prf": 0.0, "UpdDth_min": 0.0, "UpdDth_max": 0.0, "Depth_Dfc": 26.9, "Method_Dfc": 1, "Depth_D90": 21.8, "Method_D90": 1.0, "QualCode": 2, "References": "Seebeck et al. 2021", "Comments": null, "CompiledBy": "H Seebeck", "LastUpdate": "30/04/2021", "Shape_Leng": 13195.8301347, "Shape_Le_1": 13195.8301347 }, "geometry": { "type": "MultiLineString", "coordinates": [ [ [ 1656204.806200000457466, 5630806.576999999582767 ], [ 1658349.125, 5631782.0 ], [ 1659882.125, 5633003.2813 ], [ 1661450.125, 5635395.453099999576807 ], [ 1664608.676799999549985, 5636735.738599999807775 ], [ 1666806.760900000110269, 5638103.065700000151992 ] ] ] } },
{ "type": "Feature", "properties": { "OBJECTID_1": 693, "OBJECTID": 696, "Fault_ID": 31, "Name": "Manahi 2", "Name_stat": "informal", "Lineage": "New", "Fault_stat": "A-LS", "DomainName": "western North Island", "Domain_No": 3, "Dip_pref": 60, "Dip_min": 50.0, "Dip_max": 70.0, "Dip_dir": "SE", "Dom_sense": "normal", "Sub_sense": null, "Rake_pref": -90, "Rake_minus": -110, "Rake_plus": -70, "SR_pref": 0.09, "SR_min": 0.07, "SR_max": 0.13, "SRT_pref": null, "SRT_min": null, "SRT_max": null, "SRT_gen": "≥ 1 Ma", "UpdDth_prf": 0.0, "UpdDth_min": 0.0, "UpdDth_max": 0.0, "Depth_Dfc": 26.3, "Method_Dfc": 1, "Depth_D90": 20.9, "Method_D90": 1.0, "QualCode": 2, "References": "Seebeck et al. 2021", "Comments": null, "CompiledBy": "H Seebeck", "LastUpdate": "30/04/2021", "Shape_Leng": 12007.6299949, "Shape_Le_1": 12007.6299949 }, "geometry": { "type": "MultiLineString", "coordinates": [ [ [ 1654951.67339999973774, 5642715.934100000187755 ], [ 1659741.7237, 5646265.704400000162423 ], [ 1661623.125, 5647867.789099999703467 ], [ 1663560.1069, 5650872.0104 ] ] ] } },
{ "type": "Feature", "properties": { "OBJECTID_1": 398, "OBJECTID": 399, "Fault_ID": 4, "Name": "Mangatangi", "Name_stat": "published", "Lineage": "New", "Fault_stat": "A-LS", "DomainName": "North Waikato - South Auckland", "Domain_No": 2, "Dip_pref": 65, "Dip_min": 50.0, "Dip_max": 80.0, "Dip_dir": "SE", "Dom_sense": "normal", "Sub_sense": null, "Rake_pref": -90, "Rake_minus": -110, "Rake_plus": -70, "SR_pref": 0.1, "SR_min": 0.02, "SR_max": 0.17, "SRT_pref": null, "SRT_min": "30 000", "SRT_max": "125 000", "SRT_gen": "10,000s yrs", "UpdDth_prf": 0.0, "UpdDth_min": 0.0, "UpdDth_max": 0.0, "Depth_Dfc": 22.3, "Method_Dfc": 1, "Depth_D90": 17.0, "Method_D90": 1.0, "QualCode": 3, "References": "Townsend and Bland CFM compilation", "Comments": null, "CompiledBy": null, "LastUpdate": null, "Shape_Leng": 17338.9280554, "Shape_Le_1": 17338.9280554 }, "geometry": { "type": "MultiLineString", "coordinates": [ [ [ 1790317.205299999564886, 5878642.5537 ], [ 1791932.0296, 5879730.035500000230968 ], [ 1793551.2829, 5882460.540900000371039 ], [ 1794472.034699999727309, 5885191.046400000341237 ], [ 1795472.1617, 5886683.2994 ], [ 1798532.929100000299513, 5889176.0428 ], [ 1799628.306300000287592, 5889771.356499999761581 ], [ 1801874.623200000263751, 5890446.045300000347197 ] ] ] } },
{ "type": "Feature", "properties": { "OBJECTID_1": 606, "OBJECTID": 608, "Fault_ID": 420, "Name": "Marlborough Slope 11", "Name_stat": "informal", "Lineage": "New", "Fault_stat": "N-PS", "DomainName": "Hikurangi accretionary margin", "Domain_No": 7, "Dip_pref": 55, "Dip_min": 45.0, "Dip_max": 65.0, "Dip_dir": "NW", "Dom_sense": "reverse", "Sub_sense": null, "Rake_pref": 90, "Rake_minus": 70, "Rake_plus": 110, "SR_pref": 0.3, "SR_min": 0.1, "SR_max": 0.5, "SRT_pref": null, "SRT_min": null, "SRT_max": null, "SRT_gen": null, "UpdDth_prf": 1.0, "UpdDth_min": 0.8, "UpdDth_max": 1.2, "Depth_Dfc": 22.3, "Method_Dfc": 1, "Depth_D90": 14.7, "Method_D90": 1.0, "QualCode": 3, "References": "Barnes 1994; Crutchley et al. 2020", "Comments": "Compressionally reactivated normal fault", "CompiledBy": "P Barnes", "LastUpdate": "13/11/2020", "Shape_Leng": 9856.2827871400004, "Shape_Le_1": 9856.2827871400004 }, "geometry": { "type": "MultiLineString", "coordinates": [ [ [ 1681943.193799999542534, 5272132.238599999807775 ], [ 1684466.47510000038892, 5278647.935700000263751 ], [ 1685818.304999999701977, 5281178.562400000169873 ] ] ] } },
{ "type": "Feature", "properties": { "OBJECTID_1": 605, "OBJECTID": 607, "Fault_ID": 419, "Name": "Marlborough Slope 2", "Name_stat": "published", "Lineage": "Modified", "Fault_stat": "N-PS", "DomainName": "Hikurangi accretionary margin", "Domain_No": 7, "Dip_pref": 45, "Dip_min": 35.0, "Dip_max": 55.0, "Dip_dir": "NW", "Dom_sense": "reverse", "Sub_sense": null, "Rake_pref": 90, "Rake_minus": 70, "Rake_plus": 110, "SR_pref": 1.0, "SR_min": 0.5, "SR_max": 1.5, "SRT_pref": null, "SRT_min": null, "SRT_max": null, "SRT_gen": "100,000s yrs", "UpdDth_prf": 1.0, "UpdDth_min": 0.8, "UpdDth_max": 1.2, "Depth_Dfc": 17.5, "Method_Dfc": 3, "Depth_D90": 16.0, "Method_D90": 1.0, "QualCode": 3, "References": "Barnes et al. 1998; Litchfield et al. 2013, 2014", "Comments": null, "CompiledBy": null, "LastUpdate": null, "Shape_Leng": 25720.208793000002, "Shape_Le_1": 25720.208793000002 }, "geometry": { "type": "MultiLineString", "coordinates": [ [ [ 1672910.845800000242889, 5283845.567699999548495 ], [ 1678308.356599999591708, 5289878.079800000414252 ], [ 1680425.027499999850988, 5291359.7494 ], [ 1695030.056800000369549, 5294958.0899 ] ] ] } },
{ "type": "Feature", "properties": { "OBJECTID_1": 603, "OBJECTID": 605, "Fault_ID": 417, "Name": "Marlborough Slope 3", "Name_stat": "published", "Lineage": "Modified", "Fault_stat": "N-PS", "DomainName": "Hikurangi accretionary margin", "Domain_No": 7, "Dip_pref": 55, "Dip_min": 40.0, "Dip_max": 70.0, "Dip_dir": "NW", "Dom_sense": "reverse", "Sub_sense": null, "Rake_pref": 90, "Rake_minus": 70, "Rake_plus": 110, "SR_pref": 0.3, "SR_min": 0.1, "SR_max": 0.5, "SRT_pref": null, "SRT_min": null, "SRT_max": null, "SRT_gen": null, "UpdDth_prf": 1.5, "UpdDth_min": 1.3, "UpdDth_max": 1.7, "Depth_Dfc": 11.4, "Method_Dfc": 3, "Depth_D90": 11.4, "Method_D90": 3.0, "QualCode": 3, "References": "Crutchley et al. 2020", "Comments": "PB revised.: Compressionally reactivated normal fault", "CompiledBy": "P Barnes", "LastUpdate": "13/11/2020", "Shape_Leng": 21509.061061299999, "Shape_Le_1": 21509.061061299999 }, "geometry": { "type": "MultiLineString", "coordinates": [ [ [ 1729292.6864, 5313188.453200000338256 ], [ 1738611.2489, 5314154.832100000232458 ], [ 1750312.2972, 5317391.772099999710917 ] ] ] } },
{ "type": "Feature", "properties": { "OBJECTID_1": 604, "OBJECTID": 606, "Fault_ID": 418, "Name": "Marlborough Slope 4", "Name_stat": "published", "Lineage": "Modified", "Fault_stat": "N-PS", "DomainName": "Hikurangi accretionary margin", "Domain_No": 7, "Dip_pref": 45, "Dip_min": 35.0, "Dip_max": 55.0, "Dip_dir": "NW", "Dom_sense": "reverse", "Sub_sense": null, "Rake_pref": 90, "Rake_minus": 70, "Rake_plus": 110, "SR_pref": 0.5, "SR_min": 0.1, "SR_max": 0.8, "SRT_pref": null, "SRT_min": null, "SRT_max": null, "SRT_gen": null, "UpdDth_prf": 0.7, "UpdDth_min": 0.5, "UpdDth_max": 0.9, "Depth_Dfc": 15.4, "Method_Dfc": 3, "Depth_D90": 15.4, "Method_D90": 3.0, "QualCode": 3, "References": "Litchfield et al. 2013, 2014; Crutchley et al. 2020", "Comments": "revised  position, length and SR", "CompiledBy": "P Barnes", "LastUpdate": "13/11/2020", "Shape_Leng": 25935.246528600001, "Shape_Le_1": 25935.246528600001 }, "geometry": { "type": "MultiLineString", "coordinates": [ [ [ 1703323.597900000400841, 5299823.699900000356138 ], [ 1713313.699500000104308, 5302467.230499999597669 ], [ 1718754.550300000235438, 5306273.457600000314415 ], [ 1723035.25789999961853, 5314006.470700000412762 ], [ 1723154.340800000354648, 5314035.121600000187755 ] ] ] } },
{ "type": "Feature", "properties": { "OBJECTID_1": 607, "OBJECTID": 609, "Fault_ID": 482, "Name": "Marlborough Slope 9", "Name_stat": "published", "Lineage": "Unmodified", "Fault_stat": "N-PS", "DomainName": "Hikurangi accretionary margin - eastern zone", "Domain_No": 8, "Dip_pref": 55, "Dip_min": 45.0, "Dip_max": 65.0, "Dip_dir": "NW", "Dom_sense": "reverse", "Sub_sense": null, "Rake_pref": 90, "Rake_minus": 70, "Rake_plus": 110, "SR_pref": 0.28, "SR_min": 0.05, "SR_max": 0.5, "SRT_pref": null, "SRT_min": null, "SRT_max": null, "SRT_gen": null, "UpdDth_prf": 1.0, "UpdDth_min": 0.8, "UpdDth_max": 1.2, "Depth_Dfc": 21.5, "Method_Dfc": 1, "Depth_D90": 15.0, "Method_D90": 2.0, "QualCode": 3, "References": "Barnes 1994; Crutchley et al. 2020; Litchfield et al. 2013, 2014", "Comments": "Compressionally reactivated normal fault", "CompiledBy": "P Barnes", "LastUpdate": "13/11/2020", "Shape_Leng": 13959.013282600001, "Shape_Le_1": 13959.013282600001 }, "geometry": { "type": "MultiLineString", "coordinates": [ [ [ 1682666.151100000366569, 5269894.348199999891222 ], [ 1690639.831899999640882, 5276100.403300000354648 ], [ 1694265.405600000172853, 5277409.92949999962002 ] ] ] } },
{ "type": "Feature", "properties": { "OBJECTID_1": 139, "OBJECTID": 140, "Fault_ID": 402, "Name": "Martinborough", "Name_stat": "published", "Lineage": "Unmodified", "Fault_stat": "A-LS", "DomainName": "Hikurangi accretionary margin", "Domain_No": 7, "Dip_pref": 65, "Dip_min": 55.0, "Dip_max": 75.0, "Dip_dir": "NW", "Dom_sense": "reverse", "Sub_sense": "dextral", "Rake_pref": 110, "Rake_minus": 90, "Rake_plus": 130, "SR_pref": 0.1, "SR_min": 0.05, "SR_max": 0.2, "SRT_pref": null, "SRT_min": null, "SRT_max": null, "SRT_gen": "10,000s yrs", "UpdDth_prf": 0.0, "UpdDth_min": 0.0, "UpdDth_max": 0.0, "Depth_Dfc": 18.5, "Method_Dfc": 3, "Depth_D90": 16.1, "Method_D90": 1.0, "QualCode": 1, "References": "Litchfield et al. 2007, 2013, 2014; Nicol et al. 2002", "Comments": null, "CompiledBy": null, "LastUpdate": null, "Shape_Leng": 23036.406876599998, "Shape_Le_1": 23036.406876599998 }, "geometry": { "type": "MultiLineString", "coordinates": [ [ [ 1813309.821399999782443, 5447221.449 ], [ 1810292.947200000286102, 5438786.004300000146031 ], [ 1802105.555800000205636, 5432165.501199999824166 ], [ 1799144.449, 5430210.089100000448525 ] ] ] } },
{ "type": "Feature", "properties": { "OBJECTID_1": 836, "OBJECTID": 839, "Fault_ID": 487, "Name": "Mascarin", "Name_stat": "published", "Lineage": "Unmodified", "Fault_stat": "A-LS", "DomainName": "Kapiti-Manawatu", "Domain_No": 12, "Dip_pref": 70, "Dip_min": 60.0, "Dip_max": 80.0, "Dip_dir": "E", "Dom_sense": "reverse", "Sub_sense": null, "Rake_pref": 90, "Rake_minus": 70, "Rake_plus": 110, "SR_pref": 0.1, "SR_min": 0.05, "SR_max": 3.3, "SRT_pref": null, "SRT_min": null, "SRT_max": null, "SRT_gen": "1000s yrs", "UpdDth_prf": 0.0, "UpdDth_min": 0.0, "UpdDth_max": 0.0, "Depth_Dfc": 37.3, "Method_Dfc": 1, "Depth_D90": 29.2, "Method_D90": 1.0, "QualCode": 1, "References": "Lamarche et al. 2005; Nodder et al. 2007; Litchfield et al. 2013, 2014", "Comments": "Realigned, extended northwards slightly from Litchfield et al (2013/14). Removed Mascarin 1 (south). SR from Holocene, Nodder et al (2007).", "CompiledBy": "S Nodder, P Barnes", "LastUpdate": "08/01/2021", "Shape_Leng": 55884.389991199998, "Shape_Le_1": 55884.389991199998 }, "geometry": { "type": "MultiLineString", "coordinates": [ [ [ 1758491.1804, 5497261.48369999974966 ], [ 1761518.299700000323355, 5502706.621799999848008 ], [ 1766130.561300000175834, 5514790.440999999642372 ], [ 1766772.235100000165403, 5519379.107699999585748 ], [ 1770813.017799999564886, 5526247.106999999843538 ], [ 1771451.4353, 5530453.897699999623001 ], [ 1778539.196600000374019, 5543876.361999999731779 ], [ 1781517.005400000140071, 5547492.687 ] ] ] } },
{ "type": "Feature", "properties": { "OBJECTID_1": 138, "OBJECTID": 139, "Fault_ID": 398, "Name": "Masterton", "Name_stat": "published", "Lineage": "Unmodified", "Fault_stat": "A-LS", "DomainName": "Hikurangi accretionary margin", "Domain_No": 7, "Dip_pref": 65, "Dip_min": 55.0, "Dip_max": 75.0, "Dip_dir": "S", "Dom_sense": "dextral", "Sub_sense": "normal", "Rake_pref": -160, "Rake_minus": -180, "Rake_plus": -140, "SR_pref": 1.5, "SR_min": 0.5, "SR_max": 2.0, "SRT_pref": null, "SRT_min": null, "SRT_max": null, "SRT_gen": "10,000s yrs", "UpdDth_prf": 0.0, "UpdDth_min": 0.0, "UpdDth_max": 0.0, "Depth_Dfc": 16.1, "Method_Dfc": 3, "Depth_D90": 16.2, "Method_D90": 1.0, "QualCode": 2, "References": "Litchfield et al. 2013, 2014; Begg et al. 2001; Langridge et al. 2005a; Little and Begg 2005; Zachariasen et al. 2000", "Comments": null, "CompiledBy": null, "LastUpdate": null, "Shape_Leng": 22816.825627900002, "Shape_Le_1": 22816.825627900002 }, "geometry": { "type": "MultiLineString", "coordinates": [ [ [ 1830118.873599999584258, 5465609.890599999576807 ], [ 1829097.03139999974519, 5464793.871299999766052 ], [ 1827919.992600000463426, 5464464.981200000271201 ], [ 1824876.454800000414252, 5464693.98589999973774 ], [ 1817742.0186, 5461545.4446 ], [ 1813788.407599999569356, 5461356.967000000178814 ], [ 1808834.668600000441074, 5459017.28760000038892 ] ] ] } },
{ "type": "Feature", "properties": { "OBJECTID_1": 643, "OBJECTID": 645, "Fault_ID": 390, "Name": "Mataikona", "Name_stat": "published", "Lineage": "Modified", "Fault_stat": "A-LS", "DomainName": "Hikurangi accretionary margin", "Domain_No": 7, "Dip_pref": 40, "Dip_min": 30.0, "Dip_max": 50.0, "Dip_dir": "NW", "Dom_sense": "reverse", "Sub_sense": null, "Rake_pref": 90, "Rake_minus": 70, "Rake_plus": 110, "SR_pref": 4.0, "SR_min": 3.0, "SR_max": 5.0, "SRT_pref": null, "SRT_min": null, "SRT_max": null, "SRT_gen": "1000s yrs", "UpdDth_prf": 0.0, "UpdDth_min": 0.0, "UpdDth_max": 0.0, "Depth_Dfc": 14.9, "Method_Dfc": 3, "Depth_D90": 14.9, "Method_D90": 3.0, "QualCode": 2, "References": "Ota et al. 1988a; Berryman et al. 2011", "Comments": "Revised location following reconnaisance mapping with seismic data. SR from Litchfield et al. (2014).", "CompiledBy": "J Mountjoy", "LastUpdate": "18/12/2020", "Shape_Leng": 70356.318992400003, "Shape_Le_1": 70356.318992400003 }, "geometry": { "type": "MultiLineString", "coordinates": [ [ [ 1866910.440700000151992, 5453491.513600000180304 ], [ 1881108.771800000220537, 5475498.8185 ], [ 1887314.77379999961704, 5489619.027300000190735 ], [ 1898019.202499999664724, 5501665.211500000208616 ], [ 1908169.683400000445545, 5509176.5592 ] ] ] } },
{ "type": "Feature", "properties": { "OBJECTID_1": 645, "OBJECTID": 647, "Fault_ID": 394, "Name": "Mataikona East", "Name_stat": "informal", "Lineage": "New", "Fault_stat": "A-LS", "DomainName": "Hikurangi accretionary margin", "Domain_No": 7, "Dip_pref": 40, "Dip_min": 30.0, "Dip_max": 50.0, "Dip_dir": "NW", "Dom_sense": "reverse", "Sub_sense": null, "Rake_pref": 90, "Rake_minus": 70, "Rake_plus": 110, "SR_pref": 0.25, "SR_min": 0.1, "SR_max": 0.4, "SRT_pref": null, "SRT_min": null, "SRT_max": null, "SRT_gen": null, "UpdDth_prf": 0.0, "UpdDth_min": 0.0, "UpdDth_max": 0.0, "Depth_Dfc": 13.7, "Method_Dfc": 3, "Depth_D90": 13.7, "Method_D90": 3.0, "QualCode": 3, "References": "Mountjoy CFM compilation", "Comments": "Revised location following reconnaisance mapping with seismic data.", "CompiledBy": "J Mountjoy", "LastUpdate": "18/12/2020", "Shape_Leng": 23165.454416500001, "Shape_Le_1": 23165.454416500001 }, "geometry": { "type": "MultiLineString", "coordinates": [ [ [ 1883823.221099999733269, 5462375.3328 ], [ 1895132.9527000002563, 5482592.361499999649823 ] ] ] } },
{ "type": "Feature", "properties": { "OBJECTID_1": 141, "OBJECTID": 142, "Fault_ID": 179, "Name": "Matata", "Name_stat": "published", "Lineage": "Modified", "Fault_stat": "A-LS", "DomainName": "Havre Trough - Taupo Rift", "Domain_No": 4, "Dip_pref": 60, "Dip_min": 50.0, "Dip_max": 70.0, "Dip_dir": "SE", "Dom_sense": "normal", "Sub_sense": null, "Rake_pref": -90, "Rake_minus": -110, "Rake_plus": -70, "SR_pref": 1.8, "SR_min": 1.6, "SR_max": 2.0, "SRT_pref": "5 600", "SRT_min": null, "SRT_max": null, "SRT_gen": "1000s yrs", "UpdDth_prf": 0.0, "UpdDth_min": 0.0, "UpdDth_max": 0.0, "Depth_Dfc": 7.4, "Method_Dfc": 3, "Depth_D90": 7.4, "Method_D90": 3.0, "QualCode": 1, "References": "Mouslopoulou et al. 2007; Ota et al. 1988b", "Comments": "Southern extent shortened to intersection with new North Rotoma Fault. Offshore geometry updated by P Barnes", "CompiledBy": "P Villamor", "LastUpdate": "28/10/2020", "Shape_Leng": 20815.6073058, "Shape_Le_1": 20815.6073058 }, "geometry": { "type": "MultiLineString", "coordinates": [ [ [ 1938972.0932, 5803362.976700000464916 ], [ 1936330.60219999961555, 5801271.982699999585748 ], [ 1934602.386900000274181, 5800706.4074 ], [ 1931335.774400000460446, 5798770.871600000187755 ], [ 1924118.711900000460446, 5789395.728900000452995 ] ] ] } },
{ "type": "Feature", "properties": { "OBJECTID_1": 132, "OBJECTID": 133, "Fault_ID": 311, "Name": "Maunga", "Name_stat": "published", "Lineage": "Modified", "Fault_stat": "A-LS", "DomainName": "North Island Dextral Fault Belt", "Domain_No": 5, "Dip_pref": 70, "Dip_min": 60.0, "Dip_max": 80.0, "Dip_dir": "NW", "Dom_sense": "reverse", "Sub_sense": "dextral", "Rake_pref": 110, "Rake_minus": 90, "Rake_plus": 130, "SR_pref": 0.4, "SR_min": 0.1, "SR_max": 0.7, "SRT_pref": null, "SRT_min": null, "SRT_max": null, "SRT_gen": "10,000s yrs", "UpdDth_prf": 0.0, "UpdDth_min": 0.0, "UpdDth_max": 0.0, "Depth_Dfc": 24.0, "Method_Dfc": 3, "Depth_D90": 21.3, "Method_D90": 1.0, "QualCode": 3, "References": "Beanland 1995", "Comments": "replaces Maunga of Litchfield et al. (2014); new mapping from DSM", "CompiledBy": "R Langridge", "LastUpdate": "11/12/2020", "Shape_Leng": 25828.530182400002, "Shape_Le_1": 25828.530182400002 }, "geometry": { "type": "MultiLineString", "coordinates": [ [ [ 1856829.7188, 5529266.391699999570847 ], [ 1857797.464800000190735, 5530224.705500000156462 ], [ 1858855.083599999547005, 5531074.248700000345707 ], [ 1860548.420300000347197, 5534302.171799999661744 ], [ 1860521.961900000460446, 5535201.75690000038594 ], [ 1861196.650700000114739, 5536656.9682 ], [ 1864875.4183, 5540979.713100000284612 ], [ 1869928.302000000141561, 5545746.512500000186265 ], [ 1873157.4671, 5548643.466900000348687 ] ] ] } },
{ "type": "Feature", "properties": { "OBJECTID_1": 373, "OBJECTID": 374, "Fault_ID": 712, "Name": "Maungati", "Name_stat": "published", "Lineage": "New", "Fault_stat": "A-LS", "DomainName": "Central Canterbury", "Domain_No": 18, "Dip_pref": 60, "Dip_min": 50.0, "Dip_max": 70.0, "Dip_dir": "E", "Dom_sense": "reverse", "Sub_sense": "dextral", "Rake_pref": 110, "Rake_minus": 90, "Rake_plus": 130, "SR_pref": 0.07, "SR_min": 0.05, "SR_max": 0.12, "SRT_pref": null, "SRT_min": null, "SRT_max": null, "SRT_gen": "100,000s yrs", "UpdDth_prf": 0.0, "UpdDth_min": 0.0, "UpdDth_max": 0.0, "Depth_Dfc": 25.6, "Method_Dfc": 2, "Depth_D90": 16.8, "Method_D90": 1.0, "QualCode": 3, "References": "Barrell 2016 (CR2015/166)", "Comments": "Recognition of LQ deformation and structural interpretation discussed in detail by Barrell (2016). Structural continuity with Brothers Fault is basis for assigning it the same SR as the Maungati Fault.", "CompiledBy": "D Barrell", "LastUpdate": "12/02/2021", "Shape_Leng": 31750.694513800001, "Shape_Le_1": 31750.694513800001 }, "geometry": { "type": "MultiLineString", "coordinates": [ [ [ 1450431.309899999760091, 5057337.009499999694526 ], [ 1446071.745699999853969, 5058935.865000000223517 ], [ 1438700.248100000433624, 5070819.738199999555945 ], [ 1436762.707600000314415, 5076858.464800000190735 ], [ 1441178.931800000369549, 5082003.932799999602139 ] ] ] } },
{ "type": "Feature", "properties": { "OBJECTID_1": 378, "OBJECTID": 379, "Fault_ID": 798, "Name": "Maungatua - North Taieri", "Name_stat": "published", "Lineage": "New", "Fault_stat": "N-PS", "DomainName": "Otago", "Domain_No": 20, "Dip_pref": 45, "Dip_min": 30.0, "Dip_max": 60.0, "Dip_dir": "N", "Dom_sense": "reverse", "Sub_sense": "dextral", "Rake_pref": 110, "Rake_minus": 90, "Rake_plus": 130, "SR_pref": 0.05, "SR_min": 0.01, "SR_max": 0.1, "SRT_pref": null, "SRT_min": null, "SRT_max": null, "SRT_gen": "≥ 1 Ma", "UpdDth_prf": 0.0, "UpdDth_min": 0.0, "UpdDth_max": 0.0, "Depth_Dfc": 27.9, "Method_Dfc": 1, "Depth_D90": 23.7, "Method_D90": 1.0, "QualCode": 3, "References": "Villamor et al. 2018 (GNS MS 124); Barrell 2021 (CR2020/88)", "Comments": "Barrell 2020 used term Waipori-Maungatua-North Taieri Fault to more clearly reflect its geologically-mapped component structures, but simplified Maungatua-North Taieri Fault retained as a fault source name (as used by Villamor et al. 2018).", "CompiledBy": "D Barrell", "LastUpdate": "12/02/2021", "Shape_Leng": 38707.167101599996, "Shape_Le_1": 38707.167101599996 }, "geometry": { "type": "MultiLineString", "coordinates": [ [ [ 1361908.2242, 4913063.191800000146031 ], [ 1366194.482699999585748, 4910602.5619 ], [ 1368734.487800000235438, 4909967.560600000433624 ], [ 1371591.99349999986589, 4910443.811599999666214 ], [ 1375719.501799999736249, 4910364.4364 ], [ 1378894.508100000210106, 4914888.82039999961853 ], [ 1381037.637400000356138, 4918460.702600000426173 ], [ 1388571.801900000311434, 4918641.097199999727309 ], [ 1391925.263399999588728, 4920635.581899999640882 ], [ 1394835.6858, 4921323.5 ] ] ] } },
{ "type": "Feature", "properties": { "OBJECTID_1": 870, "OBJECTID": 873, "Fault_ID": 822, "Name": "McKerchar", "Name_stat": "informal", "Lineage": "New", "Fault_stat": "A-LS", "DomainName": "Southern South Island", "Domain_No": 21, "Dip_pref": 60, "Dip_min": 50.0, "Dip_max": 70.0, "Dip_dir": "E", "Dom_sense": "reverse", "Sub_sense": null, "Rake_pref": 90, "Rake_minus": 70, "Rake_plus": 110, "SR_pref": 0.07, "SR_min": 0.05, "SR_max": 0.1, "SRT_pref": null, "SRT_min": null, "SRT_max": null, "SRT_gen": "100,000s yrs", "UpdDth_prf": 0.0, "UpdDth_min": 0.0, "UpdDth_max": 0.0, "Depth_Dfc": 32.9, "Method_Dfc": 1, "Depth_D90": 28.5, "Method_D90": 1.0, "QualCode": 3, "References": "Turnbull and Allibone 2003 (QMAP); Carter and Norris 2005 (SR2004/23); Barrell 2019 (CR2018/207)", "Comments": "Referred to by Cater and Norris as 'Takitimu Boundary Fault Zone'; complex fault zone. Remanent Quat scarps. Accounts for main uplift of Takitimu Mountains. Fault dips and rake is guess. Scarps on old fans give slip rate estimates (see Barrell 2019)", "CompiledBy": "D Barrell, N Mortimer", "LastUpdate": "12/02/2021", "Shape_Leng": 43899.1457276, "Shape_Le_1": 43899.1457276 }, "geometry": { "type": "MultiLineString", "coordinates": [ [ [ 1199402.0762, 4904090.808899999596179 ], [ 1194210.295199999585748, 4908425.31940000038594 ], [ 1191739.7275, 4911689.65749999973923 ], [ 1189841.3383, 4915174.392300000414252 ], [ 1188624.252500000409782, 4920783.5702 ], [ 1189629.67119999974966, 4926763.165500000119209 ], [ 1191375.924700000323355, 4931419.8415 ], [ 1194445.097500000149012, 4935018.182 ], [ 1199525.107699999585748, 4940627.359899999573827 ] ] ] } },
{ "type": "Feature", "properties": { "OBJECTID_1": 866, "OBJECTID": 869, "Fault_ID": 819, "Name": "Mid Dome", "Name_stat": "informal", "Lineage": "New", "Fault_stat": "N-PS", "DomainName": "Southern South Island", "Domain_No": 21, "Dip_pref": 60, "Dip_min": 50.0, "Dip_max": 70.0, "Dip_dir": "E", "Dom_sense": "reverse", "Sub_sense": "dextral", "Rake_pref": 110, "Rake_minus": 90, "Rake_plus": 130, "SR_pref": 0.05, "SR_min": 0.025, "SR_max": 0.1, "SRT_pref": null, "SRT_min": null, "SRT_max": null, "SRT_gen": "≥ 1 Ma", "UpdDth_prf": 0.0, "UpdDth_min": 0.0, "UpdDth_max": 0.0, "Depth_Dfc": 33.9, "Method_Dfc": 1, "Depth_D90": 28.6, "Method_D90": 1.0, "QualCode": 3, "References": "Barrell CFM compilation", "Comments": "Inferred to account for prominent elevation of the Mid Dome ridge, up to ~1 km throw on peneplain.  Nominal slip rates, mod-steep east dip, and some movement obliquity inferred.", "CompiledBy": "D Barrell, N Mortimer", "LastUpdate": "12/02/2021", "Shape_Leng": 34473.2419524, "Shape_Le_1": 34473.2419524 }, "geometry": { "type": "MultiLineString", "coordinates": [ [ [ 1244256.5022, 4926247.053299999795854 ], [ 1243282.833499999716878, 4928469.557799999602139 ], [ 1243409.833800000138581, 4931030.729600000195205 ], [ 1244547.5444, 4936269.490000000223517 ], [ 1245500.046299999579787, 4939894.2889 ], [ 1249144.67920000012964, 4944331.078300000168383 ], [ 1253774.906600000336766, 4948995.973799999803305 ], [ 1255560.837799999862909, 4949953.485399999655783 ], [ 1259364.2407, 4951492.984000000171363 ], [ 1260753.30599999986589, 4952832.439799999818206 ] ] ] } },
{ "type": "Feature", "properties": { "OBJECTID_1": 223, "OBJECTID": 224, "Fault_ID": 719, "Name": "Middle Range", "Name_stat": "published", "Lineage": "Modified", "Fault_stat": "N-PS", "DomainName": "Central Canterbury", "Domain_No": 18, "Dip_pref": 60, "Dip_min": 40.0, "Dip_max": 70.0, "Dip_dir": "NE", "Dom_sense": "reverse", "Sub_sense": "sinistral", "Rake_pref": 70, "Rake_minus": 50, "Rake_plus": 90, "SR_pref": 0.05, "SR_min": 0.01, "SR_max": 0.1, "SRT_pref": null, "SRT_min": null, "SRT_max": null, "SRT_gen": "≥ 1 Ma", "UpdDth_prf": 0.0, "UpdDth_min": 0.0, "UpdDth_max": 0.0, "Depth_Dfc": 23.5, "Method_Dfc": 1, "Depth_D90": 18.6, "Method_D90": 1.0, "QualCode": 3, "References": "Retallack and Ryburn 1982; Barrell 2016 (CR2015/166)", "Comments": "This was formerly the Otematata fault source. Doubtful evidence for LQ movement on MRF; nominal slip rates applied", "CompiledBy": "D Barrell", "LastUpdate": "12/02/2021", "Shape_Leng": 42463.19441940001, "Shape_Le_1": 42463.19441940001 }, "geometry": { "type": "MultiLineString", "coordinates": [ [ [ 1393331.994699999690056, 5024311.076899999752641 ], [ 1389601.362200000323355, 5028676.71059999987483 ], [ 1385156.35329999960959, 5032724.8437 ], [ 1383568.85010000038892, 5037407.9781 ], [ 1375808.546400000341237, 5046711.748999999836087 ], [ 1374803.1277, 5050363.006299999542534 ], [ 1372091.1431, 5053701.1727 ], [ 1369114.574699999764562, 5058397.536299999803305 ] ] ] } },
{ "type": "Feature", "properties": { "OBJECTID_1": 390, "OBJECTID": 391, "Fault_ID": 850, "Name": "Milford Basin 5 to George R2", "Name_stat": "published", "Lineage": "Unmodified", "Fault_stat": "N-PS", "DomainName": "Western Fiordland Margin - Caswell High", "Domain_No": 24, "Dip_pref": 60, "Dip_min": 50.0, "Dip_max": 70.0, "Dip_dir": "SE", "Dom_sense": "reverse", "Sub_sense": null, "Rake_pref": 90, "Rake_minus": 70, "Rake_plus": 110, "SR_pref": 0.4, "SR_min": 0.2, "SR_max": 0.6, "SRT_pref": null, "SRT_min": null, "SRT_max": null, "SRT_gen": "≥ 1 Ma", "UpdDth_prf": 0.0, "UpdDth_min": 0.0, "UpdDth_max": 0.0, "Depth_Dfc": 6.0, "Method_Dfc": 2, "Depth_D90": 6.0, "Method_D90": 2.0, "QualCode": 2, "References": "Lebrun et al. 2000; Barnes et al. 2002; Litchfield et al. 2013, 2014", "Comments": "Position edited", "CompiledBy": "P Barnes", "LastUpdate": "24/11/2020", "Shape_Leng": 48770.316571900003, "Shape_Le_1": 48770.316571900003 }, "geometry": { "type": "MultiLineString", "coordinates": [ [ [ 1128954.868300000205636, 5043455.980999999679625 ], [ 1129463.426400000229478, 5048522.944799999706447 ], [ 1135132.0395, 5054361.310100000351667 ], [ 1138201.055800000205636, 5060804.732699999585748 ], [ 1144485.710400000214577, 5064955.50690000038594 ], [ 1149768.3054, 5071074.631699999794364 ], [ 1152238.469399999827147, 5075948.548999999649823 ], [ 1156233.207899999804795, 5082086.805700000375509 ] ] ] } },
{ "type": "Feature", "properties": { "OBJECTID_1": 106, "OBJECTID": 107, "Fault_ID": 271, "Name": "Mohaka: North", "Name_stat": "published", "Lineage": "Unmodified", "Fault_stat": "A-LS", "DomainName": "North Island Dextral Fault Belt", "Domain_No": 5, "Dip_pref": 85, "Dip_min": 80.0, "Dip_max": 90.0, "Dip_dir": "NW", "Dom_sense": "dextral", "Sub_sense": null, "Rake_pref": 180, "Rake_minus": 160, "Rake_plus": -160, "SR_pref": 2.0, "SR_min": 1.5, "SR_max": 2.5, "SRT_pref": null, "SRT_min": null, "SRT_max": null, "SRT_gen": "10,000s yrs", "UpdDth_prf": 0.0, "UpdDth_min": 0.0, "UpdDth_max": 0.0, "Depth_Dfc": 31.2, "Method_Dfc": 1, "Depth_D90": 23.8, "Method_D90": 1.0, "QualCode": 2, "References": "Beanland 1995; Beanland and Berryman 1987; Hanson 1998; Litchfield et al. 2013, 2014; Mouslopoulou et al. 2009", "Comments": null, "CompiledBy": null, "LastUpdate": null, "Shape_Leng": 60601.275575599997, "Shape_Le_1": 60601.275575599997 }, "geometry": { "type": "MultiLineString", "coordinates": [ [ [ 1924995.007799999788404, 5673579.755599999800324 ], [ 1923545.2105, 5668042.712899999693036 ], [ 1919680.253399999812245, 5663892.0482 ], [ 1911720.5417, 5651676.171699999831617 ], [ 1903491.637299999594688, 5636360.919700000435114 ], [ 1899051.395200000144541, 5627422.237099999561906 ], [ 1896027.499699999578297, 5620823.000199999660254 ] ] ] } },
{ "type": "Feature", "properties": { "OBJECTID_1": 105, "OBJECTID": 106, "Fault_ID": 272, "Name": "Mohaka: South", "Name_stat": "published", "Lineage": "Modified", "Fault_stat": "A-LS", "DomainName": "North Island Dextral Fault Belt", "Domain_No": 5, "Dip_pref": 80, "Dip_min": 70.0, "Dip_max": 90.0, "Dip_dir": "NW", "Dom_sense": "dextral", "Sub_sense": "reverse", "Rake_pref": 160, "Rake_minus": 140, "Rake_plus": 180, "SR_pref": 4.0, "SR_min": 3.0, "SR_max": 5.0, "SRT_pref": null, "SRT_min": null, "SRT_max": null, "SRT_gen": "10,000s yrs", "UpdDth_prf": 0.0, "UpdDth_min": 0.0, "UpdDth_max": 0.0, "Depth_Dfc": 27.8, "Method_Dfc": 3, "Depth_D90": 25.7, "Method_D90": 1.0, "QualCode": 2, "References": "Beanland 1995; Langridge and Ries 2014; Langridge (unpublished); Marden and Neall 1990; Mouslopoulou et al. 2009; Raub 1985", "Comments": "SiteDB to come; have moved S end further S and reduced Wellington Paihatua to S and extended N end further N", "CompiledBy": null, "LastUpdate": null, "Shape_Leng": 110582.902782, "Shape_Le_1": 110582.902782 }, "geometry": { "type": "MultiLineString", "coordinates": [ [ [ 1896027.499699999578297, 5620823.000199999660254 ], [ 1888100.378899999894202, 5608568.294200000353158 ], [ 1883115.729299999773502, 5600245.868800000287592 ], [ 1879477.893699999898672, 5592128.536899999715388 ], [ 1878763.917000000365078, 5589908.882399999536574 ], [ 1872830.871600000187755, 5578649.206899999640882 ], [ 1869537.926400000229478, 5573330.346400000154972 ], [ 1864367.607800000347197, 5565966.325299999676645 ], [ 1860971.323599999770522, 5559740.924800000153482 ], [ 1854351.2012, 5549973.701100000180304 ], [ 1852930.279799999669194, 5547920.26549999974668 ], [ 1851949.209800000302494, 5545699.992499999701977 ], [ 1849770.029900000430644, 5542542.764700000174344 ], [ 1845836.935700000263751, 5538663.417299999855459 ], [ 1840131.546400000341237, 5530912.14130000025034 ], [ 1837246.484299999661744, 5527752.685499999672174 ] ] ] } },
{ "type": "Feature", "properties": { "OBJECTID_1": 147, "OBJECTID": 148, "Fault_ID": 393, "Name": "Mokonui Northeast", "Name_stat": "published", "Lineage": "Unmodified", "Fault_stat": "A-LS", "DomainName": "Hikurangi accretionary margin", "Domain_No": 7, "Dip_pref": 70, "Dip_min": 60.0, "Dip_max": 80.0, "Dip_dir": "S", "Dom_sense": "dextral", "Sub_sense": "normal", "Rake_pref": -160, "Rake_minus": -180, "Rake_plus": -140, "SR_pref": 0.5, "SR_min": 0.25, "SR_max": 0.75, "SRT_pref": null, "SRT_min": null, "SRT_max": null, "SRT_gen": "10,000s yrs", "UpdDth_prf": 0.0, "UpdDth_min": 0.0, "UpdDth_max": 0.0, "Depth_Dfc": 15.1, "Method_Dfc": 3, "Depth_D90": 14.6, "Method_D90": 1.0, "QualCode": 2, "References": "Litchfield et al. 2013, 2014; Langridge et al. 2003b; Townsend et al. 2002", "Comments": null, "CompiledBy": null, "LastUpdate": null, "Shape_Leng": 25223.6805264, "Shape_Le_1": 25223.6805264 }, "geometry": { "type": "MultiLineString", "coordinates": [ [ [ 1859559.981800000183284, 5483145.943699999712408 ], [ 1846589.1935, 5477857.621500000357628 ], [ 1835536.4134, 5475949.574400000274181 ] ] ] } },
{ "type": "Feature", "properties": { "OBJECTID_1": 148, "OBJECTID": 149, "Fault_ID": 395, "Name": "Mokonui Southwest", "Name_stat": "published", "Lineage": "Unmodified", "Fault_stat": "A-LS", "DomainName": "Hikurangi accretionary margin", "Domain_No": 7, "Dip_pref": 90, "Dip_min": 80.0, "Dip_max": 90.0, "Dip_dir": "Subvertical and variable", "Dom_sense": "dextral", "Sub_sense": null, "Rake_pref": 180, "Rake_minus": 160, "Rake_plus": -160, "SR_pref": 0.5, "SR_min": 0.25, "SR_max": 0.75, "SRT_pref": null, "SRT_min": null, "SRT_max": null, "SRT_gen": "10,000s yrs", "UpdDth_prf": 0.0, "UpdDth_min": 0.0, "UpdDth_max": 0.0, "Depth_Dfc": 18.4, "Method_Dfc": 3, "Depth_D90": 17.1, "Method_D90": 1.0, "QualCode": 2, "References": "Litchfield et al. 2013, 2014; Langridge et al. 2003b; Townsend et al. 2002", "Comments": null, "CompiledBy": null, "LastUpdate": null, "Shape_Leng": 25923.487783600001, "Shape_Le_1": 25923.487783600001 }, "geometry": { "type": "MultiLineString", "coordinates": [ [ [ 1835536.4134, 5475949.574400000274181 ], [ 1832875.807300000451505, 5474395.526200000196695 ], [ 1823145.1946, 5470284.847400000318885 ], [ 1819634.8821, 5467592.444199999794364 ], [ 1812685.616100000217557, 5463930.5214 ] ] ] } },
{ "type": "Feature", "properties": { "OBJECTID_1": 332, "OBJECTID": 333, "Fault_ID": 826, "Name": "Monowai", "Name_stat": "published", "Lineage": "Modified", "Fault_stat": "A-LS", "DomainName": "Southern South Island", "Domain_No": 21, "Dip_pref": 70, "Dip_min": 50.0, "Dip_max": 90.0, "Dip_dir": "SE", "Dom_sense": "reverse", "Sub_sense": "dextral", "Rake_pref": 110, "Rake_minus": 90, "Rake_plus": 130, "SR_pref": 1.2, "SR_min": 0.8, "SR_max": 1.6, "SRT_pref": null, "SRT_min": null, "SRT_max": null, "SRT_gen": "100,000s yrs", "UpdDth_prf": 0.0, "UpdDth_min": 0.0, "UpdDth_max": 0.0, "Depth_Dfc": 29.4, "Method_Dfc": 1, "Depth_D90": 24.8, "Method_D90": 1.0, "QualCode": 2, "References": "Litchfield et al. 2013, 2014; Turnbull and Allibone 2004; Turnbull et al. 2010", "Comments": "Realigned with mapped QMAP Monowai Fault - dip direction changed re QMAP", "CompiledBy": "D Barrell", "LastUpdate": "12/02/2021", "Shape_Leng": 34728.294541700001, "Shape_Le_1": 34728.294541700001 }, "geometry": { "type": "MultiLineString", "coordinates": [ [ [ 1164945.6283, 4897808.5049 ], [ 1167856.050800000317395, 4902676.848000000230968 ], [ 1179497.740799999795854, 4916170.625 ], [ 1181062.517199999652803, 4921478.7018 ], [ 1183075.758500000461936, 4926812.136699999682605 ] ] ] } },
{ "type": "Feature", "properties": { "OBJECTID_1": 103, "OBJECTID": 104, "Fault_ID": 760, "Name": "Moonlight North", "Name_stat": "published", "Lineage": "Modified", "Fault_stat": "N-PS", "DomainName": "Southern Alps", "Domain_No": 19, "Dip_pref": 60, "Dip_min": 50.0, "Dip_max": 75.0, "Dip_dir": "W", "Dom_sense": "reverse", "Sub_sense": "dextral", "Rake_pref": 110, "Rake_minus": 90, "Rake_plus": 130, "SR_pref": 0.05, "SR_min": 0.01, "SR_max": 0.07, "SRT_pref": null, "SRT_min": null, "SRT_max": null, "SRT_gen": "100,000s yrs", "UpdDth_prf": 0.0, "UpdDth_min": 0.0, "UpdDth_max": 0.0, "Depth_Dfc": 25.4, "Method_Dfc": 1, "Depth_D90": 21.4, "Method_D90": 1.0, "QualCode": 3, "References": "Barrell 2019 (CR2018/207)", "Comments": "Refer to detailed description and dicussion in Barrell 2019, regarding revised mapping of the north and south sectors of the Moonlight Fault, downgrading of its activity and slip rates", "CompiledBy": "D Barrell", "LastUpdate": "18/11/2020", "Shape_Leng": 103613.043493, "Shape_Le_1": 103613.043493 }, "geometry": { "type": "MultiLineString", "coordinates": [ [ [ 1272853.4869, 5098735.086900000460446 ], [ 1270756.961500000208616, 5092580.287100000306964 ], [ 1268011.60219999961555, 5080796.301 ], [ 1261740.964700000360608, 5066111.896599999628961 ], [ 1254835.325899999588728, 5038251.215900000184774 ], [ 1251321.739299999549985, 5013374.794599999673665 ], [ 1247444.896099999547005, 4998659.835799999535084 ] ] ] } },
{ "type": "Feature", "properties": { "OBJECTID_1": 102, "OBJECTID": 103, "Fault_ID": 813, "Name": "Moonlight South", "Name_stat": "published", "Lineage": "Modified", "Fault_stat": "N-PS", "DomainName": "Southern South Island", "Domain_No": 21, "Dip_pref": 60, "Dip_min": 50.0, "Dip_max": 75.0, "Dip_dir": "SE", "Dom_sense": "reverse", "Sub_sense": "dextral", "Rake_pref": 110, "Rake_minus": 90, "Rake_plus": 130, "SR_pref": 0.05, "SR_min": 0.01, "SR_max": 0.07, "SRT_pref": null, "SRT_min": null, "SRT_max": null, "SRT_gen": "100,000s yrs", "UpdDth_prf": 0.0, "UpdDth_min": 0.0, "UpdDth_max": 0.0, "Depth_Dfc": 33.0, "Method_Dfc": 1, "Depth_D90": 27.7, "Method_D90": 1.0, "QualCode": 3, "References": "Barrell 2019 (CR2018/207)", "Comments": "Refer to detailed description and discussion in Barrell 2019, regarding revised mapping of the north and south sectors of the Moonlight Fault, downgrading of its activity and slip rates. Southern limit placed at north end of Takitimu Mountains", "CompiledBy": "D Barrell", "LastUpdate": "18/11/2020", "Shape_Leng": 69872.809022999994, "Shape_Le_1": 69872.809022999994 }, "geometry": { "type": "MultiLineString", "coordinates": [ [ [ 1244259.137199999764562, 4994851.194199999794364 ], [ 1235924.745500000193715, 4983870.963899999856949 ], [ 1229155.0801, 4972915.0855 ], [ 1225226.737999999895692, 4964851.353000000119209 ], [ 1223294.6097, 4961701.340699999593198 ], [ 1216257.345099999569356, 4955366.021499999798834 ], [ 1209009.400899999774992, 4947416.930100000463426 ], [ 1200383.967000000178814, 4941754.835400000214577 ] ] ] } },
{ "type": "Feature", "properties": { "OBJECTID_1": 176, "OBJECTID": 177, "Fault_ID": 325, "Name": "Moonshine", "Name_stat": "published", "Lineage": "Unmodified", "Fault_stat": "A-LS", "DomainName": "North Island Dextral Fault Belt", "Domain_No": 5, "Dip_pref": 90, "Dip_min": 80.0, "Dip_max": 90.0, "Dip_dir": "Subvertical and variable", "Dom_sense": "dextral", "Sub_sense": null, "Rake_pref": 180, "Rake_minus": 160, "Rake_plus": -160, "SR_pref": 0.2, "SR_min": 0.1, "SR_max": 0.3, "SRT_pref": null, "SRT_min": null, "SRT_max": null, "SRT_gen": "10,000s yrs", "UpdDth_prf": 0.0, "UpdDth_min": 0.0, "UpdDth_max": 0.0, "Depth_Dfc": 25.1, "Method_Dfc": 3, "Depth_D90": 21.2, "Method_D90": 1.0, "QualCode": 2, "References": "Litchfield et al. 2013, 2014; Van Dissen et al. 1998", "Comments": null, "CompiledBy": null, "LastUpdate": null, "Shape_Leng": 35896.2215431, "Shape_Le_1": 35896.2215431 }, "geometry": { "type": "MultiLineString", "coordinates": [ [ [ 1778177.778099999763072, 5457884.56900000013411 ], [ 1776520.625300000421703, 5456984.754499999806285 ], [ 1769047.503200000151992, 5450177.324400000274181 ], [ 1759518.0822, 5444282.3717 ], [ 1750218.533699999563396, 5435638.588899999856949 ] ] ] } },
{ "type": "Feature", "properties": { "OBJECTID_1": 99, "OBJECTID": 100, "Fault_ID": 824, "Name": "Mossburn", "Name_stat": "published", "Lineage": "Modified", "Fault_stat": "A-LS", "DomainName": "Southern South Island", "Domain_No": 21, "Dip_pref": 60, "Dip_min": 50.0, "Dip_max": 70.0, "Dip_dir": "NW", "Dom_sense": "reverse", "Sub_sense": "dextral", "Rake_pref": 110, "Rake_minus": 90, "Rake_plus": 130, "SR_pref": 0.5, "SR_min": 0.2, "SR_max": 0.8, "SRT_pref": null, "SRT_min": null, "SRT_max": null, "SRT_gen": null, "UpdDth_prf": 0.0, "UpdDth_min": 0.0, "UpdDth_max": 0.0, "Depth_Dfc": 32.8, "Method_Dfc": 1, "Depth_D90": 28.8, "Method_D90": 1.0, "QualCode": 3, "References": "Barrell CFM compilation", "Comments": "Takitimu2 name changes re QMAP", "CompiledBy": "D Barrell", "LastUpdate": "12/02/2021", "Shape_Leng": 26544.2727447, "Shape_Le_1": 26544.2727447 }, "geometry": { "type": "MultiLineString", "coordinates": [ [ [ 1229557.800300000235438, 4937898.421400000341237 ], [ 1229327.355100000277162, 4933027.698400000110269 ], [ 1228740.387000000104308, 4931676.387799999676645 ], [ 1221497.415, 4924063.010300000198185 ], [ 1216188.566700000315905, 4923043.423899999819696 ], [ 1211955.440100000239909, 4922407.3021 ] ] ] } },
{ "type": "Feature", "properties": { "OBJECTID_1": 467, "OBJECTID": 469, "Fault_ID": 807, "Name": "Motatapu", "Name_stat": "published", "Lineage": "New", "Fault_stat": "A-LS", "DomainName": "Southern South Island", "Domain_No": 21, "Dip_pref": 60, "Dip_min": 40.0, "Dip_max": 70.0, "Dip_dir": "SE", "Dom_sense": "reverse", "Sub_sense": "dextral", "Rake_pref": 110, "Rake_minus": 90, "Rake_plus": 130, "SR_pref": 0.32, "SR_min": 0.01, "SR_max": 0.4, "SRT_pref": null, "SRT_min": null, "SRT_max": null, "SRT_gen": "10,000s yrs", "UpdDth_prf": 0.0, "UpdDth_min": 0.0, "UpdDth_max": 0.0, "Depth_Dfc": 28.3, "Method_Dfc": 1, "Depth_D90": 23.8, "Method_D90": 1.0, "QualCode": 3, "References": "Barrell 2019 (CR2018/207)", "Comments": "A N-S array of fault scarps in the 'Cardrona' range, called the Highland Fault, is interpreted as a splay of the Motatapu Fault (Barrell 2019). Preferred SR is from surface scarps of assumed post-glacial age.", "CompiledBy": "D Barrell", "LastUpdate": "18/11/2020", "Shape_Leng": 28927.501668000001, "Shape_Le_1": 28927.501668000001 }, "geometry": { "type": "MultiLineString", "coordinates": [ [ [ 1274954.9112, 5037745.4074 ], [ 1279783.566700000315905, 5040655.829900000244379 ], [ 1282892.4271, 5043367.814500000327826 ], [ 1284001.0334, 5044688.088000000454485 ], [ 1287176.039800000376999, 5050905.8087 ], [ 1293129.176699999719858, 5059504.784300000406802 ] ] ] } },
{ "type": "Feature", "properties": { "OBJECTID_1": 112, "OBJECTID": 113, "Fault_ID": 348, "Name": "Motu", "Name_stat": "published", "Lineage": "Modified", "Fault_stat": "A-LS", "DomainName": "East Cape block", "Domain_No": 6, "Dip_pref": 80, "Dip_min": 70.0, "Dip_max": 90.0, "Dip_dir": "W", "Dom_sense": "dextral", "Sub_sense": "normal", "Rake_pref": -160, "Rake_minus": -180, "Rake_plus": -140, "SR_pref": 0.5, "SR_min": 0.4, "SR_max": 0.6, "SRT_pref": null, "SRT_min": null, "SRT_max": null, "SRT_gen": null, "UpdDth_prf": 0.0, "UpdDth_min": 0.0, "UpdDth_max": 0.0, "Depth_Dfc": 31.6, "Method_Dfc": 1, "Depth_D90": 26.1, "Method_D90": 1.0, "QualCode": 3, "References": "Litchfield et al. 2013, 2014; Mazengarb and Speden 2000", "Comments": "Removed SW inferred portion. Changed name from Urewera 2", "CompiledBy": "R Van Dissen, N Litchfield", "LastUpdate": "15/10/2020", "Shape_Leng": 21247.4872927, "Shape_Le_1": 21247.4872927 }, "geometry": { "type": "MultiLineString", "coordinates": [ [ [ 2002503.909, 5777324.84499999973923 ], [ 2002867.296900000423193, 5767879.355100000277162 ], [ 2004351.673100000247359, 5756178.120799999684095 ] ] ] } },
{ "type": "Feature", "properties": { "OBJECTID_1": 166, "OBJECTID": 167, "Fault_ID": 344, "Name": "Motu River", "Name_stat": "published", "Lineage": "Unmodified", "Fault_stat": "A-LS", "DomainName": "East Cape block", "Domain_No": 6, "Dip_pref": 60, "Dip_min": 50.0, "Dip_max": 70.0, "Dip_dir": "S", "Dom_sense": "normal", "Sub_sense": null, "Rake_pref": -90, "Rake_minus": -110, "Rake_plus": -70, "SR_pref": 0.03, "SR_min": 0.0001, "SR_max": 0.04, "SRT_pref": null, "SRT_min": null, "SRT_max": null, "SRT_gen": "100,000s yrs", "UpdDth_prf": 0.0, "UpdDth_min": 0.0, "UpdDth_max": 0.0, "Depth_Dfc": 31.0, "Method_Dfc": 1, "Depth_D90": 25.7, "Method_D90": 1.0, "QualCode": 3, "References": "Litchfield et al. 2013, 2014; Mazengarb and Speden 2000", "Comments": null, "CompiledBy": null, "LastUpdate": null, "Shape_Leng": 20343.2413251, "Shape_Le_1": 20343.2413251 }, "geometry": { "type": "MultiLineString", "coordinates": [ [ [ 2003385.208800000138581, 5799055.503200000151992 ], [ 2012001.459099999628961, 5799099.6217 ], [ 2016594.66469999961555, 5799061.55599999986589 ], [ 2023579.758899999782443, 5797613.974700000137091 ] ] ] } },
{ "type": "Feature", "properties": { "OBJECTID_1": 664, "OBJECTID": 666, "Fault_ID": 382, "Name": "Motu o Kura East", "Name_stat": "published", "Lineage": "Unmodified", "Fault_stat": "N-PS", "DomainName": "Hikurangi accretionary margin", "Domain_No": 7, "Dip_pref": 40, "Dip_min": 30.0, "Dip_max": 50.0, "Dip_dir": "NW", "Dom_sense": "reverse", "Sub_sense": null, "Rake_pref": 90, "Rake_minus": 70, "Rake_plus": 110, "SR_pref": 2.0, "SR_min": 1.0, "SR_max": 3.0, "SRT_pref": null, "SRT_min": null, "SRT_max": null, "SRT_gen": null, "UpdDth_prf": 0.0, "UpdDth_min": 0.0, "UpdDth_max": 0.0, "Depth_Dfc": 9.9, "Method_Dfc": 3, "Depth_D90": 9.9, "Method_D90": 3.0, "QualCode": 3, "References": "Litchfield et al. 2013, 2014; Barnes and Mercier de Lepinay 1997; Barnes et al. 1998", "Comments": null, "CompiledBy": null, "LastUpdate": null, "Shape_Leng": 79749.775712000002, "Shape_Le_1": 79749.775712000002 }, "geometry": { "type": "MultiLineString", "coordinates": [ [ [ 1965345.258399999700487, 5535074.49280000012368 ], [ 1976356.7982, 5542730.95409999974072 ], [ 1978163.378999999724329, 5545225.756099999882281 ], [ 1981604.4852, 5546860.281600000336766 ], [ 1984013.259499999694526, 5550645.4984 ], [ 1998896.043800000101328, 5563721.701999999582767 ], [ 2005434.145600000396371, 5569743.637799999676645 ], [ 2027797.071700000204146, 5583512.036899999715388 ] ] ] } },
{ "type": "Feature", "properties": { "OBJECTID_1": 670, "OBJECTID": 672, "Fault_ID": 378, "Name": "Motu o Kura North", "Name_stat": "published", "Lineage": "Unmodified", "Fault_stat": "N-PS", "DomainName": "Hikurangi accretionary margin", "Domain_No": 7, "Dip_pref": 40, "Dip_min": 30.0, "Dip_max": 50.0, "Dip_dir": "NW", "Dom_sense": "reverse", "Sub_sense": null, "Rake_pref": 90, "Rake_minus": 70, "Rake_plus": 110, "SR_pref": 1.0, "SR_min": 0.5, "SR_max": 1.5, "SRT_pref": null, "SRT_min": null, "SRT_max": null, "SRT_gen": null, "UpdDth_prf": 0.0, "UpdDth_min": 0.0, "UpdDth_max": 0.0, "Depth_Dfc": 10.9, "Method_Dfc": 3, "Depth_D90": 10.9, "Method_D90": 3.0, "QualCode": 3, "References": "Litchfield et al. 2013, 2014; Mountjoy and Barnes 2011; Paquet et al. 2011", "Comments": null, "CompiledBy": null, "LastUpdate": null, "Shape_Leng": 39686.650944100002, "Shape_Le_1": 39686.650944100002 }, "geometry": { "type": "MultiLineString", "coordinates": [ [ [ 1991668.140800000168383, 5571994.818300000391901 ], [ 2002118.856800000183284, 5584743.329900000244379 ], [ 2021636.2275, 5597289.5422 ] ] ] } },
{ "type": "Feature", "properties": { "OBJECTID_1": 665, "OBJECTID": 667, "Fault_ID": 385, "Name": "Motu o Kura Ridge", "Name_stat": "published", "Lineage": "Unmodified", "Fault_stat": "N-PS", "DomainName": "Hikurangi accretionary margin", "Domain_No": 7, "Dip_pref": 40, "Dip_min": 30.0, "Dip_max": 50.0, "Dip_dir": "NW", "Dom_sense": "reverse", "Sub_sense": null, "Rake_pref": 90, "Rake_minus": 70, "Rake_plus": 110, "SR_pref": 1.5, "SR_min": 1.0, "SR_max": 2.0, "SRT_pref": null, "SRT_min": null, "SRT_max": null, "SRT_gen": null, "UpdDth_prf": 0.0, "UpdDth_min": 0.0, "UpdDth_max": 0.0, "Depth_Dfc": 11.2, "Method_Dfc": 3, "Depth_D90": 11.2, "Method_D90": 3.0, "QualCode": 3, "References": "Litchfield et al. 2013, 2014; Mountjoy and Barnes 2011; Paquet et al. 2011", "Comments": null, "CompiledBy": null, "LastUpdate": null, "Shape_Leng": 43027.463908999998, "Shape_Le_1": 43027.463908999998 }, "geometry": { "type": "MultiLineString", "coordinates": [ [ [ 1959753.460799999535084, 5543763.286000000312924 ], [ 1967668.005099999718368, 5551935.913200000301003 ], [ 1981114.15610000025481, 5561424.792100000195205 ], [ 1986077.637900000438094, 5567139.905399999581277 ], [ 1988486.697499999776483, 5570431.859000000171363 ], [ 1991668.140800000168383, 5571994.818099999800324 ] ] ] } },
{ "type": "Feature", "properties": { "OBJECTID_1": 355, "OBJECTID": 356, "Fault_ID": 649, "Name": "Motunau", "Name_stat": "published", "Lineage": "New", "Fault_stat": "A-LS", "DomainName": "Northeastern Canterbury", "Domain_No": 17, "Dip_pref": 55, "Dip_min": 35.0, "Dip_max": 70.0, "Dip_dir": "SE", "Dom_sense": "reverse", "Sub_sense": null, "Rake_pref": 90, "Rake_minus": 70, "Rake_plus": 110, "SR_pref": 0.3, "SR_min": 0.2, "SR_max": 0.4, "SRT_pref": null, "SRT_min": null, "SRT_max": null, "SRT_gen": "≥ 1 Ma", "UpdDth_prf": 0.0, "UpdDth_min": 0.0, "UpdDth_max": 0.0, "Depth_Dfc": 23.8, "Method_Dfc": 1, "Depth_D90": 15.0, "Method_D90": 1.0, "QualCode": 2, "References": "Barnes et al. 2016", "Comments": "NthCant5 of Barnes (1996) & Litchfiled et al (2014)", "CompiledBy": "P Barnes", "LastUpdate": "25/11/2020", "Shape_Leng": 26916.121060900001, "Shape_Le_1": 26916.121060900001 }, "geometry": { "type": "MultiLineString", "coordinates": [ [ [ 1593087.164900000207126, 5224004.91509999986738 ], [ 1604067.919300000183284, 5226598.391900000162423 ], [ 1613702.759800000116229, 5230287.5291 ], [ 1618861.832999999634922, 5231570.8185 ] ] ] } },
{ "type": "Feature", "properties": { "OBJECTID_1": 197, "OBJECTID": 198, "Fault_ID": 40, "Name": "Moumahaki - Okaia 4", "Name_stat": "published", "Lineage": "Modified", "Fault_stat": "A-LS", "DomainName": "western North Island", "Domain_No": 3, "Dip_pref": 70, "Dip_min": 60.0, "Dip_max": 80.0, "Dip_dir": "SE", "Dom_sense": "normal", "Sub_sense": "dextral", "Rake_pref": -110, "Rake_minus": -130, "Rake_plus": -90, "SR_pref": 0.19, "SR_min": 0.05, "SR_max": 0.19, "SRT_pref": null, "SRT_min": null, "SRT_max": null, "SRT_gen": "100,000s yrs", "UpdDth_prf": 0.0, "UpdDth_min": 0.0, "UpdDth_max": 0.0, "Depth_Dfc": 12.0, "Method_Dfc": 2, "Depth_D90": 12.0, "Method_D90": 2.0, "QualCode": 1, "References": "McVerry et al. 2005; Pillans 1990", "Comments": "Dfcomb fixed at 12 km depth - likely bending realted faults", "CompiledBy": null, "LastUpdate": null, "Shape_Leng": 40519.321594100002, "Shape_Le_1": 40519.321594100002 }, "geometry": { "type": "MultiLineString", "coordinates": [ [ [ 1730144.518299999646842, 5569275.4156 ], [ 1732342.608099999837577, 5572945.903400000184774 ], [ 1736777.725399999879301, 5582116.5066 ], [ 1744288.0433, 5596562.636599999852479 ], [ 1748805.66579999960959, 5605228.218299999833107 ] ] ] } },
{ "type": "Feature", "properties": { "OBJECTID_1": 846, "OBJECTID": 849, "Fault_ID": 671, "Name": "Mt Arden", "Name_stat": "published", "Lineage": "New", "Fault_stat": "A-LS", "DomainName": "Central Canterbury", "Domain_No": 18, "Dip_pref": 50, "Dip_min": 35.0, "Dip_max": 65.0, "Dip_dir": "NW", "Dom_sense": "reverse", "Sub_sense": "dextral", "Rake_pref": 110, "Rake_minus": 90, "Rake_plus": 130, "SR_pref": 0.15, "SR_min": 0.07, "SR_max": 0.3, "SRT_pref": null, "SRT_min": null, "SRT_max": null, "SRT_gen": "10,000s yrs", "UpdDth_prf": 0.0, "UpdDth_min": 0.0, "UpdDth_max": 0.0, "Depth_Dfc": 28.6, "Method_Dfc": 1, "Depth_D90": 24.9, "Method_D90": 1.0, "QualCode": 3, "References": "Rattenbury et al. 2006 (Kaikoura QMAP); Forsyth et al. 2008 (Chch QMAP); Barrell and Townsend 2012 (CR2012/113); Barrell CFM compilation", "Comments": "Represents a mapped fault in bedrock, of the same name. Orientation and profoundly deformed late Cenozoic strata provide basis of inclusion. Birdseye fault scarp height of inferred 18 ka age.", "CompiledBy": "D Barrell", "LastUpdate": "12/02/2021", "Shape_Leng": 20715.922249300002, "Shape_Le_1": 20715.922249300002 }, "geometry": { "type": "MultiLineString", "coordinates": [ [ [ 1556556.6266, 5228167.588899999856949 ], [ 1557019.648299999535084, 5232963.171400000341237 ], [ 1559474.489199999719858, 5237688.857900000177324 ], [ 1560280.022300000302494, 5243623.602900000289083 ], [ 1561616.710099999792874, 5245345.448400000110269 ], [ 1562033.9835, 5247712.782999999821186 ] ] ] } },
{ "type": "Feature", "properties": { "OBJECTID_1": 353, "OBJECTID": 354, "Fault_ID": 636, "Name": "Mt Culverden", "Name_stat": "published", "Lineage": "New", "Fault_stat": "A-LS", "DomainName": "Northeastern Canterbury", "Domain_No": 17, "Dip_pref": 50, "Dip_min": 35.0, "Dip_max": 65.0, "Dip_dir": "S", "Dom_sense": "reverse", "Sub_sense": null, "Rake_pref": 90, "Rake_minus": 70, "Rake_plus": 110, "SR_pref": 0.75, "SR_min": 0.38, "SR_max": 1.41, "SRT_pref": null, "SRT_min": null, "SRT_max": null, "SRT_gen": "10,000s yrs", "UpdDth_prf": 0.0, "UpdDth_min": 0.0, "UpdDth_max": 0.0, "Depth_Dfc": 27.5, "Method_Dfc": 1, "Depth_D90": 21.1, "Method_D90": 1.0, "QualCode": 3, "References": "Armstrong 2000; Barrell and Townsend 2012; Goded et al. 2018; Rattenbury et al. 2006", "Comments": null, "CompiledBy": null, "LastUpdate": null, "Shape_Leng": 27778.398196599999, "Shape_Le_1": 27778.398196599999 }, "geometry": { "type": "MultiLineString", "coordinates": [ [ [ 1575296.978900000452995, 5271159.208999999798834 ], [ 1587308.309899999760091, 5270636.461400000378489 ], [ 1592996.661000000312924, 5271609.4808 ], [ 1595510.207700000144541, 5274017.19400000013411 ], [ 1597441.6699, 5276557.199099999852479 ], [ 1600405.009100000374019, 5278038.868700000457466 ] ] ] } },
{ "type": "Feature", "properties": { "OBJECTID_1": 855, "OBJECTID": 858, "Fault_ID": 652, "Name": "Mt Lawry", "Name_stat": "published", "Lineage": "New", "Fault_stat": "A-LS", "DomainName": "Northeastern Canterbury", "Domain_No": 17, "Dip_pref": 60, "Dip_min": 50.0, "Dip_max": 70.0, "Dip_dir": "SE", "Dom_sense": "reverse", "Sub_sense": "dextral", "Rake_pref": 110, "Rake_minus": 90, "Rake_plus": 130, "SR_pref": 0.27, "SR_min": 0.13, "SR_max": 0.42, "SRT_pref": null, "SRT_min": null, "SRT_max": null, "SRT_gen": "10,000s yrs", "UpdDth_prf": 0.0, "UpdDth_min": 0.0, "UpdDth_max": 0.0, "Depth_Dfc": 25.4, "Method_Dfc": 1, "Depth_D90": 20.0, "Method_D90": 1.0, "QualCode": 3, "References": "Forsyth et al. 2008 (Chch QMAP);  Barrell and Begg 2013 (CR2012/326); Barrell CFM compilation", "Comments": "Pref SR is based on average 4 m vertical uplift of ~18 ka landforms, resolved onto 60 deg fault plane with subordinate dextral obliquity. Min and max are minus and plus 0.15 mm/yr.", "CompiledBy": "D Barrell", "LastUpdate": "12/02/2021", "Shape_Leng": 15745.935545099999, "Shape_Le_1": 15745.935545099999 }, "geometry": { "type": "MultiLineString", "coordinates": [ [ [ 1545744.820299999788404, 5212490.060200000181794 ], [ 1546309.766900000162423, 5215030.278900000266731 ], [ 1547166.958499999716878, 5216161.161299999803305 ], [ 1548204.854899999685585, 5216749.534 ], [ 1550236.701899999752641, 5217355.180700000375509 ], [ 1552424.8448, 5218390.641200000420213 ], [ 1554079.211900000460446, 5219832.262400000356138 ], [ 1555071.401399999856949, 5221618.203499999828637 ], [ 1556096.6639, 5223040.341699999757111 ] ] ] } },
{ "type": "Feature", "properties": { "OBJECTID_1": 119, "OBJECTID": 120, "Fault_ID": 486, "Name": "Mt Stewart", "Name_stat": "published", "Lineage": "Modified", "Fault_stat": "A-LS", "DomainName": "Kapiti-Manawatu", "Domain_No": 12, "Dip_pref": 60, "Dip_min": 45.0, "Dip_max": 75.0, "Dip_dir": "W", "Dom_sense": "reverse", "Sub_sense": "dextral", "Rake_pref": 110, "Rake_minus": 90, "Rake_plus": 130, "SR_pref": 0.3, "SR_min": 0.2, "SR_max": 0.4, "SRT_pref": null, "SRT_min": null, "SRT_max": null, "SRT_gen": "100,000s yrs", "UpdDth_prf": 0.0, "UpdDth_min": 0.0, "UpdDth_max": 0.0, "Depth_Dfc": 41.9, "Method_Dfc": 1, "Depth_D90": 29.4, "Method_D90": 1.0, "QualCode": 2, "References": "Landridge and Morgenstern 2019b; Buxton and Langridge 2019", "Comments": null, "CompiledBy": "R Langridge, R Morgenstern", "LastUpdate": "25/11/2020", "Shape_Leng": 26622.421289400001, "Shape_Le_1": 26622.421289400001 }, "geometry": { "type": "MultiLineString", "coordinates": [ [ [ 1804569.8399, 5530513.5685 ], [ 1811488.485600000247359, 5539044.768000000156462 ], [ 1813217.291199999861419, 5542989.044099999591708 ], [ 1811597.848799999803305, 5554204.599600000306964 ] ] ] } },
{ "type": "Feature", "properties": { "OBJECTID_1": 862, "OBJECTID": 865, "Fault_ID": 709, "Name": "Mt Sutton", "Name_stat": "informal", "Lineage": "New", "Fault_stat": "N-PS", "DomainName": "Central Canterbury", "Domain_No": 18, "Dip_pref": 45, "Dip_min": 30.0, "Dip_max": 60.0, "Dip_dir": "W", "Dom_sense": "reverse", "Sub_sense": null, "Rake_pref": 90, "Rake_minus": 70, "Rake_plus": 110, "SR_pref": 0.05, "SR_min": 0.01, "SR_max": 0.1, "SRT_pref": null, "SRT_min": null, "SRT_max": null, "SRT_gen": "≥ 1 Ma", "UpdDth_prf": 0.0, "UpdDth_min": 0.0, "UpdDth_max": 0.0, "Depth_Dfc": 24.8, "Method_Dfc": 1, "Depth_D90": 19.2, "Method_D90": 1.0, "QualCode": 3, "References": "Barrell CFM compilation", "Comments": "Major ~N-striking fault in bedrock, with uplift of unnamed range (highest point, Mt Sutton) northeast of the Aviemore basin.  There is no recognised Late Quaternary deformation, although rugged hill terrain reduces likelihood of its preservation.", "CompiledBy": "D Barrell", "LastUpdate": "12/02/2021", "Shape_Leng": 32598.699352700001, "Shape_Le_1": 32598.699352700001 }, "geometry": { "type": "MultiLineString", "coordinates": [ [ [ 1390365.583499999716878, 5087133.777800000272691 ], [ 1396781.74210000038147, 5075161.358 ], [ 1398170.807400000281632, 5072383.227400000207126 ], [ 1397244.763899999670684, 5068017.5937 ], [ 1395458.822800000198185, 5064511.8575 ], [ 1390630.167299999855459, 5058757.1585 ] ] ] } },
{ "type": "Feature", "properties": { "OBJECTID_1": 374, "OBJECTID": 375, "Fault_ID": 787, "Name": "Murphys Creek", "Name_stat": "published", "Lineage": "New", "Fault_stat": "N-PS", "DomainName": "Otago", "Domain_No": 20, "Dip_pref": 45, "Dip_min": 30.0, "Dip_max": 60.0, "Dip_dir": "NW", "Dom_sense": "reverse", "Sub_sense": "dextral", "Rake_pref": 110, "Rake_minus": 90, "Rake_plus": 130, "SR_pref": 0.05, "SR_min": 0.01, "SR_max": 0.1, "SRT_pref": null, "SRT_min": null, "SRT_max": null, "SRT_gen": "≥ 1 Ma", "UpdDth_prf": 0.0, "UpdDth_min": 0.0, "UpdDth_max": 0.0, "Depth_Dfc": 24.2, "Method_Dfc": 1, "Depth_D90": 20.3, "Method_D90": 1.0, "QualCode": 3, "References": "Villamor et al. 2018 (GNS MS 124); Barrell 2021 (CR2020/88)", "Comments": "Fault in bedrock, peneplain offset as much as ~100 m (Barrell 2020). Identified as possible fault source by Villamor et al. 2018. No evidence for Late Quaternary movement, and nominal slip rates inferred.", "CompiledBy": "D Barrell", "LastUpdate": "12/02/2021", "Shape_Leng": 33781.654084599999, "Shape_Le_1": 33781.654084599999 }, "geometry": { "type": "MultiLineString", "coordinates": [ [ [ 1387518.845300000160933, 4949563.450500000268221 ], [ 1389580.113099999725819, 4954081.99210000038147 ], [ 1395206.224899999797344, 4961312.0011 ], [ 1401741.197700000368059, 4969120.779699999839067 ], [ 1409585.157599999569356, 4974429.521599999628961 ] ] ] } },
{ "type": "Feature", "properties": { "OBJECTID_1": 45, "OBJECTID": 46, "Fault_ID": 809, "Name": "NW Cardrona North", "Name_stat": "published", "Lineage": "Modified", "Fault_stat": "A-LS", "DomainName": "Southern South Island", "Domain_No": 21, "Dip_pref": 60, "Dip_min": 40.0, "Dip_max": 70.0, "Dip_dir": "NW", "Dom_sense": "reverse", "Sub_sense": "dextral", "Rake_pref": 110, "Rake_minus": 90, "Rake_plus": 130, "SR_pref": 0.38, "SR_min": 0.2, "SR_max": 0.4, "SRT_pref": null, "SRT_min": null, "SRT_max": null, "SRT_gen": "10,000s yrs", "UpdDth_prf": 0.0, "UpdDth_min": 0.0, "UpdDth_max": 0.0, "Depth_Dfc": 28.6, "Method_Dfc": 1, "Depth_D90": 24.2, "Method_D90": 1.0, "QualCode": 2, "References": "Barrell 2019 (CR2018/207); van den Berg 2020; Beanland and Barrow-Hurlbert 1988", "Comments": "2-segment model of NSHM retained, but fault lengths and end-positions altered. Recalculated age data from Bealand and Barrow Hurlbert (1988) indicate a max SR of 0.2 at Kawarau valley, and post-glacial monocline deformation at Wanaka implies ~0.3 mm/yr", "CompiledBy": "D Barrell", "LastUpdate": "18/11/2020", "Shape_Leng": 31421.237604999998, "Shape_Le_1": 31421.237604999998 }, "geometry": { "type": "MultiLineString", "coordinates": [ [ [ 1289372.085799999535084, 5051110.861200000159442 ], [ 1293340.8438, 5042220.843500000424683 ], [ 1293182.093500000424683, 5038569.5861 ], [ 1290007.087100000120699, 5036108.956199999898672 ], [ 1288022.708100000396371, 5033886.4518 ], [ 1285006.452100000344217, 5027774.564600000157952 ], [ 1284133.325400000438094, 5023647.056300000287592 ] ] ] } },
{ "type": "Feature", "properties": { "OBJECTID_1": 472, "OBJECTID": 474, "Fault_ID": 810, "Name": "NW Cardrona South", "Name_stat": "published", "Lineage": "Modified", "Fault_stat": "A-LS", "DomainName": "Southern South Island", "Domain_No": 21, "Dip_pref": 60, "Dip_min": 40.0, "Dip_max": 70.0, "Dip_dir": "NW", "Dom_sense": "reverse", "Sub_sense": "dextral", "Rake_pref": 110, "Rake_minus": 90, "Rake_plus": 130, "SR_pref": 0.38, "SR_min": 0.2, "SR_max": 0.4, "SRT_pref": null, "SRT_min": null, "SRT_max": null, "SRT_gen": "10,000s yrs", "UpdDth_prf": 0.0, "UpdDth_min": 0.0, "UpdDth_max": 0.0, "Depth_Dfc": 28.3, "Method_Dfc": 1, "Depth_D90": 23.7, "Method_D90": 1.0, "QualCode": 2, "References": "Barrell 2019 (CR2018/207); van den Berg 2020", "Comments": "2-segment model of NSHM retained, but fault lengths and end-positions altered. Recalculated age data from Bealand and Barrow Hurlbert (1988) indicate a max SR of 0.2 at Kawarau valley, and post-glacial monocline deformation at Wanaka implies ~0.3 mm/yr", "CompiledBy": "D Barrell", "LastUpdate": "18/11/2020", "Shape_Leng": 28066.525124700001, "Shape_Le_1": 28066.525124700001 }, "geometry": { "type": "MultiLineString", "coordinates": [ [ [ 1283140.838200000114739, 4997108.765700000338256 ], [ 1280812.500199999660254, 5000072.105000000447035 ], [ 1280177.498999999836087, 5002770.860399999655783 ], [ 1278007.911299999803305, 5006951.285400000400841 ], [ 1279701.247999999672174, 5009914.624699999578297 ], [ 1280878.943900000303984, 5016503.292000000365078 ], [ 1283815.824699999764562, 5022535.804100000299513 ] ] ] } },
{ "type": "Feature", "properties": { "OBJECTID_1": 637, "OBJECTID": 639, "Fault_ID": 570, "Name": "Needles", "Name_stat": "published", "Lineage": "Unmodified", "Fault_stat": "A-LS", "DomainName": "Marlborough Fault System", "Domain_No": 14, "Dip_pref": 80, "Dip_min": 70.0, "Dip_max": 90.0, "Dip_dir": "NW", "Dom_sense": "dextral", "Sub_sense": "reverse", "Rake_pref": 160, "Rake_minus": 140, "Rake_plus": 180, "SR_pref": 16.0, "SR_min": 13.0, "SR_max": 19.0, "SRT_pref": null, "SRT_min": null, "SRT_max": null, "SRT_gen": "10,000s yrs", "UpdDth_prf": 0.0, "UpdDth_min": 0.0, "UpdDth_max": 0.0, "Depth_Dfc": 23.9, "Method_Dfc": 3, "Depth_D90": 17.0, "Method_D90": 1.0, "QualCode": 3, "References": "Kearse et al. 2018; Litchfield et al. 2013, 2014; Robinson et al. 2011", "Comments": null, "CompiledBy": "P Barnes", "LastUpdate": "16/12/2020", "Shape_Leng": 42501.5205928, "Shape_Le_1": 42501.5205928 }, "geometry": { "type": "MultiLineString", "coordinates": [ [ [ 1720945.5428, 5383621.461500000208616 ], [ 1709875.746399999596179, 5375477.391800000332296 ], [ 1704752.440999999642372, 5370059.135099999606609 ], [ 1689692.809500000439584, 5354993.5702 ] ] ] } },
{ "type": "Feature", "properties": { "OBJECTID_1": 636, "OBJECTID": 638, "Fault_ID": 573, "Name": "Needles East 2", "Name_stat": "informal", "Lineage": "New", "Fault_stat": "A-LS", "DomainName": "Marlborough Fault System", "Domain_No": 14, "Dip_pref": 45, "Dip_min": 35.0, "Dip_max": 55.0, "Dip_dir": "NW", "Dom_sense": "dextral and reverse", "Sub_sense": null, "Rake_pref": 135, "Rake_minus": 115, "Rake_plus": 155, "SR_pref": 0.3, "SR_min": 0.1, "SR_max": 0.5, "SRT_pref": null, "SRT_min": null, "SRT_max": null, "SRT_gen": "10,000s yrs", "UpdDth_prf": 0.0, "UpdDth_min": 0.0, "UpdDth_max": 0.0, "Depth_Dfc": 27.9, "Method_Dfc": 3, "Depth_D90": 16.5, "Method_D90": 1.0, "QualCode": 3, "References": "Barnes and Audru 1999; Barnes et al. 2015; Kearse et al. 2018", "Comments": "Likley splays from Needles.", "CompiledBy": "P Barnes", "LastUpdate": "16/12/2020", "Shape_Leng": 25096.481302600001, "Shape_Le_1": 25096.481302600001 }, "geometry": { "type": "MultiLineString", "coordinates": [ [ [ 1695654.64989999961108, 5355114.760800000280142 ], [ 1710166.192300000227988, 5363200.115299999713898 ], [ 1714471.811200000345707, 5370510.95920000039041 ] ] ] } },
{ "type": "Feature", "properties": { "OBJECTID_1": 40, "OBJECTID": 41, "Fault_ID": 812, "Name": "Nevis", "Name_stat": "published", "Lineage": "Modified", "Fault_stat": "A-LS", "DomainName": "Southern South Island", "Domain_No": 21, "Dip_pref": 45, "Dip_min": 30.0, "Dip_max": 60.0, "Dip_dir": "NW", "Dom_sense": "reverse", "Sub_sense": "dextral", "Rake_pref": 110, "Rake_minus": 90, "Rake_plus": 130, "SR_pref": 0.4, "SR_min": 0.15, "SR_max": 0.45, "SRT_pref": null, "SRT_min": null, "SRT_max": null, "SRT_gen": "10,000s yrs", "UpdDth_prf": 0.0, "UpdDth_min": 0.0, "UpdDth_max": 0.0, "Depth_Dfc": 30.5, "Method_Dfc": 1, "Depth_D90": 25.2, "Method_D90": 1.0, "QualCode": 3, "References": "Beanland and Barrow-Hurlbert 1988; Barrell 2019 (CR2018/207)", "Comments": "The max SR only slightly more than preferred SR (0.4; from NSHM/NZAFM) indicates that preferred SR is likely to be close to a maximum. Barrell 2019 raises possibility of segmented rupture based on indicated relatively small SEDs.", "CompiledBy": "D Barrell", "LastUpdate": "18/11/2020", "Shape_Leng": 48882.385542600001, "Shape_Le_1": 48882.385542600001 }, "geometry": { "type": "MultiLineString", "coordinates": [ [ [ 1283658.701100000180304, 4996034.051 ], [ 1283934.589800000190735, 4988324.581500000320375 ], [ 1278484.162200000137091, 4975730.389600000344217 ], [ 1274779.988199999555945, 4969962.461400000378489 ], [ 1271092.041899999603629, 4963039.536500000394881 ], [ 1268679.037100000306964, 4959081.3619 ], [ 1265838.006, 4951484.853000000119209 ] ] ] } },
{ "type": "Feature", "properties": { "OBJECTID_1": 734, "OBJECTID": 737, "Fault_ID": 55, "Name": "Ngatoro South 2", "Name_stat": "published", "Lineage": "Modified", "Fault_stat": "N-PS", "DomainName": "Havre Trough - Taupo Rift", "Domain_No": 4, "Dip_pref": 50, "Dip_min": 40.0, "Dip_max": 60.0, "Dip_dir": "SE", "Dom_sense": "normal", "Sub_sense": null, "Rake_pref": -90, "Rake_minus": -110, "Rake_plus": -70, "SR_pref": 2.25, "SR_min": 1.7, "SR_max": 2.8, "SRT_pref": null, "SRT_min": null, "SRT_max": null, "SRT_gen": null, "UpdDth_prf": 0.0, "UpdDth_min": 0.0, "UpdDth_max": 0.0, "Depth_Dfc": 26.6, "Method_Dfc": 1, "Depth_D90": 26.2, "Method_D90": 1.0, "QualCode": 4, "References": "Lamarche and Barnes 2005", "Comments": null, "CompiledBy": "P Barnes", "LastUpdate": "11/01/2021", "Shape_Leng": 23803.4388358, "Shape_Le_1": 23803.4388358 }, "geometry": { "type": "MultiLineString", "coordinates": [ [ [ 1983560.779299999587238, 5936534.523199999704957 ], [ 1980163.18030000012368, 5932632.593000000342727 ], [ 1977163.7374, 5930270.200000000186265 ], [ 1975093.325500000268221, 5929526.975200000219047 ], [ 1973265.91579999960959, 5928216.4106 ], [ 1969332.790300000458956, 5925609.712299999780953 ], [ 1964329.78830000013113, 5922996.2829 ] ] ] } },
{ "type": "Feature", "properties": { "OBJECTID_1": 819, "OBJECTID": 822, "Fault_ID": 56, "Name": "Ngatoro South 5", "Name_stat": "published", "Lineage": "Modified", "Fault_stat": "N-PS", "DomainName": "Havre Trough - Taupo Rift", "Domain_No": 4, "Dip_pref": 50, "Dip_min": 40.0, "Dip_max": 60.0, "Dip_dir": "NW", "Dom_sense": "normal", "Sub_sense": null, "Rake_pref": -90, "Rake_minus": -110, "Rake_plus": -70, "SR_pref": 1.95, "SR_min": 1.45, "SR_max": 2.45, "SRT_pref": null, "SRT_min": null, "SRT_max": null, "SRT_gen": null, "UpdDth_prf": 0.0, "UpdDth_min": 0.0, "UpdDth_max": 0.0, "Depth_Dfc": 25.4, "Method_Dfc": 1, "Depth_D90": 25.0, "Method_D90": 2.0, "QualCode": 4, "References": "Lamarche and Barnes 2005", "Comments": null, "CompiledBy": "P Barnes", "LastUpdate": "12/01/2021", "Shape_Leng": 21781.661568700001, "Shape_Le_1": 21781.661568700001 }, "geometry": { "type": "MultiLineString", "coordinates": [ [ [ 1974443.023400000296533, 5932197.8608 ], [ 1965554.010300000198185, 5926473.771999999880791 ], [ 1962304.472799999639392, 5925330.011800000444055 ], [ 1956291.142, 5922409.251199999824166 ], [ 1955432.094700000248849, 5921756.375199999660254 ] ] ] } },
{ "type": "Feature", "properties": { "OBJECTID_1": 377, "OBJECTID": 378, "Fault_ID": 796, "Name": "Nichols Rock", "Name_stat": "published", "Lineage": "New", "Fault_stat": "N-PS", "DomainName": "Otago", "Domain_No": 20, "Dip_pref": 45, "Dip_min": 30.0, "Dip_max": 60.0, "Dip_dir": "NW", "Dom_sense": "reverse", "Sub_sense": "dextral", "Rake_pref": 110, "Rake_minus": 90, "Rake_plus": 130, "SR_pref": 0.05, "SR_min": 0.01, "SR_max": 0.1, "SRT_pref": null, "SRT_min": null, "SRT_max": null, "SRT_gen": "≥ 1 Ma", "UpdDth_prf": 1.0, "UpdDth_min": 0.5, "UpdDth_max": 1.5, "Depth_Dfc": 27.4, "Method_Dfc": 1, "Depth_D90": 23.2, "Method_D90": 1.0, "QualCode": 3, "References": "Villamor et al. 2018 (GNS MS 124); Barrell 2021 (CR2020/88)", "Comments": "Inferred monocline in bedrock, based on indicated deformation of peneplain . Along strike of termination of Flat Stream Fault. No evidence for or against Late Quaternary deformation. Nominal slip rates inferred.", "CompiledBy": "D Barrell", "LastUpdate": "12/02/2021", "Shape_Leng": 17876.466832499998, "Shape_Le_1": 17876.466832499998 }, "geometry": { "type": "MultiLineString", "coordinates": [ [ [ 1371676.145100000314415, 4927126.725499999709427 ], [ 1382262.681200000457466, 4932327.0252 ], [ 1384845.223199999891222, 4936495.339200000278652 ], [ 1385864.253200000151992, 4937086.597799999639392 ] ] ] } },
{ "type": "Feature", "properties": { "OBJECTID_1": 179, "OBJECTID": 180, "Fault_ID": 29, "Name": "Norfolk", "Name_stat": "published", "Lineage": "Unmodified", "Fault_stat": "A-LS", "DomainName": "western North Island", "Domain_No": 3, "Dip_pref": 60, "Dip_min": 50.0, "Dip_max": 70.0, "Dip_dir": "NW", "Dom_sense": "normal", "Sub_sense": null, "Rake_pref": -90, "Rake_minus": -110, "Rake_plus": -70, "SR_pref": 0.1, "SR_min": 0.005, "SR_max": 0.2, "SRT_pref": null, "SRT_min": null, "SRT_max": null, "SRT_gen": null, "UpdDth_prf": 0.0, "UpdDth_min": 0.0, "UpdDth_max": 0.0, "Depth_Dfc": 22.9, "Method_Dfc": 1, "Depth_D90": 18.7, "Method_D90": 1.0, "QualCode": 3, "References": "Litchfield et al. 2013, 2014; Hull 1996", "Comments": null, "CompiledBy": null, "LastUpdate": null, "Shape_Leng": 4694.5979469599997, "Shape_Le_1": 4694.5979469599997 }, "geometry": { "type": "MultiLineString", "coordinates": [ [ [ 1702138.485999999567866, 5659441.120699999853969 ], [ 1706480.606300000101328, 5661225.845099999569356 ] ] ] } },
{ "type": "Feature", "properties": { "OBJECTID_1": 302, "OBJECTID": 303, "Fault_ID": 683, "Name": "North Branch", "Name_stat": "published", "Lineage": "Unmodified", "Fault_stat": "A-LS", "DomainName": "Central Canterbury", "Domain_No": 18, "Dip_pref": 70, "Dip_min": 55.0, "Dip_max": 80.0, "Dip_dir": "W", "Dom_sense": "reverse", "Sub_sense": null, "Rake_pref": 90, "Rake_minus": 70, "Rake_plus": 110, "SR_pref": 0.15, "SR_min": 0.1, "SR_max": 0.3, "SRT_pref": null, "SRT_min": null, "SRT_max": null, "SRT_gen": "10,000s yrs", "UpdDth_prf": 0.0, "UpdDth_min": 0.0, "UpdDth_max": 0.0, "Depth_Dfc": 24.7, "Method_Dfc": 1, "Depth_D90": 19.5, "Method_D90": 1.0, "QualCode": 3, "References": "Cox and Barrell 2007 (Aoraki QMAP);  Barrell 2009 (CR2009/227); Litchfield et al. 2013, 2014; Barrell CFM compilation", "Comments": "Suspected but not confirmed post-glacial scarps; SR pref based on 2.5 m scarp on ~18 ka surface, max is value given by Barrell 2009, and min a bit smaller than pref. Assumed pure reverse, dips from CFM retained.", "CompiledBy": "D Barrell", "LastUpdate": "18/11/2020", "Shape_Leng": 26884.454771000001, "Shape_Le_1": 26884.454771000001 }, "geometry": { "type": "MultiLineString", "coordinates": [ [ [ 1467955.552199999801815, 5200825.600499999709427 ], [ 1468098.798700000159442, 5196969.93819999974221 ], [ 1467679.6979, 5193600.367499999701977 ], [ 1468871.129599999636412, 5185888.742700000293553 ], [ 1470511.549499999731779, 5181126.233199999667704 ], [ 1469453.214100000448525, 5178586.2281 ], [ 1466013.6239, 5176469.557199999690056 ] ] ] } },
{ "type": "Feature", "properties": { "OBJECTID_1": 204, "OBJECTID": 205, "Fault_ID": 646, "Name": "North Canterbury Shelf 11", "Name_stat": "published", "Lineage": "Unmodified", "Fault_stat": "A-LS", "DomainName": "Northeastern Canterbury", "Domain_No": 17, "Dip_pref": 55, "Dip_min": 45.0, "Dip_max": 65.0, "Dip_dir": "SE", "Dom_sense": "reverse", "Sub_sense": null, "Rake_pref": 90, "Rake_minus": 70, "Rake_plus": 110, "SR_pref": 0.3, "SR_min": 0.1, "SR_max": 0.5, "SRT_pref": null, "SRT_min": null, "SRT_max": null, "SRT_gen": "100,000s yrs", "UpdDth_prf": 0.0, "UpdDth_min": 0.0, "UpdDth_max": 0.0, "Depth_Dfc": 24.4, "Method_Dfc": 1, "Depth_D90": 14.5, "Method_D90": 1.0, "QualCode": 2, "References": "Barnes 1996; Litchfield et al. 2013, 2014", "Comments": null, "CompiledBy": null, "LastUpdate": null, "Shape_Leng": 13826.6565715, "Shape_Le_1": 13826.6565715 }, "geometry": { "type": "MultiLineString", "coordinates": [ [ [ 1617665.7873, 5230833.67960000038147 ], [ 1629905.47690000012517, 5237265.3536 ] ] ] } },
{ "type": "Feature", "properties": { "OBJECTID_1": 202, "OBJECTID": 203, "Fault_ID": 650, "Name": "North Canterbury Shelf 2", "Name_stat": "published", "Lineage": "Unmodified", "Fault_stat": "A-LS", "DomainName": "Northeastern Canterbury", "Domain_No": 17, "Dip_pref": 55, "Dip_min": 45.0, "Dip_max": 65.0, "Dip_dir": "SE", "Dom_sense": "reverse", "Sub_sense": null, "Rake_pref": 90, "Rake_minus": 70, "Rake_plus": 110, "SR_pref": 0.14, "SR_min": 0.08, "SR_max": 0.2, "SRT_pref": null, "SRT_min": null, "SRT_max": null, "SRT_gen": "100,000s yrs", "UpdDth_prf": 0.0, "UpdDth_min": 0.0, "UpdDth_max": 0.0, "Depth_Dfc": 23.7, "Method_Dfc": 1, "Depth_D90": 14.7, "Method_D90": 1.0, "QualCode": 2, "References": "Barnes 1996; Litchfield et al. 2013, 2014", "Comments": null, "CompiledBy": null, "LastUpdate": null, "Shape_Leng": 19215.152608299999, "Shape_Le_1": 19215.152608299999 }, "geometry": { "type": "MultiLineString", "coordinates": [ [ [ 1591873.435499999672174, 5218824.870400000363588 ], [ 1595936.717799999751151, 5218828.510200000368059 ], [ 1598617.73340000025928, 5222527.599700000137091 ], [ 1608136.5055, 5227153.7067 ] ] ] } },
{ "type": "Feature", "properties": { "OBJECTID_1": 203, "OBJECTID": 204, "Fault_ID": 651, "Name": "North Canterbury Shelf 4", "Name_stat": "published", "Lineage": "Unmodified", "Fault_stat": "A-LS", "DomainName": "Northeastern Canterbury", "Domain_No": 17, "Dip_pref": 55, "Dip_min": 35.0, "Dip_max": 70.0, "Dip_dir": "SE", "Dom_sense": "reverse", "Sub_sense": null, "Rake_pref": 90, "Rake_minus": 70, "Rake_plus": 110, "SR_pref": 0.1, "SR_min": 0.05, "SR_max": 0.2, "SRT_pref": null, "SRT_min": null, "SRT_max": "500 000", "SRT_gen": "100,000s yrs", "UpdDth_prf": 0.0, "UpdDth_min": 0.0, "UpdDth_max": 0.0, "Depth_Dfc": 24.1, "Method_Dfc": 1, "Depth_D90": 14.2, "Method_D90": 1.0, "QualCode": 2, "References": "Barnes 1996; Barnes et al. 2016", "Comments": "Rake edited following CFM workshop", "CompiledBy": "P Barnes", "LastUpdate": "25/11/2020", "Shape_Leng": 22381.385623900002, "Shape_Le_1": 22381.385623900002 }, "geometry": { "type": "MultiLineString", "coordinates": [ [ [ 1604872.48589999973774, 5214012.008399999700487 ], [ 1609883.548700000159442, 5216227.6217 ], [ 1612326.289200000464916, 5219370.11739999987185 ], [ 1616262.8454, 5222878.49959999974817 ], [ 1623588.815700000151992, 5225078.120000000111759 ] ] ] } },
{ "type": "Feature", "properties": { "OBJECTID_1": 209, "OBJECTID": 210, "Fault_ID": 621, "Name": "North Mernoo E2-1", "Name_stat": "published", "Lineage": "Modified", "Fault_stat": "N-PS", "DomainName": "North Mernoo fracture zone", "Domain_No": 16, "Dip_pref": 55, "Dip_min": 45.0, "Dip_max": 65.0, "Dip_dir": "S", "Dom_sense": "normal", "Sub_sense": null, "Rake_pref": -90, "Rake_minus": -110, "Rake_plus": -70, "SR_pref": 0.26, "SR_min": 0.02, "SR_max": 0.5, "SRT_pref": "150 000", "SRT_min": "120 000", "SRT_max": "1.2 Ma", "SRT_gen": "100,000s yrs", "UpdDth_prf": 0.0, "UpdDth_min": 0.0, "UpdDth_max": 0.0, "Depth_Dfc": 16.5, "Method_Dfc": 2, "Depth_D90": 16.5, "Method_D90": 2.0, "QualCode": 3, "References": "Barnes 1994a, 1994b, 1994c", "Comments": "SR_Time_max from seafloor geol map; SR_Time_min & _pref allow MIS6 seafloor erosion and cummulative SR that don't violate 3.4 Ma rate. Displ from 10 m scarp (c. 17m slip at 55 dip)", "CompiledBy": "P Barnes", "LastUpdate": "08/12/2020", "Shape_Leng": 45411.576590700002, "Shape_Le_1": 45411.576590700002 }, "geometry": { "type": "MultiLineString", "coordinates": [ [ [ 1702914.635599999688566, 5251434.365600000135601 ], [ 1705504.407200000248849, 5249739.219399999827147 ], [ 1706432.994699999690056, 5249425.6354 ], [ 1712690.7303, 5246419.684899999760091 ], [ 1716374.486600000411272, 5245110.17200000025332 ], [ 1717908.024299999698997, 5244444.204699999652803 ], [ 1722770.744900000281632, 5243633.751199999824166 ], [ 1729486.381799999624491, 5241834.136099999770522 ], [ 1730649.048499999567866, 5241585.471300000324845 ], [ 1732959.308600000105798, 5240914.287200000137091 ], [ 1736107.171299999579787, 5240261.043200000189245 ], [ 1737599.224399999715388, 5240123.917600000277162 ], [ 1738578.509100000374019, 5240211.499699999578297 ], [ 1739691.346, 5240586.3317 ], [ 1742683.174999999813735, 5240844.7643 ], [ 1746141.783599999733269, 5240699.234400000423193 ] ] ] } },
{ "type": "Feature", "properties": { "OBJECTID_1": 213, "OBJECTID": 214, "Fault_ID": 609, "Name": "North Mernoo K2", "Name_stat": "published", "Lineage": "Modified", "Fault_stat": "N-PS", "DomainName": "North Mernoo fracture zone", "Domain_No": 16, "Dip_pref": 55, "Dip_min": 45.0, "Dip_max": 65.0, "Dip_dir": "S", "Dom_sense": "normal", "Sub_sense": null, "Rake_pref": -90, "Rake_minus": -110, "Rake_plus": -70, "SR_pref": 0.215, "SR_min": 0.08, "SR_max": 0.35, "SRT_pref": "150 000", "SRT_min": "120 000", "SRT_max": "350 000", "SRT_gen": "100,000s yrs", "UpdDth_prf": 0.0, "UpdDth_min": 0.0, "UpdDth_max": 0.0, "Depth_Dfc": 16.5, "Method_Dfc": 2, "Depth_D90": 16.5, "Method_D90": 2.0, "QualCode": 3, "References": "Barnes 1994a, 1994b, 1994c", "Comments": "SR_Time_max from seafloor geol map; SR_Time_min & _pref allow MIS6 seafloor erosion and cummulative SR that don't violate 3.4 Ma rate. Displ from 12 m scarp (c. 21 m slip at 55 dip)", "CompiledBy": "P Barnes", "LastUpdate": "08/12/2020", "Shape_Leng": 37175.545099399998, "Shape_Le_1": 37175.545099399998 }, "geometry": { "type": "MultiLineString", "coordinates": [ [ [ 1746903.3097, 5271792.568300000391901 ], [ 1752672.121500000357628, 5269987.7774 ], [ 1757106.5499, 5270635.273199999704957 ], [ 1764016.54, 5269652.69620000012219 ], [ 1777892.885800000280142, 5265416.199199999682605 ], [ 1779935.828200000338256, 5264809.88910000026226 ], [ 1782950.818099999800324, 5264504.762400000356138 ] ] ] } },
{ "type": "Feature", "properties": { "OBJECTID_1": 214, "OBJECTID": 215, "Fault_ID": 612, "Name": "North Mernoo K3", "Name_stat": "published", "Lineage": "Modified", "Fault_stat": "N-PS", "DomainName": "North Mernoo fracture zone", "Domain_No": 16, "Dip_pref": 55, "Dip_min": 45.0, "Dip_max": 65.0, "Dip_dir": "S", "Dom_sense": "normal", "Sub_sense": null, "Rake_pref": -90, "Rake_minus": -110, "Rake_plus": -70, "SR_pref": 0.215, "SR_min": 0.08, "SR_max": 0.35, "SRT_pref": "150 000", "SRT_min": "120 000", "SRT_max": "250 000", "SRT_gen": "100,000s yrs", "UpdDth_prf": 0.0, "UpdDth_min": 0.0, "UpdDth_max": 0.0, "Depth_Dfc": 16.5, "Method_Dfc": 2, "Depth_D90": 16.5, "Method_D90": 2.0, "QualCode": 3, "References": "Barnes 1994a, 1994b, 1994c", "Comments": "SR_Time_max from seafloor geol map; SR_Time_min & _pref allow MIS6 seafloor erosion and cummulative SR that don't violate 3.4 Ma rate. Displ from 7 m scarp (c. 12 m slip at 55 dip)", "CompiledBy": "P Barnes", "LastUpdate": "08/12/2020", "Shape_Leng": 51596.22579, "Shape_Le_1": 51596.22579 }, "geometry": { "type": "MultiLineString", "coordinates": [ [ [ 1783129.155500000342727, 5264798.763399999588728 ], [ 1789587.895700000226498, 5262190.2248 ], [ 1793568.553100000135601, 5260918.50690000038594 ], [ 1801778.622000000439584, 5259587.240000000223517 ], [ 1807635.352699999697506, 5260940.769500000402331 ], [ 1815563.790300000458956, 5259951.7577 ], [ 1818035.8865, 5259958.6003 ], [ 1823790.849700000137091, 5258964.092400000430644 ], [ 1825561.054399999789894, 5259188.53940000012517 ], [ 1827232.285899999551475, 5258881.395899999886751 ], [ 1831148.714300000108778, 5257495.526800000108778 ], [ 1833320.889399999752641, 5257713.596699999645352 ] ] ] } },
{ "type": "Feature", "properties": { "OBJECTID_1": 177, "OBJECTID": 178, "Fault_ID": 317, "Name": "Northern Ohariu", "Name_stat": "published", "Lineage": "Unmodified", "Fault_stat": "A-LS", "DomainName": "North Island Dextral Fault Belt", "Domain_No": 5, "Dip_pref": 90, "Dip_min": 80.0, "Dip_max": 90.0, "Dip_dir": "Subvertical and variable", "Dom_sense": "dextral", "Sub_sense": null, "Rake_pref": 180, "Rake_minus": 160, "Rake_plus": -160, "SR_pref": 1.5, "SR_min": 1.0, "SR_max": 3.0, "SRT_pref": null, "SRT_min": null, "SRT_max": null, "SRT_gen": "10,000s yrs", "UpdDth_prf": 0.0, "UpdDth_min": 0.0, "UpdDth_max": 0.0, "Depth_Dfc": 27.1, "Method_Dfc": 3, "Depth_D90": 26.3, "Method_D90": 3.0, "QualCode": 1, "References": "Litchfield et al. 2013, 2014; Palmer and Van Dissen 2002", "Comments": null, "CompiledBy": null, "LastUpdate": null, "Shape_Leng": 55778.762920699999, "Shape_Le_1": 55778.762920699999 }, "geometry": { "type": "MultiLineString", "coordinates": [ [ [ 1821085.3509, 5516925.259999999776483 ], [ 1819503.216199999675155, 5514666.787700000219047 ], [ 1806601.865199999883771, 5500664.30350000038743 ], [ 1803127.2517, 5499325.017400000244379 ], [ 1792506.910899999551475, 5492898.441499999724329 ], [ 1785605.273, 5484934.562800000421703 ], [ 1782612.722699999809265, 5482905.431400000117719 ], [ 1779310.784799999557436, 5481257.506400000303984 ] ] ] } },
{ "type": "Feature", "properties": { "OBJECTID_1": 192, "OBJECTID": 193, "Fault_ID": 43, "Name": "Nukumuru - Waitotara 1-6", "Name_stat": "published", "Lineage": "Unmodified", "Fault_stat": "A-LS", "DomainName": "western North Island", "Domain_No": 3, "Dip_pref": 70, "Dip_min": 60.0, "Dip_max": 80.0, "Dip_dir": "SE", "Dom_sense": "normal", "Sub_sense": null, "Rake_pref": -90, "Rake_minus": -110, "Rake_plus": -70, "SR_pref": 0.07, "SR_min": 0.01, "SR_max": 0.13, "SRT_pref": null, "SRT_min": null, "SRT_max": null, "SRT_gen": "100,000s yrs", "UpdDth_prf": 0.0, "UpdDth_min": 0.0, "UpdDth_max": 0.0, "Depth_Dfc": 12.0, "Method_Dfc": 2, "Depth_D90": 12.0, "Method_D90": 2.0, "QualCode": 1, "References": "Litchfield et al. 2013, 2014; McVerry et al. 2005; Pillans 1990", "Comments": "Dfcomb fixed at 12 km depth - likely bending realted faults", "CompiledBy": null, "LastUpdate": null, "Shape_Leng": 49924.686325299997, "Shape_Le_1": 49924.686325299997 }, "geometry": { "type": "MultiLineString", "coordinates": [ [ [ 1733468.35120000038296, 5554417.042600000277162 ], [ 1736312.6119, 5556220.6447 ], [ 1740709.746299999766052, 5563535.352099999785423 ], [ 1743768.7719, 5576436.2051 ], [ 1745291.473899999633431, 5580104.887799999676645 ], [ 1754259.372700000181794, 5588079.3871 ], [ 1760131.28139999974519, 5594621.464200000278652 ] ] ] } },
{ "type": "Feature", "properties": { "OBJECTID_1": 178, "OBJECTID": 179, "Fault_ID": 30, "Name": "Oaonui", "Name_stat": "published", "Lineage": "Modified", "Fault_stat": "A-LS", "DomainName": "western North Island", "Domain_No": 3, "Dip_pref": 65, "Dip_min": 55.0, "Dip_max": 75.0, "Dip_dir": "NW", "Dom_sense": "normal", "Sub_sense": null, "Rake_pref": -90, "Rake_minus": -110, "Rake_plus": -70, "SR_pref": 0.13, "SR_min": 0.07, "SR_max": 0.8, "SRT_pref": null, "SRT_min": null, "SRT_max": null, "SRT_gen": "10,000s yrs", "UpdDth_prf": 0.0, "UpdDth_min": 0.0, "UpdDth_max": 0.0, "Depth_Dfc": 26.7, "Method_Dfc": 1, "Depth_D90": 21.8, "Method_D90": 1.0, "QualCode": 1, "References": "Townsend et al. 2010; Seebeck et al. 2021; Hull et al. 1992", "Comments": "Linework updated from Seebeck et al. in prep. SR retained from Litchfield - to be modified", "CompiledBy": "H Seebeck", "LastUpdate": "24/12/2020", "Shape_Leng": 21902.156383000001, "Shape_Le_1": 21902.156383000001 }, "geometry": { "type": "MultiLineString", "coordinates": [ [ [ 1682673.645100000314415, 5653750.682799999602139 ], [ 1678694.30379999987781, 5649559.6744 ], [ 1678101.636, 5647231.336400000378489 ], [ 1675321.648199999704957, 5643703.687400000169873 ], [ 1672401.7983, 5641146.1118 ], [ 1668848.980499999597669, 5639024.91469999961555 ], [ 1667715.461199999786913, 5638603.0778 ] ] ] } },
{ "type": "Feature", "properties": { "OBJECTID_1": 802, "OBJECTID": 805, "Fault_ID": 336, "Name": "Ohae 1", "Name_stat": "published", "Lineage": "Unmodified", "Fault_stat": "A-LS", "DomainName": "East Cape block", "Domain_No": 6, "Dip_pref": 50, "Dip_min": 40.0, "Dip_max": 60.0, "Dip_dir": "SW", "Dom_sense": "reverse", "Sub_sense": null, "Rake_pref": 90, "Rake_minus": 70, "Rake_plus": 110, "SR_pref": 0.05, "SR_min": 0.01, "SR_max": 0.1, "SRT_pref": null, "SRT_min": null, "SRT_max": null, "SRT_gen": "10,000s yrs", "UpdDth_prf": 0.0, "UpdDth_min": 0.0, "UpdDth_max": 0.0, "Depth_Dfc": 28.2, "Method_Dfc": 1, "Depth_D90": 23.9, "Method_D90": 1.0, "QualCode": 2, "References": "Lamarche and Barnes 2005; Litchfield et al. 2013, 2014", "Comments": "SR method 6 of L&M (2005); No displ. of marine PGS2/1 surface. SRmax assigned where EQ RI ~ PGS2/1 age. SRmin reduced to 0.01.", "CompiledBy": "P Barnes", "LastUpdate": "23/12/2020", "Shape_Leng": 27770.3348945, "Shape_Le_1": 27770.3348945 }, "geometry": { "type": "MultiLineString", "coordinates": [ [ [ 1980905.277300000190735, 5820871.025700000114739 ], [ 1989263.124699999578297, 5811528.651499999687076 ], [ 1994977.638799999840558, 5808063.502999999560416 ], [ 2003305.85950000025332, 5806119.897300000302494 ] ] ] } },
{ "type": "Feature", "properties": { "OBJECTID_1": 803, "OBJECTID": 806, "Fault_ID": 339, "Name": "Ohae 2", "Name_stat": "published", "Lineage": "Unmodified", "Fault_stat": "A-LS", "DomainName": "East Cape block", "Domain_No": 6, "Dip_pref": 50, "Dip_min": 40.0, "Dip_max": 60.0, "Dip_dir": "SW", "Dom_sense": "reverse", "Sub_sense": null, "Rake_pref": 90, "Rake_minus": 70, "Rake_plus": 110, "SR_pref": 0.05, "SR_min": 0.01, "SR_max": 0.1, "SRT_pref": null, "SRT_min": null, "SRT_max": null, "SRT_gen": "10,000s yrs", "UpdDth_prf": 0.0, "UpdDth_min": 0.0, "UpdDth_max": 0.0, "Depth_Dfc": 29.8, "Method_Dfc": 1, "Depth_D90": 25.3, "Method_D90": 1.0, "QualCode": 2, "References": "Lamarche and Barnes 2005; Litchfield et al. 2013, 2014", "Comments": "SR method 6 of L&M (2005); No displ. of marine PGS2/1 surface. SRmax assigned where EQ RI ~ PGS2/1 age. SRmin reduced to 0.01.", "CompiledBy": "P Barnes", "LastUpdate": "23/12/2020", "Shape_Leng": 23323.104047600002, "Shape_Le_1": 23323.104047600002 }, "geometry": { "type": "MultiLineString", "coordinates": [ [ [ 1983239.7676, 5812889.717400000430644 ], [ 1995364.628499999642372, 5805548.887299999594688 ], [ 2004126.961799999698997, 5802916.5757 ] ] ] } },
{ "type": "Feature", "properties": { "OBJECTID_1": 801, "OBJECTID": 804, "Fault_ID": 343, "Name": "Ohae 3", "Name_stat": "published", "Lineage": "Unmodified", "Fault_stat": "A-LS", "DomainName": "East Cape block", "Domain_No": 6, "Dip_pref": 70, "Dip_min": 60.0, "Dip_max": 80.0, "Dip_dir": "NE", "Dom_sense": "normal", "Sub_sense": null, "Rake_pref": -90, "Rake_minus": -110, "Rake_plus": -70, "SR_pref": 0.05, "SR_min": 0.01, "SR_max": 0.08, "SRT_pref": null, "SRT_min": null, "SRT_max": null, "SRT_gen": "10,000s yrs", "UpdDth_prf": 0.0, "UpdDth_min": 0.0, "UpdDth_max": 0.0, "Depth_Dfc": 29.5, "Method_Dfc": 1, "Depth_D90": 25.6, "Method_D90": 1.0, "QualCode": 2, "References": "Lamarche and Barnes 2005; Litchfield et al. 2013, 2014", "Comments": "SR method 6 of L&M (2005); No displ. of marine PGS2/1 surface. SRmax assigned where EQ RI ~ PGS2/1 age. SRmin reduced to 0.01.", "CompiledBy": "P Barnes", "LastUpdate": "23/12/2020", "Shape_Leng": 8269.3902331000008, "Shape_Le_1": 8269.3902331000008 }, "geometry": { "type": "MultiLineString", "coordinates": [ [ [ 1993821.248100000433624, 5802028.425200000405312 ], [ 2000288.925800000317395, 5796875.5658 ] ] ] } },
{ "type": "Feature", "properties": { "OBJECTID_1": 252, "OBJECTID": 253, "Fault_ID": 323, "Name": "Ohariu", "Name_stat": "published", "Lineage": "Modified", "Fault_stat": "A-LS", "DomainName": "North Island Dextral Fault Belt", "Domain_No": 5, "Dip_pref": 90, "Dip_min": 80.0, "Dip_max": 90.0, "Dip_dir": "Subvertical and variable", "Dom_sense": "dextral", "Sub_sense": null, "Rake_pref": 180, "Rake_minus": 160, "Rake_plus": -160, "SR_pref": 1.5, "SR_min": 1.0, "SR_max": 2.0, "SRT_pref": null, "SRT_min": null, "SRT_max": null, "SRT_gen": "10,000s yrs", "UpdDth_prf": 0.0, "UpdDth_min": 0.0, "UpdDth_max": 0.0, "Depth_Dfc": 26.3, "Method_Dfc": 3, "Depth_D90": 22.2, "Method_D90": 3.0, "QualCode": 2, "References": "Heron et al. 1998; Litchfield et al. 2004, 2006, 2010, 2013, 2014; Miyoshi et al. 1987", "Comments": "Combined Ohariu Central and Ohariu South 3 into a single fault. Changed dip to vertical", "CompiledBy": "R Van Dissen, N Litchfield", "LastUpdate": "05/10/2020", "Shape_Leng": 72773.437729500001, "Shape_Le_1": 72773.437729500001 }, "geometry": { "type": "MultiLineString", "coordinates": [ [ [ 1777390.39989999961108, 5477391.476599999703467 ], [ 1776274.78249999973923, 5474489.023 ], [ 1772566.908599999733269, 5469719.4676 ], [ 1770141.006699999794364, 5467992.531700000166893 ], [ 1769415.3399, 5465516.50789999961853 ], [ 1766798.363099999725819, 5462539.114299999549985 ], [ 1764449.4923, 5457597.745799999684095 ], [ 1762878.400999999605119, 5456248.864699999801815 ], [ 1759519.716799999587238, 5450449.213399999774992 ], [ 1756686.328599999658763, 5447905.026999999769032 ], [ 1754376.688299999572337, 5445406.823300000280142 ], [ 1747778.272199999541044, 5435578.490399999544024 ], [ 1739156.731700000353158, 5424768.83559999987483 ], [ 1738439.836500000208616, 5423023.60329999960959 ], [ 1735845.1886, 5418638.638299999758601 ] ] ] } },
{ "type": "Feature", "properties": { "OBJECTID_1": 250, "OBJECTID": 251, "Fault_ID": 331, "Name": "Ohariu South 1", "Name_stat": "published", "Lineage": "Unmodified", "Fault_stat": "A-LS", "DomainName": "North Island Dextral Fault Belt", "Domain_No": 5, "Dip_pref": 65, "Dip_min": 55.0, "Dip_max": 75.0, "Dip_dir": "NW", "Dom_sense": "normal and dextral", "Sub_sense": null, "Rake_pref": -135, "Rake_minus": -155, "Rake_plus": -115, "SR_pref": 1.5, "SR_min": 1.0, "SR_max": 2.0, "SRT_pref": null, "SRT_min": null, "SRT_max": null, "SRT_gen": "10,000s yrs", "UpdDth_prf": 0.0, "UpdDth_min": 0.0, "UpdDth_max": 0.0, "Depth_Dfc": 30.5, "Method_Dfc": 3, "Depth_D90": 22.5, "Method_D90": 3.0, "QualCode": 2, "References": "Litchfield et al. 2013, 2014; Pondard and Barnes 2010; Robinson et al. 2011", "Comments": null, "CompiledBy": null, "LastUpdate": null, "Shape_Leng": 12697.710087199999, "Shape_Le_1": 12697.710087199999 }, "geometry": { "type": "MultiLineString", "coordinates": [ [ [ 1730146.38910000026226, 5414087.844700000248849 ], [ 1718391.2198, 5409287.0285 ] ] ] } },
{ "type": "Feature", "properties": { "OBJECTID_1": 251, "OBJECTID": 252, "Fault_ID": 330, "Name": "Ohariu South 2", "Name_stat": "published", "Lineage": "Unmodified", "Fault_stat": "A-LS", "DomainName": "North Island Dextral Fault Belt", "Domain_No": 5, "Dip_pref": 70, "Dip_min": 60.0, "Dip_max": 80.0, "Dip_dir": "NW", "Dom_sense": "dextral", "Sub_sense": "normal", "Rake_pref": -160, "Rake_minus": -180, "Rake_plus": -140, "SR_pref": 1.5, "SR_min": 1.0, "SR_max": 2.0, "SRT_pref": null, "SRT_min": null, "SRT_max": null, "SRT_gen": "10,000s yrs", "UpdDth_prf": 0.0, "UpdDth_min": 0.0, "UpdDth_max": 0.0, "Depth_Dfc": 28.4, "Method_Dfc": 3, "Depth_D90": 23.4, "Method_D90": 3.0, "QualCode": 2, "References": "Litchfield et al. 2013, 2014; Pondard and Barnes 2010; Robinson et al. 2011", "Comments": null, "CompiledBy": null, "LastUpdate": null, "Shape_Leng": 7292.8758477700003, "Shape_Le_1": 7292.8758477700003 }, "geometry": { "type": "MultiLineString", "coordinates": [ [ [ 1735845.1886, 5418638.638299999758601 ], [ 1730146.38910000026226, 5414087.844700000248849 ] ] ] } },
{ "type": "Feature", "properties": { "OBJECTID_1": 732, "OBJECTID": 735, "Fault_ID": 53, "Name": "Ohena 2", "Name_stat": "published", "Lineage": "Modified", "Fault_stat": "N-PS", "DomainName": "Havre Trough - Taupo Rift", "Domain_No": 4, "Dip_pref": 50, "Dip_min": 40.0, "Dip_max": 60.0, "Dip_dir": "SE", "Dom_sense": "normal", "Sub_sense": null, "Rake_pref": -90, "Rake_minus": -110, "Rake_plus": -70, "SR_pref": 2.7, "SR_min": 2.05, "SR_max": 3.4, "SRT_pref": null, "SRT_min": null, "SRT_max": null, "SRT_gen": null, "UpdDth_prf": 0.0, "UpdDth_min": 0.0, "UpdDth_max": 0.0, "Depth_Dfc": 26.6, "Method_Dfc": 1, "Depth_D90": 25.3, "Method_D90": 1.0, "QualCode": 4, "References": "Lamarche and Barnes 2005", "Comments": null, "CompiledBy": "P Barnes", "LastUpdate": "11/01/2021", "Shape_Leng": 39694.052561600001, "Shape_Le_1": 39694.052561600001 }, "geometry": { "type": "MultiLineString", "coordinates": [ [ [ 1947400.3004, 5920282.361999999731779 ], [ 1960445.5027, 5931198.974299999885261 ], [ 1968324.087100000120699, 5941540.2659 ], [ 1976250.1162, 5947102.884600000455976 ] ] ] } },
{ "type": "Feature", "properties": { "OBJECTID_1": 731, "OBJECTID": 734, "Fault_ID": 54, "Name": "Ohena 3", "Name_stat": "published", "Lineage": "Modified", "Fault_stat": "N-PS", "DomainName": "Havre Trough - Taupo Rift", "Domain_No": 4, "Dip_pref": 50, "Dip_min": 40.0, "Dip_max": 60.0, "Dip_dir": "SE", "Dom_sense": "normal", "Sub_sense": null, "Rake_pref": -90, "Rake_minus": -110, "Rake_plus": -70, "SR_pref": 2.1, "SR_min": 1.55, "SR_max": 2.6, "SRT_pref": null, "SRT_min": null, "SRT_max": null, "SRT_gen": null, "UpdDth_prf": 0.0, "UpdDth_min": 0.0, "UpdDth_max": 0.0, "Depth_Dfc": 26.8, "Method_Dfc": 1, "Depth_D90": 26.1, "Method_D90": 1.0, "QualCode": 4, "References": "Lamarche and Barnes 2005", "Comments": null, "CompiledBy": "P Barnes", "LastUpdate": "11/01/2021", "Shape_Leng": 35104.1626903, "Shape_Le_1": 35104.1626903 }, "geometry": { "type": "MultiLineString", "coordinates": [ [ [ 1941688.3059, 5918552.106599999591708 ], [ 1955096.7324, 5932138.575299999676645 ], [ 1959508.312199999578297, 5936456.114799999631941 ], [ 1967839.3673, 5941697.50719999987632 ] ] ] } },
{ "type": "Feature", "properties": { "OBJECTID_1": 730, "OBJECTID": 733, "Fault_ID": 51, "Name": "Ohena 4", "Name_stat": "published", "Lineage": "Unmodified", "Fault_stat": "N-PS", "DomainName": "Havre Trough - Taupo Rift", "Domain_No": 4, "Dip_pref": 50, "Dip_min": 40.0, "Dip_max": 60.0, "Dip_dir": "SE", "Dom_sense": "normal", "Sub_sense": null, "Rake_pref": -90, "Rake_minus": -110, "Rake_plus": -70, "SR_pref": 2.0, "SR_min": 1.55, "SR_max": 2.55, "SRT_pref": null, "SRT_min": null, "SRT_max": null, "SRT_gen": null, "UpdDth_prf": 0.0, "UpdDth_min": 0.0, "UpdDth_max": 0.0, "Depth_Dfc": 26.2, "Method_Dfc": 2, "Depth_D90": 25.7, "Method_D90": 1.0, "QualCode": 4, "References": "Lamarche and Barnes 2005; Litchfield et al. 2013, 2014", "Comments": null, "CompiledBy": "P Barnes", "LastUpdate": "11/01/2021", "Shape_Leng": 41270.932205199999, "Shape_Le_1": 41270.932205199999 }, "geometry": { "type": "MultiLineString", "coordinates": [ [ [ 1945415.654, 5929509.897699999623001 ], [ 1950117.115500000305474, 5936617.387799999676645 ], [ 1964224.8021, 5945883.914200000464916 ], [ 1976734.543800000101328, 5955649.8838 ] ] ] } },
{ "type": "Feature", "properties": { "OBJECTID_1": 805, "OBJECTID": 808, "Fault_ID": 165, "Name": "Ohiwa 1", "Name_stat": "published", "Lineage": "Unmodified", "Fault_stat": "A-LS", "DomainName": "Havre Trough - Taupo Rift", "Domain_No": 4, "Dip_pref": 50, "Dip_min": 40.0, "Dip_max": 60.0, "Dip_dir": "NW", "Dom_sense": "normal", "Sub_sense": null, "Rake_pref": -90, "Rake_minus": -110, "Rake_plus": -70, "SR_pref": 1.8, "SR_min": 1.35, "SR_max": 2.2, "SRT_pref": null, "SRT_min": null, "SRT_max": null, "SRT_gen": "1000s yrs", "UpdDth_prf": 0.0, "UpdDth_min": 0.0, "UpdDth_max": 0.0, "Depth_Dfc": 20.4, "Method_Dfc": 1, "Depth_D90": 15.9, "Method_D90": 1.0, "QualCode": 1, "References": "Lewis and Pantin 1984; Wright 1990; Lamarche and Barnes 2005; Lamarche et al. 2006; Litchfield et al. 2013, 2014", "Comments": "Displ. of marine PGS2/1 surface. SR range adopted from Stirling et al. (2012).", "CompiledBy": "P Barnes", "LastUpdate": "06/01/2021", "Shape_Leng": 9434.8528879500009, "Shape_Le_1": 9434.8528879500009 }, "geometry": { "type": "MultiLineString", "coordinates": [ [ [ 1971327.697200000286102, 5820408.325899999588728 ], [ 1968349.5663, 5818364.677500000223517 ], [ 1966479.698099999688566, 5817608.76630000025034 ], [ 1965187.434000000357628, 5816861.186300000175834 ], [ 1964227.546299999579787, 5816099.932400000281632 ], [ 1963612.074900000356138, 5815202.691399999894202 ] ] ] } },
{ "type": "Feature", "properties": { "OBJECTID_1": 196, "OBJECTID": 197, "Fault_ID": 46, "Name": "Okaia 3", "Name_stat": "published", "Lineage": "Unmodified", "Fault_stat": "A-LS", "DomainName": "western North Island", "Domain_No": 3, "Dip_pref": 70, "Dip_min": 60.0, "Dip_max": 80.0, "Dip_dir": "SE", "Dom_sense": "normal", "Sub_sense": null, "Rake_pref": -90, "Rake_minus": -110, "Rake_plus": -70, "SR_pref": 0.05, "SR_min": 0.04, "SR_max": 0.07, "SRT_pref": null, "SRT_min": null, "SRT_max": null, "SRT_gen": "100,000s yrs", "UpdDth_prf": 0.0, "UpdDth_min": 0.0, "UpdDth_max": 0.0, "Depth_Dfc": 12.0, "Method_Dfc": 2, "Depth_D90": 12.0, "Method_D90": 2.0, "QualCode": 1, "References": "Litchfield et al. 2013, 2014; McVerry et al. 2005", "Comments": "Dfcomb fixed at 12 km depth - likely bending realted faults", "CompiledBy": null, "LastUpdate": null, "Shape_Leng": 10195.1019526, "Shape_Le_1": 10195.1019526 }, "geometry": { "type": "MultiLineString", "coordinates": [ [ [ 1727886.356300000101328, 5561919.18680000025779 ], [ 1730795.559000000357628, 5567421.136099999770522 ], [ 1732310.372399999760091, 5571092.25 ] ] ] } },
{ "type": "Feature", "properties": { "OBJECTID_1": 198, "OBJECTID": 199, "Fault_ID": 45, "Name": "Okaia 5", "Name_stat": "published", "Lineage": "Unmodified", "Fault_stat": "A-LS", "DomainName": "western North Island", "Domain_No": 3, "Dip_pref": 70, "Dip_min": 60.0, "Dip_max": 80.0, "Dip_dir": "SE", "Dom_sense": "normal", "Sub_sense": null, "Rake_pref": -90, "Rake_minus": -110, "Rake_plus": -70, "SR_pref": 0.03, "SR_min": 0.01, "SR_max": 0.05, "SRT_pref": null, "SRT_min": null, "SRT_max": null, "SRT_gen": "100,000s yrs", "UpdDth_prf": 0.0, "UpdDth_min": 0.0, "UpdDth_max": 0.0, "Depth_Dfc": 12.0, "Method_Dfc": 2, "Depth_D90": 12.0, "Method_D90": 2.0, "QualCode": 1, "References": "Litchfield et al. 2013, 2014; McVerry et al. 2005", "Comments": "Dfcomb fixed at 12 km depth - likely bending realted faults", "CompiledBy": null, "LastUpdate": null, "Shape_Leng": 23301.7095367, "Shape_Le_1": 23301.7095367 }, "geometry": { "type": "MultiLineString", "coordinates": [ [ [ 1727142.0707, 5558223.302799999713898 ], [ 1727948.657599999569356, 5565615.423499999567866 ], [ 1733924.025000000372529, 5580312.901600000448525 ] ] ] } },
{ "type": "Feature", "properties": { "OBJECTID_1": 841, "OBJECTID": 844, "Fault_ID": 499, "Name": "Okupe 1", "Name_stat": "published", "Lineage": "Unmodified", "Fault_stat": "A-LS", "DomainName": "Kapiti-Manawatu", "Domain_No": 12, "Dip_pref": 75, "Dip_min": 65.0, "Dip_max": 85.0, "Dip_dir": "NW", "Dom_sense": "reverse", "Sub_sense": null, "Rake_pref": 90, "Rake_minus": 70, "Rake_plus": 110, "SR_pref": 0.8, "SR_min": 0.4, "SR_max": 1.0, "SRT_pref": null, "SRT_min": null, "SRT_max": null, "SRT_gen": "100,000s yrs", "UpdDth_prf": 0.0, "UpdDth_min": 0.0, "UpdDth_max": 0.0, "Depth_Dfc": 32.1, "Method_Dfc": 1, "Depth_D90": 24.0, "Method_D90": 1.0, "QualCode": 2, "References": "Lamarche et al. 2005; Stirling et al. 2012; Litchfield et al. 2013, 2014", "Comments": null, "CompiledBy": "S Nodder, P Barnes", "LastUpdate": "08/01/2021", "Shape_Leng": 56372.2916998, "Shape_Le_1": 56372.2916998 }, "geometry": { "type": "MultiLineString", "coordinates": [ [ [ 1731952.031899999827147, 5430511.987499999813735 ], [ 1753403.136599999852479, 5476621.683799999766052 ], [ 1756487.930800000205636, 5481195.7478 ] ] ] } },
{ "type": "Feature", "properties": { "OBJECTID_1": 41, "OBJECTID": 42, "Fault_ID": 815, "Name": "Old Man", "Name_stat": "published", "Lineage": "Modified", "Fault_stat": "A-LS", "DomainName": "Southern South Island", "Domain_No": 21, "Dip_pref": 45, "Dip_min": 35.0, "Dip_max": 55.0, "Dip_dir": "W", "Dom_sense": "reverse", "Sub_sense": "sinistral", "Rake_pref": 70, "Rake_minus": 50, "Rake_plus": 90, "SR_pref": 0.015, "SR_min": 0.008, "SR_max": 0.03, "SRT_pref": null, "SRT_min": null, "SRT_max": null, "SRT_gen": "100,000s yrs", "UpdDth_prf": 0.0, "UpdDth_min": 0.0, "UpdDth_max": 0.0, "Depth_Dfc": 31.4, "Method_Dfc": 1, "Depth_D90": 25.7, "Method_D90": 1.0, "QualCode": 3, "References": "Barrell 2019 (CR2018/207)", "Comments": "Slip rates revised from NSHM/NZAFM; preferred SR uses adopted age of 'Lindis Gravel', max and min assume age differs by 50% from that estimate", "CompiledBy": "D Barrell", "LastUpdate": "18/11/2020", "Shape_Leng": 52064.288154399997, "Shape_Le_1": 52064.288154399997 }, "geometry": { "type": "MultiLineString", "coordinates": [ [ [ 1303672.375900000333786, 4986755.0274 ], [ 1304783.628200000151992, 4983103.770100000314415 ], [ 1307759.805200000293553, 4977706.793700000271201 ], [ 1308893.708800000138581, 4968474.41370000038296 ], [ 1311196.866100000217557, 4957637.066499999724329 ], [ 1310594.841, 4953712.774000000208616 ], [ 1311719.9517, 4949678.870799999684095 ], [ 1312676.5894, 4942486.493300000205636 ], [ 1315511.142900000326335, 4936871.885499999858439 ] ] ] } },
{ "type": "Feature", "properties": { "OBJECTID_1": 486, "OBJECTID": 488, "Fault_ID": 720, "Name": "Omarama Saddle", "Name_stat": "informal", "Lineage": "New", "Fault_stat": "A-LS", "DomainName": "Central Canterbury", "Domain_No": 18, "Dip_pref": 60, "Dip_min": 40.0, "Dip_max": 70.0, "Dip_dir": "E", "Dom_sense": "reverse", "Sub_sense": "dextral", "Rake_pref": 110, "Rake_minus": 90, "Rake_plus": 130, "SR_pref": 0.2, "SR_min": 0.05, "SR_max": 0.3, "SRT_pref": null, "SRT_min": null, "SRT_max": null, "SRT_gen": "10,000s yrs", "UpdDth_prf": 0.0, "UpdDth_min": 0.0, "UpdDth_max": 0.0, "Depth_Dfc": 25.2, "Method_Dfc": 1, "Depth_D90": 20.5, "Method_D90": 1.0, "QualCode": 3, "References": "Barrell 2016 (CR2015/166); Barrell 2019 (CR2018/207)", "Comments": "Inferred fault in bedrock, peneplain offset of several hundred metres. Definite fault scarp at N end of fault, and likely ones at far south end of fault. Barrell 2019 proposes 0.2 mm/yr SR, adopted here as pref. Nominal SR min/max", "CompiledBy": "D Barrell", "LastUpdate": "18/11/2020", "Shape_Leng": 35495.193989300002, "Shape_Le_1": 35495.193989300002 }, "geometry": { "type": "MultiLineString", "coordinates": [ [ [ 1350987.194500000216067, 5024040.247100000269711 ], [ 1351384.070299999788404, 5027016.815499999560416 ], [ 1351119.486399999819696, 5028670.464700000360608 ], [ 1350590.318699999712408, 5031514.7412 ], [ 1348738.231700000353158, 5036012.666899999603629 ], [ 1349267.399400000460446, 5039915.278800000436604 ], [ 1348076.771999999880791, 5048448.10840000025928 ], [ 1348738.231700000353158, 5049969.465599999763072 ], [ 1351648.654199999757111, 5054401.245299999602139 ], [ 1352177.821899999864399, 5057906.981499999761581 ] ] ] } },
{ "type": "Feature", "properties": { "OBJECTID_1": 24, "OBJECTID": 25, "Fault_ID": 643, "Name": "OmihiLwrHuru", "Name_stat": "published", "Lineage": "Modified", "Fault_stat": "A-LS", "DomainName": "Northeastern Canterbury", "Domain_No": 17, "Dip_pref": 50, "Dip_min": 35.0, "Dip_max": 65.0, "Dip_dir": "SE", "Dom_sense": "reverse", "Sub_sense": "dextral", "Rake_pref": 110, "Rake_minus": 90, "Rake_plus": 130, "SR_pref": 0.45, "SR_min": 0.25, "SR_max": 1.21, "SRT_pref": null, "SRT_min": null, "SRT_max": null, "SRT_gen": null, "UpdDth_prf": 0.0, "UpdDth_min": 0.0, "UpdDth_max": 0.0, "Depth_Dfc": 24.5, "Method_Dfc": 1, "Depth_D90": 16.1, "Method_D90": 1.0, "QualCode": 3, "References": "Barrell and Townsend 2012; Finnemore 2004; Forsyth et al. 2008; Goded et al. 2018; Nicol et al. 1995; Rattenbury et al. 2006", "Comments": null, "CompiledBy": null, "LastUpdate": null, "Shape_Leng": 45361.205675800004, "Shape_Le_1": 45361.205675800004 }, "geometry": { "type": "MultiLineString", "coordinates": [ [ [ 1620548.387900000438094, 5250999.528900000266731 ], [ 1614289.381799999624491, 5251385.546900000423193 ], [ 1610612.396200000308454, 5249726.5082 ], [ 1606255.725499999709427, 5246585.529799999669194 ], [ 1602039.30530000012368, 5244552.21239999961108 ], [ 1594699.666500000283122, 5242144.435600000433624 ], [ 1592799.122499999590218, 5240106.820600000210106 ], [ 1588321.24129999987781, 5236769.186099999584258 ], [ 1584387.7017, 5234725.433799999766052 ], [ 1582762.792399999685585, 5233055.78110000025481 ], [ 1582089.499800000339746, 5231018.126400000415742 ] ] ] } },
{ "type": "Feature", "properties": { "OBJECTID_1": 840, "OBJECTID": 843, "Fault_ID": 490, "Name": "Onepoto", "Name_stat": "published", "Lineage": "Unmodified", "Fault_stat": "A-LS", "DomainName": "Kapiti-Manawatu", "Domain_No": 12, "Dip_pref": 70, "Dip_min": 60.0, "Dip_max": 80.0, "Dip_dir": "NW", "Dom_sense": "reverse", "Sub_sense": null, "Rake_pref": 90, "Rake_minus": 70, "Rake_plus": 110, "SR_pref": 0.4, "SR_min": 0.2, "SR_max": 1.0, "SRT_pref": null, "SRT_min": null, "SRT_max": null, "SRT_gen": "1000s yrs", "UpdDth_prf": 0.0, "UpdDth_min": 0.0, "UpdDth_max": 0.0, "Depth_Dfc": 39.6, "Method_Dfc": 1, "Depth_D90": 29.1, "Method_D90": 1.0, "QualCode": 1, "References": "Lamarche et al. 2005; Nodder et al. 2007; Litchfield et al. 2013, 2014", "Comments": "Removed Onepoto 1 (south). SR from Holocene, Nodder et al (2007).", "CompiledBy": "S Nodder, P Barnes", "LastUpdate": "08/01/2021", "Shape_Leng": 61255.112000499998, "Shape_Le_1": 61255.112000499998 }, "geometry": { "type": "MultiLineString", "coordinates": [ [ [ 1787091.076399999670684, 5538684.9051 ], [ 1783420.448699999600649, 5530762.1891 ], [ 1780269.493200000375509, 5526480.64130000025034 ], [ 1778349.094499999657273, 5522150.2187 ], [ 1777660.167600000277162, 5518091.622899999842048 ], [ 1763572.1699, 5482419.158300000242889 ] ] ] } },
{ "type": "Feature", "properties": { "OBJECTID_1": 696, "OBJECTID": 699, "Fault_ID": 295, "Name": "Opape 1", "Name_stat": "published", "Lineage": "Unmodified", "Fault_stat": "A-LS", "DomainName": "North Island Dextral Fault Belt", "Domain_No": 5, "Dip_pref": 50, "Dip_min": 40.0, "Dip_max": 60.0, "Dip_dir": "E", "Dom_sense": "normal", "Sub_sense": "dextral", "Rake_pref": -110, "Rake_minus": -130, "Rake_plus": -90, "SR_pref": 0.17, "SR_min": 0.05, "SR_max": 0.17, "SRT_pref": null, "SRT_min": null, "SRT_max": null, "SRT_gen": "10,000s yrs", "UpdDth_prf": 0.0, "UpdDth_min": 0.0, "UpdDth_max": 0.0, "Depth_Dfc": 30.1, "Method_Dfc": 1, "Depth_D90": 25.7, "Method_D90": 1.0, "QualCode": 2, "References": "Lamarche and Barnes 2005; Litchfield et al. 2013, 2014", "Comments": "SR method 6 of L&M (2005); No displ. of marine PGS2/1 surface. SRmax assigned where EQ RI ~ PGS2/1 age.", "CompiledBy": "R Van Dissen, N Litchfield, P Barnes", "LastUpdate": "23/12/2020", "Shape_Leng": 32500.430713400001, "Shape_Le_1": 32500.430713400001 }, "geometry": { "type": "MultiLineString", "coordinates": [ [ [ 1991492.16370000038296, 5777374.551400000229478 ], [ 1990407.720499999821186, 5785962.4901 ], [ 1988868.9386, 5790053.3339 ], [ 1989310.6058, 5794765.582999999634922 ], [ 1982013.6946, 5807573.5351 ] ] ] } },
{ "type": "Feature", "properties": { "OBJECTID_1": 222, "OBJECTID": 223, "Fault_ID": 702, "Name": "Opawa", "Name_stat": "published", "Lineage": "Modified", "Fault_stat": "A-LS", "DomainName": "Central Canterbury", "Domain_No": 18, "Dip_pref": 60, "Dip_min": 50.0, "Dip_max": 70.0, "Dip_dir": "E", "Dom_sense": "reverse", "Sub_sense": "dextral", "Rake_pref": 110, "Rake_minus": 90, "Rake_plus": 130, "SR_pref": 0.065, "SR_min": 0.01, "SR_max": 0.185, "SRT_pref": null, "SRT_min": null, "SRT_max": null, "SRT_gen": "100,000s yrs", "UpdDth_prf": 0.0, "UpdDth_min": 0.0, "UpdDth_max": 0.0, "Depth_Dfc": 26.5, "Method_Dfc": 1, "Depth_D90": 21.2, "Method_D90": 1.0, "QualCode": 3, "References": "Litchfield et al. 2013, 2014; Barrell 2016 (CR2015/166) and refs therein", "Comments": "Adjusted linework to accord with the structure contouring interpretations of Barrell and Strong 2012 (CR2012/245) . Rake revised to include dextral component. SRs from Litchfield et al.", "CompiledBy": "D Barrell", "LastUpdate": "12/02/2021", "Shape_Leng": 19483.594770200001, "Shape_Le_1": 19483.594770200001 }, "geometry": { "type": "MultiLineString", "coordinates": [ [ [ 1420794.771099999547005, 5100292.161600000225008 ], [ 1418037.572100000455976, 5103321.271300000138581 ], [ 1414874.6875, 5111145.233199999667704 ], [ 1414476.255300000309944, 5113203.7994 ], [ 1414675.471400000154972, 5118051.390800000168383 ] ] ] } },
{ "type": "Feature", "properties": { "OBJECTID_1": 800, "OBJECTID": 803, "Fault_ID": 296, "Name": "Opotiki 2", "Name_stat": "published", "Lineage": "Unmodified", "Fault_stat": "A-LS", "DomainName": "North Island Dextral Fault Belt", "Domain_No": 5, "Dip_pref": 70, "Dip_min": 60.0, "Dip_max": 80.0, "Dip_dir": "E", "Dom_sense": "normal", "Sub_sense": "dextral", "Rake_pref": -110, "Rake_minus": -130, "Rake_plus": -90, "SR_pref": 0.3, "SR_min": 0.1, "SR_max": 0.5, "SRT_pref": null, "SRT_min": null, "SRT_max": null, "SRT_gen": "10,000s yrs", "UpdDth_prf": 0.0, "UpdDth_min": 0.0, "UpdDth_max": 0.0, "Depth_Dfc": 30.0, "Method_Dfc": 1, "Depth_D90": 25.5, "Method_D90": 1.0, "QualCode": 2, "References": "Lamarche and Barnes 2005; Litchfield et al. 2013, 2014", "Comments": "SR method 6 of L&M (2005); No displ. of marine PGS2/1 surface. SRmax assigned where EQ RI ~ PGS2/1 age. SR range adopted from Stirling et al. (2012).", "CompiledBy": "P Barnes", "LastUpdate": "23/12/2020", "Shape_Leng": 14185.909472400001, "Shape_Le_1": 14185.909472400001 }, "geometry": { "type": "MultiLineString", "coordinates": [ [ [ 1978523.60950000025332, 5802027.287200000137091 ], [ 1976026.435999999754131, 5799036.156899999827147 ], [ 1976832.5115, 5792221.394000000320375 ], [ 1975793.768299999646842, 5788955.46750000026077 ] ] ] } },
{ "type": "Feature", "properties": { "OBJECTID_1": 804, "OBJECTID": 807, "Fault_ID": 293, "Name": "Opotiki 3", "Name_stat": "published", "Lineage": "Unmodified", "Fault_stat": "A-LS", "DomainName": "North Island Dextral Fault Belt", "Domain_No": 5, "Dip_pref": 70, "Dip_min": 60.0, "Dip_max": 80.0, "Dip_dir": "W", "Dom_sense": "normal", "Sub_sense": "dextral", "Rake_pref": -110, "Rake_minus": -130, "Rake_plus": -90, "SR_pref": 0.3, "SR_min": 0.1, "SR_max": 0.5, "SRT_pref": null, "SRT_min": null, "SRT_max": null, "SRT_gen": "10,000s yrs", "UpdDth_prf": 0.0, "UpdDth_min": 0.0, "UpdDth_max": 0.0, "Depth_Dfc": 24.0, "Method_Dfc": 1, "Depth_D90": 19.6, "Method_D90": 1.0, "QualCode": 1, "References": "Lamarche and Barnes 2005; Litchfield et al. 2013, 2014", "Comments": "SR method 1 of L&M (2005); Displ. of marine PGS2/1 surface. SR range adopted from Stirling et al. (2012).", "CompiledBy": "P Barnes", "LastUpdate": "23/12/2020", "Shape_Leng": 32909.206426999997, "Shape_Le_1": 32909.206426999997 }, "geometry": { "type": "MultiLineString", "coordinates": [ [ [ 1980249.7983, 5820751.060499999672174 ], [ 1981292.1256, 5816934.817200000397861 ], [ 1975174.9671, 5799282.876299999654293 ], [ 1974847.75760000012815, 5793423.3821 ], [ 1972616.968999999575317, 5789627.647699999623001 ] ] ] } },
{ "type": "Feature", "properties": { "OBJECTID_1": 572, "OBJECTID": 574, "Fault_ID": 410, "Name": "Opouawe - Uruti", "Name_stat": "published", "Lineage": "Unmodified", "Fault_stat": "N-PS", "DomainName": "Hikurangi accretionary margin", "Domain_No": 7, "Dip_pref": 40, "Dip_min": 30.0, "Dip_max": 50.0, "Dip_dir": "NW", "Dom_sense": "reverse", "Sub_sense": null, "Rake_pref": 90, "Rake_minus": 70, "Rake_plus": 110, "SR_pref": 1.5, "SR_min": 0.5, "SR_max": 2.5, "SRT_pref": null, "SRT_min": null, "SRT_max": null, "SRT_gen": null, "UpdDth_prf": 0.0, "UpdDth_min": 0.0, "UpdDth_max": 0.5, "Depth_Dfc": 13.9, "Method_Dfc": 3, "Depth_D90": 13.9, "Method_D90": 3.0, "QualCode": 3, "References": "Mountjoy et al. 2009; Barnes et al. 2010; Plaza-Faverola et al. 2012; Micallef et al. 2014", "Comments": "Linework and best depth adjusted", "CompiledBy": "P Barnes", "LastUpdate": "13/11/2020", "Shape_Leng": 157220.580598, "Shape_Le_1": 157220.580598 }, "geometry": { "type": "MultiLineString", "coordinates": [ [ [ 1906330.287100000306964, 5422765.3893 ], [ 1867963.838399999774992, 5398863.403300000354648 ], [ 1855529.579199999570847, 5393420.927500000223517 ], [ 1847806.556400000117719, 5392920.795199999585748 ], [ 1809108.283599999733269, 5376912.64919999986887 ], [ 1803806.829300000332296, 5375729.769000000320375 ], [ 1797494.550200000405312, 5375310.384200000204146 ], [ 1782333.215400000102818, 5372273.7654 ], [ 1778850.224399999715388, 5371052.408800000324845 ], [ 1770806.874900000169873, 5361421.556200000457466 ], [ 1766421.132799999788404, 5358326.983300000429153 ] ] ] } },
{ "type": "Feature", "properties": { "OBJECTID_1": 82, "OBJECTID": 83, "Fault_ID": 219, "Name": "Orakeikorako", "Name_stat": "published", "Lineage": "Unmodified", "Fault_stat": "A-LS", "DomainName": "Havre Trough - Taupo Rift", "Domain_No": 4, "Dip_pref": 60, "Dip_min": 50.0, "Dip_max": 70.0, "Dip_dir": "NW", "Dom_sense": "normal", "Sub_sense": null, "Rake_pref": -90, "Rake_minus": -110, "Rake_plus": -70, "SR_pref": 1.8, "SR_min": 1.3, "SR_max": 2.3, "SRT_pref": null, "SRT_min": null, "SRT_max": null, "SRT_gen": "10,000s yrs", "UpdDth_prf": 0.0, "UpdDth_min": 0.0, "UpdDth_max": 0.0, "Depth_Dfc": 12.8, "Method_Dfc": 1, "Depth_D90": 10.4, "Method_D90": 1.0, "QualCode": 2, "References": "Litchfield et al. 2013, 2014; Villamor and Berryman 2001; Villamor et al. 2001", "Comments": null, "CompiledBy": null, "LastUpdate": null, "Shape_Leng": 16672.331667400002, "Shape_Le_1": 16672.331667400002 }, "geometry": { "type": "MultiLineString", "coordinates": [ [ [ 1877513.4189, 5739463.017300000414252 ], [ 1865760.994599999859929, 5727637.317900000140071 ] ] ] } },
{ "type": "Feature", "properties": { "OBJECTID_1": 127, "OBJECTID": 128, "Fault_ID": 309, "Name": "Oruawharo - Mangatoro", "Name_stat": "published", "Lineage": "New", "Fault_stat": "A-LS", "DomainName": "North Island Dextral Fault Belt", "Domain_No": 5, "Dip_pref": 75, "Dip_min": 60.0, "Dip_max": 90.0, "Dip_dir": "NW", "Dom_sense": "dextral", "Sub_sense": "reverse", "Rake_pref": 160, "Rake_minus": 140, "Rake_plus": 180, "SR_pref": 2.0, "SR_min": 1.0, "SR_max": 3.0, "SRT_pref": null, "SRT_min": null, "SRT_max": null, "SRT_gen": "10,000s yrs", "UpdDth_prf": 0.0, "UpdDth_min": 0.0, "UpdDth_max": 0.0, "Depth_Dfc": 20.8, "Method_Dfc": 3, "Depth_D90": 18.9, "Method_D90": 3.0, "QualCode": 2, "References": "Beanland 1995", "Comments": "modified Oruawharo source based on DSM and Beanland sites, still needs review and SR check", "CompiledBy": "R Langridge, R Morgenstern", "LastUpdate": "25/11/2020", "Shape_Leng": 39232.045283899999, "Shape_Le_1": 39232.045283899999 }, "geometry": { "type": "MultiLineString", "coordinates": [ [ [ 1875672.636199999600649, 5538157.639000000432134 ], [ 1876860.997100000269711, 5539313.126899999566376 ], [ 1878696.737499999813735, 5542226.650500000454485 ], [ 1883108.364500000141561, 5547250.5746 ], [ 1885277.002399999648333, 5555334.7484 ], [ 1888614.884399999864399, 5560506.013799999840558 ], [ 1892710.3059, 5572759.722799999639392 ] ] ] } },
{ "type": "Feature", "properties": { "OBJECTID_1": 42, "OBJECTID": 43, "Fault_ID": 697, "Name": "Ostler North", "Name_stat": "published", "Lineage": "Modified", "Fault_stat": "A-LS", "DomainName": "Central Canterbury", "Domain_No": 18, "Dip_pref": 45, "Dip_min": 30.0, "Dip_max": 60.0, "Dip_dir": "W", "Dom_sense": "reverse", "Sub_sense": null, "Rake_pref": 90, "Rake_minus": 70, "Rake_plus": 110, "SR_pref": 2.0, "SR_min": 1.5, "SR_max": 3.0, "SRT_pref": null, "SRT_min": null, "SRT_max": null, "SRT_gen": "10,000s yrs", "UpdDth_prf": 0.0, "UpdDth_min": 0.0, "UpdDth_max": 0.0, "Depth_Dfc": 26.4, "Method_Dfc": 1, "Depth_D90": 23.1, "Method_D90": 1.0, "QualCode": 2, "References": "Barrell 2016 (CR2015/166) and references therein; Amos et al. 2007, 2010; Van Dissen et al. 1993", "Comments": "SR and dips from Litchfield et al. 2013. QC value of 2 reflects that despite limited direct investigation, excellent preservation of age-contrained fluvial surfaces across the fault provides evidence for recent tectonics.", "CompiledBy": "D Barrell", "LastUpdate": "18/11/2020", "Shape_Leng": 36324.762970600001, "Shape_Le_1": 36324.762970600001 }, "geometry": { "type": "MultiLineString", "coordinates": [ [ [ 1367282.735999999567866, 5135034.103699999861419 ], [ 1367838.362099999561906, 5130470.032100000418723 ], [ 1367401.798700000159442, 5126580.649299999698997 ], [ 1367520.861499999649823, 5121738.764600000344217 ], [ 1366211.171299999579787, 5117928.757000000216067 ], [ 1363512.415900000371039, 5109276.864699999801815 ], [ 1362440.851300000213087, 5102768.101599999703467 ], [ 1362496.7347999997437, 5099486.976700000464916 ] ] ] } },
{ "type": "Feature", "properties": { "OBJECTID_1": 495, "OBJECTID": 497, "Fault_ID": 707, "Name": "Ostler South", "Name_stat": "published", "Lineage": "Modified", "Fault_stat": "A-LS", "DomainName": "Central Canterbury", "Domain_No": 18, "Dip_pref": 45, "Dip_min": 30.0, "Dip_max": 60.0, "Dip_dir": "W", "Dom_sense": "reverse", "Sub_sense": null, "Rake_pref": 90, "Rake_minus": 70, "Rake_plus": 110, "SR_pref": 2.0, "SR_min": 1.5, "SR_max": 3.0, "SRT_pref": null, "SRT_min": null, "SRT_max": null, "SRT_gen": "10,000s yrs", "UpdDth_prf": 0.0, "UpdDth_min": 0.0, "UpdDth_max": 0.0, "Depth_Dfc": 27.4, "Method_Dfc": 1, "Depth_D90": 23.2, "Method_D90": 1.0, "QualCode": 2, "References": "Barrell 2016 (CR2015/166) and references therein; Amos et al. 2007, 2010, 2011", "Comments": "SR and dips from Litchfield et al. 2013. QC value of 2 reflects that despite limited direct investigation, excellent preservation of age-contrained fluvial surfaces across the fault provides evidence for recent tectonics.", "CompiledBy": "D Barrell", "LastUpdate": "12/02/2021", "Shape_Leng": 38111.310752899997, "Shape_Le_1": 38111.310752899997 }, "geometry": { "type": "MultiLineString", "coordinates": [ [ [ 1365010.281499999575317, 5098560.933199999853969 ], [ 1362893.610600000247359, 5090888.001199999824166 ], [ 1360238.190600000321865, 5082777.467899999581277 ], [ 1355882.1382, 5075542.1371 ], [ 1348606.082000000402331, 5064561.9068 ] ] ] } },
{ "type": "Feature", "properties": { "OBJECTID_1": 845, "OBJECTID": 848, "Fault_ID": 492, "Name": "Otaheke North", "Name_stat": "published", "Lineage": "Unmodified", "Fault_stat": "A-LS", "DomainName": "Kapiti-Manawatu", "Domain_No": 12, "Dip_pref": 65, "Dip_min": 55.0, "Dip_max": 75.0, "Dip_dir": "NW", "Dom_sense": "reverse", "Sub_sense": null, "Rake_pref": 90, "Rake_minus": 70, "Rake_plus": 110, "SR_pref": 1.0, "SR_min": 0.9, "SR_max": 1.2, "SRT_pref": null, "SRT_min": null, "SRT_max": null, "SRT_gen": "1000s yrs", "UpdDth_prf": 0.0, "UpdDth_min": 0.0, "UpdDth_max": 0.0, "Depth_Dfc": 39.7, "Method_Dfc": 1, "Depth_D90": 29.1, "Method_D90": 1.0, "QualCode": 1, "References": "Lamarche et al. 2005; Nodder et al. 2007; Litchfield et al. 2013, 2014", "Comments": "Mana - Otaheke 3 of Litchfield et al. SR from Holocene, Nodder et al (2007) (Note higher SR than Lithchfield et al).", "CompiledBy": "S Nodder, P Barnes", "LastUpdate": "08/01/2021", "Shape_Leng": 49193.868713900003, "Shape_Le_1": 49193.868713900003 }, "geometry": { "type": "MultiLineString", "coordinates": [ [ [ 1767729.193699999712408, 5483944.609199999831617 ], [ 1768075.141200000420213, 5484732.33739999961108 ], [ 1778716.263600000180304, 5505002.68819999974221 ], [ 1781435.156499999575317, 5509680.824099999852479 ], [ 1783122.299700000323355, 5514479.760300000198185 ], [ 1784032.939500000327826, 5522554.093000000342727 ], [ 1787485.350399999879301, 5528431.750099999830127 ] ] ] } },
{ "type": "Feature", "properties": { "OBJECTID_1": 844, "OBJECTID": 847, "Fault_ID": 498, "Name": "Otaheke South", "Name_stat": "published", "Lineage": "Unmodified", "Fault_stat": "A-LS", "DomainName": "Kapiti-Manawatu", "Domain_No": 12, "Dip_pref": 75, "Dip_min": 65.0, "Dip_max": 85.0, "Dip_dir": "NW", "Dom_sense": "dextral and reverse", "Sub_sense": null, "Rake_pref": 135, "Rake_minus": 115, "Rake_plus": 155, "SR_pref": 0.4, "SR_min": 0.1, "SR_max": 1.7, "SRT_pref": null, "SRT_min": null, "SRT_max": null, "SRT_gen": "10,000s yrs", "UpdDth_prf": 0.0, "UpdDth_min": 0.0, "UpdDth_max": 0.0, "Depth_Dfc": 30.7, "Method_Dfc": 1, "Depth_D90": 23.5, "Method_D90": 1.0, "QualCode": 2, "References": "Lamarche et al. 2005; Nodder et al. 2007; Stirling et al. 2012; Litchfield et al. 2013, 2014", "Comments": "Rake reflects structural variation along strike.", "CompiledBy": "S Nodder, P Barnes", "LastUpdate": "08/01/2021", "Shape_Leng": 46893.652275300003, "Shape_Le_1": 46893.652275300003 }, "geometry": { "type": "MultiLineString", "coordinates": [ [ [ 1767729.193699999712408, 5483944.609199999831617 ], [ 1765689.403199999593198, 5478171.433199999853969 ], [ 1761713.691700000315905, 5472165.126799999736249 ], [ 1754255.970300000160933, 5467027.750799999572337 ], [ 1753742.216300000436604, 5462734.057500000111759 ], [ 1749635.5022, 5456079.950500000268221 ], [ 1743834.28969999961555, 5445156.6787 ] ] ] } },
{ "type": "Feature", "properties": { "OBJECTID_1": 261, "OBJECTID": 262, "Fault_ID": 280, "Name": "Otaki Forks: 1", "Name_stat": "published", "Lineage": "Unmodified", "Fault_stat": "A-LS", "DomainName": "North Island Dextral Fault Belt", "Domain_No": 5, "Dip_pref": 75, "Dip_min": 65.0, "Dip_max": 85.0, "Dip_dir": "NW", "Dom_sense": "dextral", "Sub_sense": "reverse", "Rake_pref": 160, "Rake_minus": 140, "Rake_plus": 180, "SR_pref": 0.8, "SR_min": 0.4, "SR_max": 1.2, "SRT_pref": null, "SRT_min": null, "SRT_max": null, "SRT_gen": null, "UpdDth_prf": 0.0, "UpdDth_min": 0.0, "UpdDth_max": 0.0, "Depth_Dfc": 25.7, "Method_Dfc": 3, "Depth_D90": 22.5, "Method_D90": 3.0, "QualCode": 3, "References": "Litchfield et al. 2013, 2014; Robinson et al. 2011", "Comments": null, "CompiledBy": null, "LastUpdate": null, "Shape_Leng": 17047.612453099999, "Shape_Le_1": 17047.612453099999 }, "geometry": { "type": "MultiLineString", "coordinates": [ [ [ 1787462.319500000216067, 5471810.86710000038147 ], [ 1784643.2692, 5467853.133600000292063 ], [ 1780522.514999999664724, 5459420.8048 ], [ 1778177.778099999763072, 5457884.56900000013411 ] ] ] } },
{ "type": "Feature", "properties": { "OBJECTID_1": 262, "OBJECTID": 263, "Fault_ID": 279, "Name": "Otaki Forks: 2", "Name_stat": "published", "Lineage": "Unmodified", "Fault_stat": "A-LS", "DomainName": "North Island Dextral Fault Belt", "Domain_No": 5, "Dip_pref": 90, "Dip_min": 80.0, "Dip_max": 90.0, "Dip_dir": "Subvertical and variable", "Dom_sense": "dextral", "Sub_sense": null, "Rake_pref": 180, "Rake_minus": 160, "Rake_plus": -160, "SR_pref": 0.8, "SR_min": 0.4, "SR_max": 1.2, "SRT_pref": null, "SRT_min": null, "SRT_max": null, "SRT_gen": null, "UpdDth_prf": 0.0, "UpdDth_min": 0.0, "UpdDth_max": 0.0, "Depth_Dfc": 24.1, "Method_Dfc": 3, "Depth_D90": 22.3, "Method_D90": 1.0, "QualCode": 3, "References": "Litchfield et al. 2013, 2014; Robinson et al. 2011", "Comments": null, "CompiledBy": null, "LastUpdate": null, "Shape_Leng": 28486.307705700001, "Shape_Le_1": 28486.307705700001 }, "geometry": { "type": "MultiLineString", "coordinates": [ [ [ 1806109.130800000391901, 5492915.3909 ], [ 1801733.995199999772012, 5487867.1392 ], [ 1798242.718000000342727, 5481872.100599999539554 ], [ 1792383.911899999715388, 5475301.333800000138581 ], [ 1788760.69550000037998, 5473076.810999999754131 ], [ 1787462.319500000216067, 5471810.86710000038147 ] ] ] } },
{ "type": "Feature", "properties": { "OBJECTID_1": 502, "OBJECTID": 504, "Fault_ID": 838, "Name": "Otanomomo", "Name_stat": "informal", "Lineage": "New", "Fault_stat": "A-LS", "DomainName": "Southern South Island", "Domain_No": 21, "Dip_pref": 70, "Dip_min": 55.0, "Dip_max": 85.0, "Dip_dir": "N", "Dom_sense": "reverse", "Sub_sense": "dextral", "Rake_pref": 110, "Rake_minus": 90, "Rake_plus": 130, "SR_pref": 0.09, "SR_min": 0.05, "SR_max": 0.19, "SRT_pref": null, "SRT_min": null, "SRT_max": null, "SRT_gen": "10,000s yrs", "UpdDth_prf": 0.0, "UpdDth_min": 0.0, "UpdDth_max": 0.0, "Depth_Dfc": 31.8, "Method_Dfc": 1, "Depth_D90": 27.5, "Method_D90": 1.0, "QualCode": 3, "References": "Barrell 2021 (CR2020/88)", "Comments": "Indicated offset Clutha river terraces; suggested to rupture together with Clifton Fault", "CompiledBy": "D Barrell", "LastUpdate": "18/11/2020", "Shape_Leng": 10288.6216312, "Shape_Le_1": 10288.6216312 }, "geometry": { "type": "MultiLineString", "coordinates": [ [ [ 1341725.5926, 4868977.197700000368059 ], [ 1351978.217199999839067, 4868117.300099999643862 ] ] ] } },
{ "type": "Feature", "properties": { "OBJECTID_1": 818, "OBJECTID": 821, "Fault_ID": 109, "Name": "Otara East 1", "Name_stat": "published", "Lineage": "Unmodified", "Fault_stat": "N-PS", "DomainName": "Havre Trough - Taupo Rift", "Domain_No": 4, "Dip_pref": 50, "Dip_min": 40.0, "Dip_max": 60.0, "Dip_dir": "SE", "Dom_sense": "normal", "Sub_sense": null, "Rake_pref": -90, "Rake_minus": -110, "Rake_plus": -70, "SR_pref": 3.7, "SR_min": 2.8, "SR_max": 4.65, "SRT_pref": null, "SRT_min": null, "SRT_max": null, "SRT_gen": null, "UpdDth_prf": 0.0, "UpdDth_min": 0.0, "UpdDth_max": 0.0, "Depth_Dfc": 26.2, "Method_Dfc": 1, "Depth_D90": 25.0, "Method_D90": 1.0, "QualCode": 4, "References": "Lamarche and Barnes 2005; Litchfield et al. 2013, 2014", "Comments": null, "CompiledBy": "P Barnes", "LastUpdate": "12/01/2021", "Shape_Leng": 13653.5764698, "Shape_Le_1": 13653.5764698 }, "geometry": { "type": "MultiLineString", "coordinates": [ [ [ 1983225.588999999687076, 5879035.749200000427663 ], [ 1977780.514499999582767, 5866514.91399999987334 ] ] ] } },
{ "type": "Feature", "properties": { "OBJECTID_1": 767, "OBJECTID": 770, "Fault_ID": 98, "Name": "Otara East 2", "Name_stat": "published", "Lineage": "Unmodified", "Fault_stat": "N-PS", "DomainName": "Havre Trough - Taupo Rift", "Domain_No": 4, "Dip_pref": 50, "Dip_min": 40.0, "Dip_max": 60.0, "Dip_dir": "SE", "Dom_sense": "normal", "Sub_sense": null, "Rake_pref": -90, "Rake_minus": -110, "Rake_plus": -70, "SR_pref": 3.0, "SR_min": 2.25, "SR_max": 3.75, "SRT_pref": null, "SRT_min": null, "SRT_max": null, "SRT_gen": null, "UpdDth_prf": 0.0, "UpdDth_min": 0.0, "UpdDth_max": 0.0, "Depth_Dfc": 26.3, "Method_Dfc": 1, "Depth_D90": 25.5, "Method_D90": 1.0, "QualCode": 4, "References": "Lamarche and Barnes 2005; Litchfield et al. 2013, 2014", "Comments": null, "CompiledBy": "P Barnes", "LastUpdate": "11/01/2021", "Shape_Leng": 16298.842385, "Shape_Le_1": 16298.842385 }, "geometry": { "type": "MultiLineString", "coordinates": [ [ [ 1981513.737800000235438, 5880001.7358 ], [ 1991263.14809999987483, 5893063.1776 ] ] ] } },
{ "type": "Feature", "properties": { "OBJECTID_1": 765, "OBJECTID": 768, "Fault_ID": 115, "Name": "Otara West 1", "Name_stat": "published", "Lineage": "Unmodified", "Fault_stat": "N-PS", "DomainName": "Havre Trough - Taupo Rift", "Domain_No": 4, "Dip_pref": 50, "Dip_min": 40.0, "Dip_max": 60.0, "Dip_dir": "NW", "Dom_sense": "normal", "Sub_sense": null, "Rake_pref": -90, "Rake_minus": -110, "Rake_plus": -70, "SR_pref": 2.0, "SR_min": 1.5, "SR_max": 2.5, "SRT_pref": null, "SRT_min": null, "SRT_max": null, "SRT_gen": null, "UpdDth_prf": 0.0, "UpdDth_min": 0.0, "UpdDth_max": 0.0, "Depth_Dfc": 27.9, "Method_Dfc": 1, "Depth_D90": 25.9, "Method_D90": 1.0, "QualCode": 4, "References": "Lamarche and Barnes 2005; Litchfield et al. 2013, 2014", "Comments": null, "CompiledBy": "P Barnes", "LastUpdate": "11/01/2021", "Shape_Leng": 13685.545071799999, "Shape_Le_1": 13685.545071799999 }, "geometry": { "type": "MultiLineString", "coordinates": [ [ [ 1974785.949300000444055, 5862743.00899999961257 ], [ 1975511.41509999986738, 5867427.1869 ], [ 1979863.372000000439584, 5875242.737200000323355 ] ] ] } },
{ "type": "Feature", "properties": { "OBJECTID_1": 766, "OBJECTID": 769, "Fault_ID": 103, "Name": "Otara West 2", "Name_stat": "published", "Lineage": "Unmodified", "Fault_stat": "N-PS", "DomainName": "Havre Trough - Taupo Rift", "Domain_No": 4, "Dip_pref": 50, "Dip_min": 40.0, "Dip_max": 60.0, "Dip_dir": "NW", "Dom_sense": "normal", "Sub_sense": null, "Rake_pref": -90, "Rake_minus": -110, "Rake_plus": -70, "SR_pref": 2.25, "SR_min": 1.7, "SR_max": 2.8, "SRT_pref": null, "SRT_min": null, "SRT_max": null, "SRT_gen": null, "UpdDth_prf": 0.0, "UpdDth_min": 0.0, "UpdDth_max": 0.0, "Depth_Dfc": 28.0, "Method_Dfc": 1, "Depth_D90": 26.7, "Method_D90": 1.0, "QualCode": 4, "References": "Lamarche and Barnes 2005; Litchfield et al. 2013, 2014", "Comments": null, "CompiledBy": "P Barnes", "LastUpdate": "11/01/2021", "Shape_Leng": 20647.9662995, "Shape_Le_1": 20647.9662995 }, "geometry": { "type": "MultiLineString", "coordinates": [ [ [ 1974220.725599999539554, 5867625.84389999974519 ], [ 1976401.291600000113249, 5873950.597400000318885 ], [ 1982847.7697, 5886330.625 ] ] ] } },
{ "type": "Feature", "properties": { "OBJECTID_1": 816, "OBJECTID": 819, "Fault_ID": 99, "Name": "Otara West 3", "Name_stat": "published", "Lineage": "Modified", "Fault_stat": "N-PS", "DomainName": "Havre Trough - Taupo Rift", "Domain_No": 4, "Dip_pref": 50, "Dip_min": 40.0, "Dip_max": 60.0, "Dip_dir": "SE", "Dom_sense": "normal", "Sub_sense": null, "Rake_pref": -90, "Rake_minus": -110, "Rake_plus": -70, "SR_pref": 2.0, "SR_min": 1.5, "SR_max": 2.5, "SRT_pref": null, "SRT_min": null, "SRT_max": null, "SRT_gen": null, "UpdDth_prf": 0.0, "UpdDth_min": 0.0, "UpdDth_max": 0.0, "Depth_Dfc": 26.4, "Method_Dfc": 1, "Depth_D90": 24.8, "Method_D90": 1.0, "QualCode": 4, "References": "Barnes CFM compilation", "Comments": null, "CompiledBy": "P Barnes", "LastUpdate": "12/01/2021", "Shape_Leng": 19888.232888899998, "Shape_Le_1": 19888.232888899998 }, "geometry": { "type": "MultiLineString", "coordinates": [ [ [ 1983305.0926, 5890083.515800000168383 ], [ 1973527.244699999690056, 5882309.9912 ], [ 1969464.427000000141561, 5881551.598600000143051 ], [ 1966349.60010000038892, 5880576.522300000302494 ] ] ] } },
{ "type": "Feature", "properties": { "OBJECTID_1": 173, "OBJECTID": 174, "Fault_ID": 408, "Name": "Otaraia", "Name_stat": "published", "Lineage": "Unmodified", "Fault_stat": "A-LS", "DomainName": "Hikurangi accretionary margin", "Domain_No": 7, "Dip_pref": 60, "Dip_min": 50.0, "Dip_max": 70.0, "Dip_dir": "SE", "Dom_sense": "reverse", "Sub_sense": null, "Rake_pref": 90, "Rake_minus": 70, "Rake_plus": 110, "SR_pref": 0.2, "SR_min": 0.1, "SR_max": 0.3, "SRT_pref": null, "SRT_min": null, "SRT_max": null, "SRT_gen": null, "UpdDth_prf": 0.0, "UpdDth_min": 0.0, "UpdDth_max": 0.0, "Depth_Dfc": 17.1, "Method_Dfc": 3, "Depth_D90": 15.3, "Method_D90": 1.0, "QualCode": 3, "References": "Litchfield et al. 2013, 2014; Nicol et al. 2002; Robinson et al. 2011", "Comments": null, "CompiledBy": null, "LastUpdate": null, "Shape_Leng": 34849.922091799999, "Shape_Le_1": 34849.922091799999 }, "geometry": { "type": "MultiLineString", "coordinates": [ [ [ 1797648.622899999842048, 5429063.578200000338256 ], [ 1793226.943199999630451, 5425105.35149999987334 ], [ 1788791.798100000247359, 5419009.292500000447035 ], [ 1784100.3229, 5412275.128700000233948 ], [ 1780363.376199999824166, 5406625.544499999843538 ], [ 1776478.992600000463426, 5401544.503499999642372 ] ] ] } },
{ "type": "Feature", "properties": { "OBJECTID_1": 509, "OBJECTID": 511, "Fault_ID": 320, "Name": "Pa Valley", "Name_stat": "published", "Lineage": "New", "Fault_stat": "A-LS", "DomainName": "North Island Dextral Fault Belt", "Domain_No": 5, "Dip_pref": 80, "Dip_min": 70.0, "Dip_max": 90.0, "Dip_dir": "NW", "Dom_sense": "dextral", "Sub_sense": "reverse", "Rake_pref": 160, "Rake_minus": 140, "Rake_plus": 180, "SR_pref": 1.5, "SR_min": 1.0, "SR_max": 2.0, "SRT_pref": null, "SRT_min": "10 000", "SRT_max": "12 000", "SRT_gen": "10,000s yrs", "UpdDth_prf": 0.0, "UpdDth_min": 0.0, "UpdDth_max": 0.0, "Depth_Dfc": 19.5, "Method_Dfc": 3, "Depth_D90": 17.9, "Method_D90": 1.0, "QualCode": 3, "References": "Beanland 1995; Tararua DC overview 2021; Schermer et al. 2004", "Comments": "Pa Valley had dropped off Litchfield et al. (2014); here I give it 1 mm/yr - which means subtracting 0.5+0.5 off faults to the east", "CompiledBy": "R Langridge", "LastUpdate": "11/12/2020", "Shape_Leng": 25249.2382301, "Shape_Le_1": 25249.2382301 }, "geometry": { "type": "MultiLineString", "coordinates": [ [ [ 1833340.2758, 5485498.619199999608099 ], [ 1835755.926400000229478, 5490417.233199999667704 ], [ 1838433.515100000426173, 5493880.635900000110269 ], [ 1841576.7714, 5497460.4556 ], [ 1843177.5038, 5500370.878100000321865 ], [ 1844545.402300000190735, 5502524.590699999593198 ], [ 1848532.681099999696016, 5505114.86670000012964 ] ] ] } },
{ "type": "Feature", "properties": { "OBJECTID_1": 474, "OBJECTID": 476, "Fault_ID": 769, "Name": "Paddys Ridge", "Name_stat": "informal", "Lineage": "New", "Fault_stat": "N-PS", "DomainName": "Otago", "Domain_No": 20, "Dip_pref": 60, "Dip_min": 40.0, "Dip_max": 70.0, "Dip_dir": "SE", "Dom_sense": "reverse", "Sub_sense": "dextral", "Rake_pref": 110, "Rake_minus": 90, "Rake_plus": 130, "SR_pref": 0.05, "SR_min": 0.01, "SR_max": 0.1, "SRT_pref": null, "SRT_min": null, "SRT_max": null, "SRT_gen": "≥ 1 Ma", "UpdDth_prf": 0.0, "UpdDth_min": 0.0, "UpdDth_max": 0.0, "Depth_Dfc": 28.0, "Method_Dfc": 1, "Depth_D90": 23.3, "Method_D90": 1.0, "QualCode": 3, "References": "Barrell 2019 (CR2018/207)", "Comments": "Formerly SE Cardrona Fault (Beanland and Barrow-Hurlbert 1988), the new name avoids possible confusion with the 'NW Cardona Fault' (Barrell 2019). Major fault in bedrock, peneplain offset; nominal slip rates inferred (no known Late Quaternary scarps).", "CompiledBy": "D Barrell", "LastUpdate": "18/11/2020", "Shape_Leng": 20856.754666100001, "Shape_Le_1": 20856.754666100001 }, "geometry": { "type": "MultiLineString", "coordinates": [ [ [ 1284744.51410000026226, 5022134.959499999880791 ], [ 1287258.0608, 5023061.002999999560416 ], [ 1289044.001899999566376, 5024979.236100000329316 ], [ 1290433.067099999636412, 5027492.782700000330806 ], [ 1292351.300099999643862, 5033115.189799999818206 ], [ 1293674.219499999657273, 5035761.028400000184774 ], [ 1295394.014600000344217, 5039134.472699999809265 ] ] ] } },
{ "type": "Feature", "properties": { "OBJECTID_1": 77, "OBJECTID": 78, "Fault_ID": 207, "Name": "Paeroa", "Name_stat": "published", "Lineage": "Modified", "Fault_stat": "A-LS", "DomainName": "Havre Trough - Taupo Rift", "Domain_No": 4, "Dip_pref": 60, "Dip_min": 50.0, "Dip_max": 70.0, "Dip_dir": "NW", "Dom_sense": "normal", "Sub_sense": null, "Rake_pref": -90, "Rake_minus": -110, "Rake_plus": -70, "SR_pref": 1.8, "SR_min": 1.4, "SR_max": 2.2, "SRT_pref": "360 000", "SRT_min": null, "SRT_max": null, "SRT_gen": "100,000s yrs", "UpdDth_prf": 0.0, "UpdDth_min": 0.0, "UpdDth_max": 0.0, "Depth_Dfc": 12.2, "Method_Dfc": 1, "Depth_D90": 9.9, "Method_D90": 1.0, "QualCode": 1, "References": "Berryman et al. 2008; Villamor and Berryman 2001", "Comments": "Extended northern fault tip", "CompiledBy": "P Villamor", "LastUpdate": "29/10/2020", "Shape_Leng": 28738.843411999998, "Shape_Le_1": 28738.843411999998 }, "geometry": { "type": "MultiLineString", "coordinates": [ [ [ 1877499.807300000451505, 5740513.670400000177324 ], [ 1878896.00690000038594, 5741319.238800000399351 ], [ 1879906.097799999639392, 5743233.431599999777973 ], [ 1881811.552899999544024, 5745456.27419999986887 ], [ 1883345.0197, 5746378.89780000038445 ], [ 1885724.073400000110269, 5749177.87430000025779 ], [ 1890578.642199999652803, 5754376.330900000408292 ], [ 1897529.016800000332296, 5760792.348899999633431 ] ] ] } },
{ "type": "Feature", "properties": { "OBJECTID_1": 571, "OBJECTID": 573, "Fault_ID": 413, "Name": "Pahaua", "Name_stat": "published", "Lineage": "Unmodified", "Fault_stat": "N-PS", "DomainName": "Hikurangi accretionary margin", "Domain_No": 7, "Dip_pref": 40, "Dip_min": 30.0, "Dip_max": 50.0, "Dip_dir": "NW", "Dom_sense": "reverse", "Sub_sense": null, "Rake_pref": 90, "Rake_minus": 70, "Rake_plus": 110, "SR_pref": 1.5, "SR_min": 0.5, "SR_max": 2.5, "SRT_pref": null, "SRT_min": null, "SRT_max": null, "SRT_gen": null, "UpdDth_prf": 0.0, "UpdDth_min": 0.0, "UpdDth_max": 0.5, "Depth_Dfc": 12.2, "Method_Dfc": 3, "Depth_D90": 12.2, "Method_D90": 3.0, "QualCode": 3, "References": "Barnes et al. 2010; Plaza-Faverola et al. 2012; Micallef et al. 2014; Litchfield et al. 2013, 2014", "Comments": "Linework adjusted", "CompiledBy": "P Barnes", "LastUpdate": "13/11/2020", "Shape_Leng": 135174.741289, "Shape_Le_1": 135174.741289 }, "geometry": { "type": "MultiLineString", "coordinates": [ [ [ 1901060.338700000196695, 5411951.241600000299513 ], [ 1891409.262299999594688, 5404973.248800000175834 ], [ 1880736.511300000362098, 5401963.3755 ], [ 1846228.752000000327826, 5377442.559299999848008 ], [ 1834339.933000000193715, 5376115.2758 ], [ 1813574.3383, 5373242.588100000284612 ], [ 1800375.558400000445545, 5366965.258399999700487 ], [ 1792849.885700000450015, 5364359.495400000363588 ], [ 1780755.228199999779463, 5356659.046699999831617 ] ] ] } },
{ "type": "Feature", "properties": { "OBJECTID_1": 125, "OBJECTID": 126, "Fault_ID": 312, "Name": "Pahiatua", "Name_stat": "published", "Lineage": "Modified", "Fault_stat": "A-LS", "DomainName": "North Island Dextral Fault Belt", "Domain_No": 5, "Dip_pref": 70, "Dip_min": 60.0, "Dip_max": 80.0, "Dip_dir": "NW", "Dom_sense": "reverse", "Sub_sense": "dextral", "Rake_pref": 110, "Rake_minus": 90, "Rake_plus": 130, "SR_pref": 0.4, "SR_min": 0.2, "SR_max": 0.6, "SRT_pref": null, "SRT_min": null, "SRT_max": null, "SRT_gen": null, "UpdDth_prf": 0.0, "UpdDth_min": 0.0, "UpdDth_max": 0.0, "Depth_Dfc": 25.6, "Method_Dfc": 3, "Depth_D90": 23.5, "Method_D90": 3.0, "QualCode": 3, "References": "Lee and Begg 2002; Litchfield et al. 2014; Robinson et al. 2011", "Comments": null, "CompiledBy": null, "LastUpdate": null, "Shape_Leng": 32655.266366600001, "Shape_Le_1": 32655.266366600001 }, "geometry": { "type": "MultiLineString", "coordinates": [ [ [ 1859974.894999999552965, 5543902.13300000037998 ], [ 1857638.3004, 5537869.010300000198185 ], [ 1854011.576299999840558, 5531323.375099999830127 ], [ 1851102.626899999566376, 5528275.74100000038743 ], [ 1846339.866100000217557, 5523054.347299999557436 ], [ 1841238.5932, 5517663.50719999987632 ] ] ] } },
{ "type": "Feature", "properties": { "OBJECTID_1": 172, "OBJECTID": 173, "Fault_ID": 357, "Name": "Pakarae", "Name_stat": "published", "Lineage": "Unmodified", "Fault_stat": "A-LS", "DomainName": "Hikurangi accretionary margin", "Domain_No": 7, "Dip_pref": 60, "Dip_min": 50.0, "Dip_max": 70.0, "Dip_dir": "E", "Dom_sense": "normal", "Sub_sense": null, "Rake_pref": -90, "Rake_minus": -110, "Rake_plus": -70, "SR_pref": 2.4, "SR_min": 2.2, "SR_max": 2.6, "SRT_pref": null, "SRT_min": null, "SRT_max": null, "SRT_gen": "1000s yrs", "UpdDth_prf": 0.0, "UpdDth_min": 0.0, "UpdDth_max": 0.0, "Depth_Dfc": 11.8, "Method_Dfc": 3, "Depth_D90": 11.8, "Method_D90": 3.0, "QualCode": 2, "References": "Litchfield et al. 2013, 2014; Ota et al. 1991; Wilson et al. 2006", "Comments": null, "CompiledBy": null, "LastUpdate": null, "Shape_Leng": 4457.7369933500004, "Shape_Le_1": 4457.7369933500004 }, "geometry": { "type": "MultiLineString", "coordinates": [ [ [ 2059122.231100000441074, 5718871.488800000399351 ], [ 2059115.693900000303984, 5723329.221 ] ] ] } },
{ "type": "Feature", "properties": { "OBJECTID_1": 608, "OBJECTID": 610, "Fault_ID": 411, "Name": "Palliser - Kaiwhata", "Name_stat": "published", "Lineage": "Unmodified", "Fault_stat": "N-PS", "DomainName": "Hikurangi accretionary margin", "Domain_No": 7, "Dip_pref": 40, "Dip_min": 30.0, "Dip_max": 50.0, "Dip_dir": "NW", "Dom_sense": "dextral and reverse", "Sub_sense": null, "Rake_pref": 135, "Rake_minus": 115, "Rake_plus": 155, "SR_pref": 5.0, "SR_min": 3.0, "SR_max": 7.0, "SRT_pref": null, "SRT_min": null, "SRT_max": null, "SRT_gen": "1000s yrs", "UpdDth_prf": 0.0, "UpdDth_min": 0.0, "UpdDth_max": 0.0, "Depth_Dfc": 15.4, "Method_Dfc": 3, "Depth_D90": 15.4, "Method_D90": 3.0, "QualCode": 3, "References": "Barnes et al. 1998; Berryman et al. 2011; Mountjoy et al. 2009; Wallace et al. 2012; Litchfield et al. 2013, 2014; Litchfield and Clark 2015", "Comments": "Ends lengthened. Qual. code reduced", "CompiledBy": "P Barnes", "LastUpdate": "13/11/2020", "Shape_Leng": 72225.060137799999, "Shape_Le_1": 72225.060137799999 }, "geometry": { "type": "MultiLineString", "coordinates": [ [ [ 1860937.218100000172853, 5419855.311200000345707 ], [ 1853782.018400000408292, 5418759.681400000117719 ], [ 1820900.169300000183284, 5402962.977800000458956 ], [ 1808450.719100000336766, 5395312.3816 ], [ 1796357.626000000163913, 5388469.9781 ] ] ] } },
{ "type": "Feature", "properties": { "OBJECTID_1": 852, "OBJECTID": 855, "Fault_ID": 670, "Name": "Pancake", "Name_stat": "informal", "Lineage": "New", "Fault_stat": "A-LS", "DomainName": "Central Canterbury", "Domain_No": 18, "Dip_pref": 45, "Dip_min": 35.0, "Dip_max": 50.0, "Dip_dir": "SE", "Dom_sense": "dextral and reverse", "Sub_sense": null, "Rake_pref": 135, "Rake_minus": 115, "Rake_plus": 155, "SR_pref": 0.5, "SR_min": 0.35, "SR_max": 0.65, "SRT_pref": null, "SRT_min": null, "SRT_max": null, "SRT_gen": "10,000s yrs", "UpdDth_prf": 0.0, "UpdDth_min": 0.0, "UpdDth_max": 0.0, "Depth_Dfc": 28.3, "Method_Dfc": 1, "Depth_D90": 24.9, "Method_D90": 1.0, "QualCode": 3, "References": "Forsyth et al. 2008 (Chch QMAP);  Noble 2011; Barrell and Townsend 2012 (CR2012/113); Barrell CFM compilation", "Comments": "Accommodates a redefinition of part of the Esk2017 source. This source represents the SE dipping strucutre on SE side of upper Waitohi valley. Pref SR is based on nominal  5 m vertical uplift of ~18 ka landforms.", "CompiledBy": "D Barrell", "LastUpdate": "12/02/2021", "Shape_Leng": 23828.127131599998, "Shape_Le_1": 23828.127131599998 }, "geometry": { "type": "MultiLineString", "coordinates": [ [ [ 1533466.480399999767542, 5229831.1837 ], [ 1533069.604600000195205, 5231775.875099999830127 ], [ 1533413.563699999824166, 5233694.108099999837577 ], [ 1534280.075799999758601, 5236733.5152000002563 ], [ 1535483.932400000281632, 5238572.373100000433624 ], [ 1541130.152200000360608, 5241342.078099999576807 ], [ 1542874.4572, 5244415.571399999782443 ], [ 1546124.925800000317395, 5247828.588700000196695 ] ] ] } },
{ "type": "Feature", "properties": { "OBJECTID_1": 33, "OBJECTID": 34, "Fault_ID": 505, "Name": "Paparoa West", "Name_stat": "published", "Lineage": "Modified", "Fault_stat": "A-LS", "DomainName": "Northwestern South Island", "Domain_No": 13, "Dip_pref": 60, "Dip_min": 50.0, "Dip_max": 70.0, "Dip_dir": "SE", "Dom_sense": "reverse", "Sub_sense": null, "Rake_pref": 90, "Rake_minus": 70, "Rake_plus": 110, "SR_pref": 1.5, "SR_min": 1.25, "SR_max": 2.5, "SRT_pref": "2-4 Ma", "SRT_min": null, "SRT_max": null, "SRT_gen": "≥ 1 Ma", "UpdDth_prf": 0.0, "UpdDth_min": 0.0, "UpdDth_max": 0.0, "Depth_Dfc": 22.0, "Method_Dfc": 1, "Depth_D90": 17.4, "Method_D90": 1.0, "QualCode": 2, "References": "Nathan et al. 2002; Ghisetti, Sibson, Hamling 2016; Barnes & Ghisetti 2016", "Comments": "Line work modified as per Ghisetti et al. CFM update. SR pref lower end of max/min range provided in Ghisetti et al. update", "CompiledBy": "F Ghisetti", "LastUpdate": "18/11/2020", "Shape_Leng": 63737.697105599997, "Shape_Le_1": 63737.697105599997 }, "geometry": { "type": "MultiLineString", "coordinates": [ [ [ 1461044.28899999987334, 5321399.495799999684095 ], [ 1468398.836799999698997, 5334044.438699999824166 ], [ 1476044.438400000333786, 5342733.023400000296533 ], [ 1478622.240000000223517, 5350053.907100000418723 ], [ 1480134.338399999774992, 5356055.187800000421703 ], [ 1481507.000900000333786, 5361287.4545 ], [ 1483238.0203, 5365208.041299999691546 ], [ 1490049.844499999657273, 5371967.250799999572337 ], [ 1492686.709300000220537, 5375356.720200000330806 ] ] ] } },
{ "type": "Feature", "properties": { "OBJECTID_1": 544, "OBJECTID": 546, "Fault_ID": 504, "Name": "Paparoa West: North", "Name_stat": "published", "Lineage": "Modified", "Fault_stat": "N-PS", "DomainName": "Northwestern South Island", "Domain_No": 13, "Dip_pref": 60, "Dip_min": 50.0, "Dip_max": 70.0, "Dip_dir": "SE", "Dom_sense": "reverse", "Sub_sense": null, "Rake_pref": 90, "Rake_minus": 70, "Rake_plus": 110, "SR_pref": 0.3, "SR_min": 0.2, "SR_max": 0.5, "SRT_pref": "4 Ma", "SRT_min": null, "SRT_max": null, "SRT_gen": "≥ 1 Ma", "UpdDth_prf": 0.0, "UpdDth_min": 0.0, "UpdDth_max": 0.0, "Depth_Dfc": 20.6, "Method_Dfc": 1, "Depth_D90": 16.3, "Method_D90": 1.0, "QualCode": 2, "References": "Ghisetti, Barnes and Sibson 2014; Ghisetti, Sibson and Hamling 2016; Barnes & Ghisetti 2016", "Comments": "Line work modified as per Ghisetti et al. CFM update. SR from Kongahu", "CompiledBy": "F Ghisetti", "LastUpdate": "12/02/2021", "Shape_Leng": 16062.733246199999, "Shape_Le_1": 16062.733246199999 }, "geometry": { "type": "MultiLineString", "coordinates": [ [ [ 1492686.709300000220537, 5375356.720200000330806 ], [ 1493710.886199999600649, 5378016.53899999987334 ], [ 1496674.166500000283122, 5381617.338999999687076 ], [ 1498184.8498, 5383475.8185 ], [ 1501264.091, 5386321.450000000186265 ], [ 1502124.362099999561906, 5388084.134700000286102 ] ] ] } },
{ "type": "Feature", "properties": { "OBJECTID_1": 361, "OBJECTID": 362, "Fault_ID": 581, "Name": "Papatea", "Name_stat": "published", "Lineage": "New", "Fault_stat": "A-LS", "DomainName": "Marlborough Fault System", "Domain_No": 14, "Dip_pref": 60, "Dip_min": 50.0, "Dip_max": 70.0, "Dip_dir": "SW", "Dom_sense": "reverse", "Sub_sense": "sinistral", "Rake_pref": 70, "Rake_minus": 50, "Rake_plus": 90, "SR_pref": 1.5, "SR_min": 1.0, "SR_max": 2.0, "SRT_pref": null, "SRT_min": null, "SRT_max": null, "SRT_gen": "10,000s yrs", "UpdDth_prf": 0.0, "UpdDth_min": 0.0, "UpdDth_max": 0.0, "Depth_Dfc": 27.0, "Method_Dfc": 1, "Depth_D90": 21.3, "Method_D90": 1.0, "QualCode": 2, "References": "Langridge et al. 2018; Litchfield et al. 2018; Howell et al. 2020; Goded et al. 2018", "Comments": "South end modified slightly to join with the Hope Fault", "CompiledBy": "R Van Dissen, N Litchfield", "LastUpdate": "06/10/2020", "Shape_Leng": 17882.091117600001, "Shape_Le_1": 17882.091117600001 }, "geometry": { "type": "MultiLineString", "coordinates": [ [ [ 1667518.067099999636412, 5339043.904799999669194 ], [ 1671222.342000000178814, 5336045.521099999547005 ], [ 1671779.9134, 5334892.920199999585748 ], [ 1671465.643400000408292, 5333142.834099999628961 ], [ 1672754.376500000245869, 5327967.577600000426173 ], [ 1672741.509200000204146, 5323242.972900000400841 ] ] ] } },
{ "type": "Feature", "properties": { "OBJECTID_1": 465, "OBJECTID": 467, "Fault_ID": 24, "Name": "Parihaka", "Name_stat": "published", "Lineage": "New", "Fault_stat": "A-LS", "DomainName": "western North Island", "Domain_No": 3, "Dip_pref": 60, "Dip_min": 50.0, "Dip_max": 70.0, "Dip_dir": "SE", "Dom_sense": "normal", "Sub_sense": "dextral", "Rake_pref": -110, "Rake_minus": -130, "Rake_plus": -90, "SR_pref": 0.4, "SR_min": 0.1, "SR_max": 0.4, "SRT_pref": null, "SRT_min": null, "SRT_max": null, "SRT_gen": "100,000s yrs", "UpdDth_prf": 0.0, "UpdDth_min": 0.0, "UpdDth_max": 0.0, "Depth_Dfc": 22.1, "Method_Dfc": 1, "Depth_D90": 16.9, "Method_D90": 1.0, "QualCode": 1, "References": "Giba et al. 2010; Cameron 2016", "Comments": "Pleistocene length of fault from Giba et al 2010, 2012. SR inferred from Turi", "CompiledBy": "H Seebeck", "LastUpdate": "12/11/2020", "Shape_Leng": 31068.480502499999, "Shape_Le_1": 31068.480502499999 }, "geometry": { "type": "MultiLineString", "coordinates": [ [ [ 1661471.6162, 5696229.7418 ], [ 1663233.576399999670684, 5700642.469700000248849 ], [ 1664607.362599999643862, 5704784.82039999961853 ], [ 1664979.829900000244379, 5709056.236499999649823 ], [ 1664599.7971, 5713117.8931 ], [ 1664524.861100000329316, 5715091.438500000163913 ], [ 1664888.760700000450015, 5716773.0071 ], [ 1666422.748200000263751, 5717870.917000000365078 ], [ 1671829.454900000244379, 5720507.639600000344217 ], [ 1673436.494800000451505, 5721678.789800000376999 ] ] ] } },
{ "type": "Feature", "properties": { "OBJECTID_1": 130, "OBJECTID": 131, "Fault_ID": 304, "Name": "Patoka - Rangiora", "Name_stat": "published", "Lineage": "Modified", "Fault_stat": "A-LS", "DomainName": "North Island Dextral Fault Belt", "Domain_No": 5, "Dip_pref": 80, "Dip_min": 70.0, "Dip_max": 90.0, "Dip_dir": "NW", "Dom_sense": "dextral", "Sub_sense": "reverse", "Rake_pref": 160, "Rake_minus": 140, "Rake_plus": 180, "SR_pref": 4.0, "SR_min": 2.0, "SR_max": 6.0, "SRT_pref": null, "SRT_min": null, "SRT_max": null, "SRT_gen": "1000s yrs", "UpdDth_prf": 0.0, "UpdDth_min": 0.0, "UpdDth_max": 0.0, "Depth_Dfc": 30.6, "Method_Dfc": 3, "Depth_D90": 23.3, "Method_D90": 1.0, "QualCode": 3, "References": "Litchfield et al. 2005; Langridge et al. (unpublished); Halliday 2003; Cutten et al. 1988", "Comments": "Reduced S end from Litchfield et al. in the area of Mohaka S to N junction", "CompiledBy": "R Langridge", "LastUpdate": "17/03/2021", "Shape_Leng": 65470.872364900002, "Shape_Le_1": 65470.872364900002 }, "geometry": { "type": "MultiLineString", "coordinates": [ [ [ 1938861.901200000196695, 5674637.973600000143051 ], [ 1931605.35329999960959, 5655763.399299999698997 ], [ 1914059.235100000165403, 5644527.590800000354648 ], [ 1904730.423100000247359, 5630076.3591 ], [ 1899468.206600000150502, 5625142.572700000368059 ] ] ] } },
{ "type": "Feature", "properties": { "OBJECTID_1": 200, "OBJECTID": 201, "Fault_ID": 654, "Name": "Pegasus Bay", "Name_stat": "published", "Lineage": "Modified", "Fault_stat": "A-LS", "DomainName": "Northeastern Canterbury", "Domain_No": 17, "Dip_pref": 55, "Dip_min": 35.0, "Dip_max": 70.0, "Dip_dir": "SE", "Dom_sense": "reverse", "Sub_sense": "dextral", "Rake_pref": 110, "Rake_minus": 90, "Rake_plus": 130, "SR_pref": 0.25, "SR_min": 0.125, "SR_max": 0.5, "SRT_pref": "120 ka", "SRT_min": "100 ka", "SRT_max": "140 ka", "SRT_gen": "100,000s yrs", "UpdDth_prf": 0.0, "UpdDth_min": 0.0, "UpdDth_max": 0.0, "Depth_Dfc": 23.2, "Method_Dfc": 1, "Depth_D90": 13.9, "Method_D90": 1.0, "QualCode": 1, "References": "Barnes 1996; Barnes et al. 2016", "Comments": "Position & Rake editied following CFM workshop", "CompiledBy": "P Barnes", "LastUpdate": "25/11/2020", "Shape_Leng": 36689.864973199998, "Shape_Le_1": 36689.864973199998 }, "geometry": { "type": "MultiLineString", "coordinates": [ [ [ 1577238.782200000248849, 5202070.411999999545515 ], [ 1584367.704300000332296, 5202495.311599999666214 ], [ 1588884.849999999627471, 5205182.498599999584258 ], [ 1596666.800300000235438, 5207154.898400000296533 ], [ 1603732.364400000311434, 5212000.077600000426173 ], [ 1611296.969399999827147, 5213421.575899999588728 ] ] ] } },
{ "type": "Feature", "properties": { "OBJECTID_1": 340, "OBJECTID": 341, "Fault_ID": 37, "Name": "Pihama", "Name_stat": "published", "Lineage": "Modified", "Fault_stat": "A-LS", "DomainName": "western North Island", "Domain_No": 3, "Dip_pref": 65, "Dip_min": 55.0, "Dip_max": 75.0, "Dip_dir": "NW", "Dom_sense": "normal", "Sub_sense": null, "Rake_pref": -90, "Rake_minus": -110, "Rake_plus": -70, "SR_pref": 0.17, "SR_min": 0.13, "SR_max": 0.21, "SRT_pref": "28 000", "SRT_min": null, "SRT_max": null, "SRT_gen": "10,000s yrs", "UpdDth_prf": 0.0, "UpdDth_min": 0.0, "UpdDth_max": 0.0, "Depth_Dfc": 26.6, "Method_Dfc": 1, "Depth_D90": 21.5, "Method_D90": 1.0, "QualCode": 1, "References": "Townsend et al. 2010", "Comments": "Representative fault source. Likely bending related fault associated with Cape Egmont Fault  crestal collapse graben. 25 km length max length of faults associated with collapse graben", "CompiledBy": "H Seebeck", "LastUpdate": "28/04/2021", "Shape_Leng": 25335.7193554, "Shape_Le_1": 25335.7193554 }, "geometry": { "type": "MultiLineString", "coordinates": [ [ [ 1680701.583100000396371, 5629172.261699999682605 ], [ 1670577.226800000295043, 5618600.094700000248849 ], [ 1663438.0, 5610633.226599999703467 ] ] ] } },
{ "type": "Feature", "properties": { "OBJECTID_1": 39, "OBJECTID": 40, "Fault_ID": 772, "Name": "Pisa", "Name_stat": "published", "Lineage": "Modified", "Fault_stat": "N-PS", "DomainName": "Otago", "Domain_No": 20, "Dip_pref": 45, "Dip_min": 30.0, "Dip_max": 60.0, "Dip_dir": "W", "Dom_sense": "reverse", "Sub_sense": "dextral", "Rake_pref": 110, "Rake_minus": 90, "Rake_plus": 130, "SR_pref": 0.1, "SR_min": 0.02, "SR_max": 0.43, "SRT_pref": null, "SRT_min": null, "SRT_max": null, "SRT_gen": "100,000s yrs", "UpdDth_prf": 0.0, "UpdDth_min": 0.0, "UpdDth_max": 0.0, "Depth_Dfc": 28.9, "Method_Dfc": 1, "Depth_D90": 24.2, "Method_D90": 1.0, "QualCode": 3, "References": "Barrell 2019 (CR2018/207), and references therein; Beanland and Berryman 1989", "Comments": "End-points revised, shortened to north (see Cluden Fault Zone) and lengthened to south to include Carrick and Bannockburn fault strands; Pisa fault source positioned midway between those strands. NZAFM slip rates retained.", "CompiledBy": "D Barrell", "LastUpdate": "11/18/2020", "Shape_Leng": 48515.178055900004, "Shape_Le_1": 48515.178055900004 }, "geometry": { "type": "MultiLineString", "coordinates": [ [ [ 1310448.816800000146031, 5028532.079 ], [ 1308424.750199999660254, 5025515.822999999858439 ], [ 1303958.895200000144541, 5017229.984299999661744 ], [ 1300485.685499999672174, 5013728.223199999891222 ], [ 1296546.588499999605119, 5004395.416199999861419 ], [ 1298530.967400000430644, 4996457.900299999862909 ], [ 1301309.098000000230968, 4984551.626500000245869 ] ] ] } },
{ "type": "Feature", "properties": { "OBJECTID_1": 134, "OBJECTID": 135, "Fault_ID": 485, "Name": "Pohangina", "Name_stat": "published", "Lineage": "New", "Fault_stat": "A-LS", "DomainName": "Kapiti-Manawatu", "Domain_No": 12, "Dip_pref": 60, "Dip_min": 45.0, "Dip_max": 75.0, "Dip_dir": "NW", "Dom_sense": "reverse", "Sub_sense": "dextral", "Rake_pref": 110, "Rake_minus": 90, "Rake_plus": 130, "SR_pref": 0.3, "SR_min": 0.2, "SR_max": 0.4, "SRT_pref": null, "SRT_min": null, "SRT_max": null, "SRT_gen": "10,000s yrs", "UpdDth_prf": 0.0, "UpdDth_min": 0.0, "UpdDth_max": 0.0, "Depth_Dfc": 38.0, "Method_Dfc": 1, "Depth_D90": 29.3, "Method_D90": 1.0, "QualCode": 2, "References": "Langridge and Morgenstern 2020a; Langridge and Morgenstern 2020b; Buxton and Langridge 2019", "Comments": "replaces Pohangina Anticline and Ruahine Reverse as a single fault zone", "CompiledBy": "R Langridge, R Morgenstern", "LastUpdate": "25/11/2020", "Shape_Leng": 41445.511941299999, "Shape_Le_1": 41445.511941299999 }, "geometry": { "type": "MultiLineString", "coordinates": [ [ [ 1826105.3328, 5529058.55379999987781 ], [ 1832983.115199999883771, 5537882.744 ], [ 1841191.311099999584258, 5550632.657999999821186 ], [ 1850797.9633, 5562274.8185 ] ] ] } },
{ "type": "Feature", "properties": { "OBJECTID_1": 205, "OBJECTID": 206, "Fault_ID": 644, "Name": "Point Gibson", "Name_stat": "published", "Lineage": "Unmodified", "Fault_stat": "A-LS", "DomainName": "Northeastern Canterbury", "Domain_No": 17, "Dip_pref": 55, "Dip_min": 45.0, "Dip_max": 65.0, "Dip_dir": "SE", "Dom_sense": "reverse", "Sub_sense": null, "Rake_pref": 90, "Rake_minus": 70, "Rake_plus": 110, "SR_pref": 0.25, "SR_min": 0.125, "SR_max": 0.5, "SRT_pref": null, "SRT_min": "200 ka", "SRT_max": "450 ka", "SRT_gen": "100,000s yrs", "UpdDth_prf": 0.0, "UpdDth_min": 0.0, "UpdDth_max": 0.0, "Depth_Dfc": 26.2, "Method_Dfc": 2, "Depth_D90": 14.5, "Method_D90": 1.0, "QualCode": 2, "References": "Barnes 1996; Barnes et al. 2016; Litchfield et al. 2013, 2014", "Comments": "North Canterbury Shelf VIII of Barnes (1996) & Barnes et al. (2016)", "CompiledBy": "P Barnes", "LastUpdate": "25/11/2020", "Shape_Leng": 33356.401505399997, "Shape_Le_1": 33356.401505399997 }, "geometry": { "type": "MultiLineString", "coordinates": [ [ [ 1619555.133500000461936, 5236751.2094 ], [ 1624858.71169999986887, 5238769.915699999779463 ], [ 1635302.697100000455976, 5240948.759499999694526 ], [ 1644353.2259, 5249406.451299999840558 ], [ 1648850.875799999572337, 5250486.4655 ] ] ] } },
{ "type": "Feature", "properties": { "OBJECTID_1": 397, "OBJECTID": 398, "Fault_ID": 7, "Name": "Pokeno", "Name_stat": "published", "Lineage": "New", "Fault_stat": "N-PS", "DomainName": "North Waikato - South Auckland", "Domain_No": 2, "Dip_pref": 65, "Dip_min": 50.0, "Dip_max": 80.0, "Dip_dir": "SE", "Dom_sense": "normal", "Sub_sense": null, "Rake_pref": -90, "Rake_minus": -110, "Rake_plus": -70, "SR_pref": 0.1, "SR_min": 0.08, "SR_max": 0.13, "SRT_pref": null, "SRT_min": "900 000", "SRT_max": "1.2 Ma", "SRT_gen": "≥ 1 Ma", "UpdDth_prf": 0.0, "UpdDth_min": 0.0, "UpdDth_max": 0.0, "Depth_Dfc": 22.6, "Method_Dfc": 1, "Depth_D90": 17.4, "Method_D90": 1.0, "QualCode": 3, "References": "Townsend and Bland CFM compilation", "Comments": null, "CompiledBy": null, "LastUpdate": null, "Shape_Leng": 19682.638878099999, "Shape_Le_1": 19682.638878099999 }, "geometry": { "type": "MultiLineString", "coordinates": [ [ [ 1771305.2615, 5873817.908200000412762 ], [ 1773490.066499999724329, 5875272.160799999721348 ], [ 1775723.154299999587238, 5876341.079599999822676 ], [ 1777300.074099999852479, 5877526.415300000458956 ], [ 1778631.921500000171363, 5878231.334499999880791 ], [ 1780432.747000000439584, 5878881.084699999541044 ], [ 1783861.753899999894202, 5879621.919499999843538 ], [ 1787375.4276, 5881294.089499999769032 ], [ 1789164.014499999582767, 5881325.839599999599159 ] ] ] } },
{ "type": "Feature", "properties": { "OBJECTID_1": 124, "OBJECTID": 125, "Fault_ID": 388, "Name": "Pongaroa - Weber", "Name_stat": "published", "Lineage": "Modified", "Fault_stat": "A-LS", "DomainName": "Hikurangi accretionary margin", "Domain_No": 7, "Dip_pref": 70, "Dip_min": 60.0, "Dip_max": 80.0, "Dip_dir": "NW", "Dom_sense": "dextral", "Sub_sense": "reverse", "Rake_pref": 160, "Rake_minus": 140, "Rake_plus": 180, "SR_pref": 0.5, "SR_min": 0.25, "SR_max": 0.75, "SRT_pref": null, "SRT_min": null, "SRT_max": null, "SRT_gen": "10,000s yrs", "UpdDth_prf": 0.0, "UpdDth_min": 0.0, "UpdDth_max": 0.0, "Depth_Dfc": 17.4, "Method_Dfc": 3, "Depth_D90": 16.8, "Method_D90": 1.0, "QualCode": 3, "References": "Schermer et al. 2004; Litchfield et al. 2013, 2014; Stirling et al. 2012", "Comments": "Slip rate sharing from Saunders Road to the east", "CompiledBy": "R Langridge", "LastUpdate": "11/12/2020", "Shape_Leng": 19228.3931658, "Shape_Le_1": 19228.3931658 }, "geometry": { "type": "MultiLineString", "coordinates": [ [ [ 1885415.081899999640882, 5524169.639399999752641 ], [ 1882079.049800000153482, 5519759.489799999631941 ], [ 1876965.699900000356138, 5514758.2796 ], [ 1873692.953700000420213, 5511176.6398 ], [ 1872267.003100000321865, 5510261.418999999761581 ] ] ] } },
{ "type": "Feature", "properties": { "OBJECTID_1": 133, "OBJECTID": 134, "Fault_ID": 496, "Name": "Poroutawhao", "Name_stat": "published", "Lineage": "Modified", "Fault_stat": "A-LS", "DomainName": "Kapiti-Manawatu", "Domain_No": 12, "Dip_pref": 60, "Dip_min": 45.0, "Dip_max": 75.0, "Dip_dir": "NW", "Dom_sense": "reverse", "Sub_sense": "dextral", "Rake_pref": 110, "Rake_minus": 90, "Rake_plus": 130, "SR_pref": 0.25, "SR_min": 0.1, "SR_max": 0.4, "SRT_pref": null, "SRT_min": null, "SRT_max": null, "SRT_gen": "10,000s yrs", "UpdDth_prf": 0.0, "UpdDth_min": 0.0, "UpdDth_max": 0.0, "Depth_Dfc": 38.9, "Method_Dfc": 1, "Depth_D90": 29.3, "Method_D90": 1.0, "QualCode": 2, "References": "Langridge and Morgenstern 2019b; Buxton and Langridge 2019", "Comments": "SR based on scarps south of Lake Horowhenua", "CompiledBy": "R Langridge, R Morgenstern", "LastUpdate": "25/11/2020", "Shape_Leng": 26848.548859300001, "Shape_Le_1": 26848.548859300001 }, "geometry": { "type": "MultiLineString", "coordinates": [ [ [ 1778542.344600000418723, 5488487.236700000241399 ], [ 1788640.8619, 5499427.206799999810755 ], [ 1793263.003999999724329, 5510458.169300000183284 ] ] ] } },
{ "type": "Feature", "properties": { "OBJECTID_1": 25, "OBJECTID": 26, "Fault_ID": 680, "Name": "Porters Pass", "Name_stat": "published", "Lineage": "Modified", "Fault_stat": "A-LS", "DomainName": "Central Canterbury", "Domain_No": 18, "Dip_pref": 75, "Dip_min": 60.0, "Dip_max": 90.0, "Dip_dir": "NW", "Dom_sense": "dextral", "Sub_sense": "reverse", "Rake_pref": 160, "Rake_minus": 140, "Rake_plus": 180, "SR_pref": 3.5, "SR_min": 3.1, "SR_max": 4.1, "SRT_pref": "9 000", "SRT_min": null, "SRT_max": null, "SRT_gen": "1000s yrs", "UpdDth_prf": 0.0, "UpdDth_min": 0.0, "UpdDth_max": 0.0, "Depth_Dfc": 18.7, "Method_Dfc": 1, "Depth_D90": 13.7, "Method_D90": 1.0, "QualCode": 2, "References": "Cowan et al. 1996; Howard et al. 2005; Knuepfer 1984, 1992", "Comments": "Previously Porters Pass - Grey", "CompiledBy": "D Barrell", "LastUpdate": "12/02/2021", "Shape_Leng": 37226.210757599998, "Shape_Le_1": 37226.210757599998 }, "geometry": { "type": "MultiLineString", "coordinates": [ [ [ 1520933.509499999694526, 5214615.496100000105798 ], [ 1516889.5088, 5211505.525600000284612 ], [ 1510301.3706, 5209902.14740000013262 ], [ 1495848.95920000039041, 5205280.379099999554455 ], [ 1492170.248499999754131, 5203392.0071 ], [ 1486534.051300000399351, 5201232.59360000025481 ] ] ] } },
{ "type": "Feature", "properties": { "OBJECTID_1": 26, "OBJECTID": 27, "Fault_ID": 594, "Name": "Poulter", "Name_stat": "published", "Lineage": "Unmodified", "Fault_stat": "A-LS", "DomainName": "Marlborough Fault System", "Domain_No": 14, "Dip_pref": 80, "Dip_min": 70.0, "Dip_max": 90.0, "Dip_dir": "SE", "Dom_sense": "dextral", "Sub_sense": "reverse", "Rake_pref": 160, "Rake_minus": 140, "Rake_plus": 180, "SR_pref": 1.0, "SR_min": 0.5, "SR_max": 1.7, "SRT_pref": null, "SRT_min": null, "SRT_max": null, "SRT_gen": "10,000s yrs", "UpdDth_prf": 0.0, "UpdDth_min": 0.0, "UpdDth_max": 0.0, "Depth_Dfc": 22.6, "Method_Dfc": 1, "Depth_D90": 17.9, "Method_D90": 1.0, "QualCode": 1, "References": "Berryman and Villamor 2004; Litchfield et al. 2013, 2014", "Comments": null, "CompiledBy": null, "LastUpdate": null, "Shape_Leng": 48807.709158500002, "Shape_Le_1": 48807.709158500002 }, "geometry": { "type": "MultiLineString", "coordinates": [ [ [ 1524649.644299999810755, 5266538.114799999631941 ], [ 1520145.620699999853969, 5264097.562699999660254 ], [ 1514380.135499999858439, 5263270.90500000026077 ], [ 1505083.948599999770522, 5255853.767 ], [ 1497421.672600000165403, 5253472.115199999883771 ], [ 1485282.888299999758601, 5240256.990000000223517 ] ] ] } },
{ "type": "Feature", "properties": { "OBJECTID_1": 187, "OBJECTID": 188, "Fault_ID": 241, "Name": "Poutu", "Name_stat": "published", "Lineage": "Modified", "Fault_stat": "A-LS", "DomainName": "Havre Trough - Taupo Rift", "Domain_No": 4, "Dip_pref": 60, "Dip_min": 50.0, "Dip_max": 70.0, "Dip_dir": "NW", "Dom_sense": "normal", "Sub_sense": null, "Rake_pref": -90, "Rake_minus": -110, "Rake_plus": -70, "SR_pref": 2.3, "SR_min": 1.7, "SR_max": 2.8, "SRT_pref": null, "SRT_min": null, "SRT_max": null, "SRT_gen": "10,000s yrs", "UpdDth_prf": 0.0, "UpdDth_min": 0.0, "UpdDth_max": 0.0, "Depth_Dfc": 16.4, "Method_Dfc": 1, "Depth_D90": 10.9, "Method_D90": 1.0, "QualCode": 1, "References": "Gomez-Vasconcelos et al. 2017, 2019; Villamor CFM compilation", "Comments": "Linework modified as per new mapping TNP ad Ruapehu District Council", "CompiledBy": "P Villamor", "LastUpdate": "07/11/2020", "Shape_Leng": 25542.656220500001, "Shape_Le_1": 25542.656220500001 }, "geometry": { "type": "MultiLineString", "coordinates": [ [ [ 1830381.1277, 5657270.8668 ], [ 1839976.122700000181794, 5676030.574 ], [ 1843128.4216, 5679202.0055 ] ] ] } },
{ "type": "Feature", "properties": { "OBJECTID_1": 659, "OBJECTID": 661, "Fault_ID": 362, "Name": "Poverty Bay", "Name_stat": "published", "Lineage": "Unmodified", "Fault_stat": "A-LS", "DomainName": "Hikurangi accretionary margin", "Domain_No": 7, "Dip_pref": 40, "Dip_min": 30.0, "Dip_max": 50.0, "Dip_dir": "NW", "Dom_sense": "reverse", "Sub_sense": null, "Rake_pref": 90, "Rake_minus": 70, "Rake_plus": 110, "SR_pref": 2.3, "SR_min": 0.7, "SR_max": 5.0, "SRT_pref": null, "SRT_min": null, "SRT_max": null, "SRT_gen": "1000s yrs", "UpdDth_prf": 0.0, "UpdDth_min": 0.0, "UpdDth_max": 0.0, "Depth_Dfc": 14.2, "Method_Dfc": 3, "Depth_D90": 14.2, "Method_D90": 3.0, "QualCode": 1, "References": "Litchfield et al. 2013, 2014; Mountjoy and Barnes 2011", "Comments": null, "CompiledBy": null, "LastUpdate": null, "Shape_Leng": 12204.611956700001, "Shape_Le_1": 12204.611956700001 }, "geometry": { "type": "MultiLineString", "coordinates": [ [ [ 2046410.6919, 5697187.778800000436604 ], [ 2044923.255199999548495, 5685074.146599999628961 ] ] ] } },
{ "type": "Feature", "properties": { "OBJECTID_1": 392, "OBJECTID": 393, "Fault_ID": 9, "Name": "Pukekohe", "Name_stat": "published", "Lineage": "New", "Fault_stat": "A-LS", "DomainName": "North Waikato - South Auckland", "Domain_No": 2, "Dip_pref": 65, "Dip_min": 50.0, "Dip_max": 80.0, "Dip_dir": "SE", "Dom_sense": "normal", "Sub_sense": null, "Rake_pref": -90, "Rake_minus": -110, "Rake_plus": -70, "SR_pref": 0.03, "SR_min": 0.02, "SR_max": 0.05, "SRT_pref": null, "SRT_min": "900 000", "SRT_max": "1.2 Ma", "SRT_gen": "≥ 1 Ma", "UpdDth_prf": 0.0, "UpdDth_min": 0.0, "UpdDth_max": 0.0, "Depth_Dfc": 23.4, "Method_Dfc": 1, "Depth_D90": 17.8, "Method_D90": 1.0, "QualCode": 3, "References": "Townsend and Bland CFM compilation", "Comments": null, "CompiledBy": null, "LastUpdate": null, "Shape_Leng": 12148.823154, "Shape_Le_1": 12148.823154 }, "geometry": { "type": "MultiLineString", "coordinates": [ [ [ 1755007.5049, 5875277.6721 ], [ 1758707.894600000232458, 5876870.147699999623001 ], [ 1760700.740299999713898, 5877005.6146 ], [ 1762561.293999999761581, 5878307.367200000211596 ], [ 1766303.585900000296533, 5879220.73589999973774 ] ] ] } },
{ "type": "Feature", "properties": { "OBJECTID_1": 247, "OBJECTID": 248, "Fault_ID": 292, "Name": "Pukerua - Shepherds Gully: 1", "Name_stat": "published", "Lineage": "Unmodified", "Fault_stat": "A-LS", "DomainName": "North Island Dextral Fault Belt", "Domain_No": 5, "Dip_pref": 90, "Dip_min": 80.0, "Dip_max": 90.0, "Dip_dir": "Subvertical and variable", "Dom_sense": "dextral", "Sub_sense": null, "Rake_pref": 180, "Rake_minus": 160, "Rake_plus": -160, "SR_pref": 1.1, "SR_min": 0.8, "SR_max": 1.4, "SRT_pref": null, "SRT_min": null, "SRT_max": null, "SRT_gen": "10,000s yrs", "UpdDth_prf": 0.0, "UpdDth_min": 0.0, "UpdDth_max": 0.0, "Depth_Dfc": 27.2, "Method_Dfc": 3, "Depth_D90": 22.7, "Method_D90": 3.0, "QualCode": 2, "References": "Litchfield et al. 2013, 2014; Miyoshi et al. 1987; Villamor et al. 2008; Robinson et al. 2011; Van Dissen and Berryman 1996", "Comments": null, "CompiledBy": null, "LastUpdate": null, "Shape_Leng": 6788.1930576200002, "Shape_Le_1": 6788.1930576200002 }, "geometry": { "type": "MultiLineString", "coordinates": [ [ [ 1740123.809000000357628, 5430660.933500000275671 ], [ 1735447.926400000229478, 5425739.989799999631941 ] ] ] } },
{ "type": "Feature", "properties": { "OBJECTID_1": 248, "OBJECTID": 249, "Fault_ID": 291, "Name": "Pukerua - Shepherds Gully: 2", "Name_stat": "published", "Lineage": "Unmodified", "Fault_stat": "A-LS", "DomainName": "North Island Dextral Fault Belt", "Domain_No": 5, "Dip_pref": 90, "Dip_min": 80.0, "Dip_max": 90.0, "Dip_dir": "Subvertical and variable", "Dom_sense": "dextral", "Sub_sense": null, "Rake_pref": 180, "Rake_minus": 160, "Rake_plus": -160, "SR_pref": 1.1, "SR_min": 0.8, "SR_max": 1.4, "SRT_pref": null, "SRT_min": null, "SRT_max": null, "SRT_gen": "10,000s yrs", "UpdDth_prf": 0.0, "UpdDth_min": 0.0, "UpdDth_max": 0.0, "Depth_Dfc": 27.1, "Method_Dfc": 3, "Depth_D90": 22.9, "Method_D90": 3.0, "QualCode": 2, "References": "Litchfield et al. 2013, 2014; Robinson et al. 2011; Van Dissen et al. 1996", "Comments": null, "CompiledBy": null, "LastUpdate": null, "Shape_Leng": 7388.5687624299999, "Shape_Le_1": 7388.5687624299999 }, "geometry": { "type": "MultiLineString", "coordinates": [ [ [ 1743737.432900000363588, 5437105.5181 ], [ 1740123.809000000357628, 5430660.933500000275671 ] ] ] } },
{ "type": "Feature", "properties": { "OBJECTID_1": 249, "OBJECTID": 250, "Fault_ID": 290, "Name": "Pukerua - Shepherds Gully: 3", "Name_stat": "published", "Lineage": "Unmodified", "Fault_stat": "A-LS", "DomainName": "North Island Dextral Fault Belt", "Domain_No": 5, "Dip_pref": 90, "Dip_min": 80.0, "Dip_max": 90.0, "Dip_dir": "Subvertical and variable", "Dom_sense": "dextral", "Sub_sense": null, "Rake_pref": 180, "Rake_minus": 160, "Rake_plus": -160, "SR_pref": 1.1, "SR_min": 0.8, "SR_max": 1.4, "SRT_pref": "18 000", "SRT_min": null, "SRT_max": null, "SRT_gen": "10,000s yrs", "UpdDth_prf": 0.0, "UpdDth_min": 0.0, "UpdDth_max": 0.0, "Depth_Dfc": 27.3, "Method_Dfc": 3, "Depth_D90": 22.4, "Method_D90": 3.0, "QualCode": 2, "References": "Litchfield et al. 2013, 2014; Robinson et al. 2011; Van Dissen and Berryman 1996", "Comments": null, "CompiledBy": null, "LastUpdate": null, "Shape_Leng": 25713.204912500001, "Shape_Le_1": 25713.204912500001 }, "geometry": { "type": "MultiLineString", "coordinates": [ [ [ 1759754.003999999724329, 5457221.142799999564886 ], [ 1743737.432900000363588, 5437105.5181 ] ] ] } },
{ "type": "Feature", "properties": { "OBJECTID_1": 81, "OBJECTID": 82, "Fault_ID": 218, "Name": "Puketerata", "Name_stat": "published", "Lineage": "Unmodified", "Fault_stat": "A-LS", "DomainName": "Havre Trough - Taupo Rift", "Domain_No": 4, "Dip_pref": 60, "Dip_min": 50.0, "Dip_max": 70.0, "Dip_dir": "NW", "Dom_sense": "normal", "Sub_sense": null, "Rake_pref": -90, "Rake_minus": -110, "Rake_plus": -70, "SR_pref": 1.8, "SR_min": 1.3, "SR_max": 2.3, "SRT_pref": null, "SRT_min": null, "SRT_max": null, "SRT_gen": "10,000s yrs", "UpdDth_prf": 0.0, "UpdDth_min": 0.0, "UpdDth_max": 0.0, "Depth_Dfc": 13.8, "Method_Dfc": 1, "Depth_D90": 10.7, "Method_D90": 1.0, "QualCode": 2, "References": "Litchfield et al. 2013, 2014; Villamor and Berryman 2001; Villamor et al. 2001", "Comments": null, "CompiledBy": null, "LastUpdate": null, "Shape_Leng": 15536.8818961, "Shape_Le_1": 15536.8818961 }, "geometry": { "type": "MultiLineString", "coordinates": [ [ [ 1872276.122899999842048, 5739642.2467 ], [ 1862274.878999999724329, 5727752.3426 ] ] ] } },
{ "type": "Feature", "properties": { "OBJECTID_1": 437, "OBJECTID": 438, "Fault_ID": 215, "Name": "Puketerata North", "Name_stat": "published", "Lineage": "New", "Fault_stat": "A-LS", "DomainName": "Havre Trough - Taupo Rift", "Domain_No": 4, "Dip_pref": 60, "Dip_min": 50.0, "Dip_max": 70.0, "Dip_dir": "NW", "Dom_sense": "normal", "Sub_sense": null, "Rake_pref": -90, "Rake_minus": -110, "Rake_plus": -70, "SR_pref": 1.8, "SR_min": 1.3, "SR_max": 2.3, "SRT_pref": null, "SRT_min": null, "SRT_max": null, "SRT_gen": null, "UpdDth_prf": 0.0, "UpdDth_min": 0.0, "UpdDth_max": 0.0, "Depth_Dfc": 12.5, "Method_Dfc": 1, "Depth_D90": 9.7, "Method_D90": 1.0, "QualCode": 3, "References": "Villamor CFM compilation", "Comments": "SR same as Litchfield et al. (2014) Puketerata", "CompiledBy": "P Villamor", "LastUpdate": "29/10/2020", "Shape_Leng": 14876.9707122, "Shape_Le_1": 14876.9707122 }, "geometry": { "type": "MultiLineString", "coordinates": [ [ [ 1872338.180200000293553, 5739717.384800000116229 ], [ 1875401.689799999818206, 5742688.0608 ], [ 1878975.784400000236928, 5745914.029299999587238 ], [ 1881064.541000000201166, 5748350.911899999715388 ], [ 1883130.089100000448525, 5749905.875099999830127 ] ] ] } },
{ "type": "Feature", "properties": { "OBJECTID_1": 321, "OBJECTID": 322, "Fault_ID": 862, "Name": "Puysegur Ridge", "Name_stat": "published", "Lineage": "Unmodified", "Fault_stat": "N-PS", "DomainName": "Puysegur Ridge - Bank", "Domain_No": 25, "Dip_pref": 85, "Dip_min": 70.0, "Dip_max": 90.0, "Dip_dir": "E", "Dom_sense": "dextral", "Sub_sense": null, "Rake_pref": 180, "Rake_minus": 160, "Rake_plus": -160, "SR_pref": 14.0, "SR_min": 0.0, "SR_max": 28.0, "SRT_pref": null, "SRT_min": null, "SRT_max": null, "SRT_gen": null, "UpdDth_prf": 0.0, "UpdDth_min": 0.0, "UpdDth_max": 0.0, "Depth_Dfc": 19.1, "Method_Dfc": 3, "Depth_D90": 19.1, "Method_D90": 3.0, "QualCode": 3, "References": "Litchfield et al. 2013, 2014; Collot et al. 1995; Delteil et al. 1996;", "Comments": null, "CompiledBy": null, "LastUpdate": null, "Shape_Leng": 299317.592856, "Shape_Le_1": 299317.592856 }, "geometry": { "type": "MultiLineString", "coordinates": [ [ [ 1031247.16469999961555, 4732013.417100000195205 ], [ 1027239.762000000104308, 4690945.458100000396371 ], [ 1017865.685499999672174, 4646721.855200000107288 ], [ 1007499.4676, 4610446.222699999809265 ], [ 994814.559700000099838, 4570654.1847 ], [ 978583.270800000056624, 4540197.598399999551475 ], [ 970500.757500000298023, 4516789.5258 ], [ 961264.615600000135601, 4488703.41370000038296 ], [ 957821.311300000175834, 4472328.098000000230968 ], [ 947394.789800000376999, 4446578.369199999608099 ] ] ] } },
{ "type": "Feature", "properties": { "OBJECTID_1": 484, "OBJECTID": 486, "Fault_ID": 786, "Name": "Pylap", "Name_stat": "informal", "Lineage": "New", "Fault_stat": "N-PS", "DomainName": "Otago", "Domain_No": 20, "Dip_pref": 60, "Dip_min": 40.0, "Dip_max": 70.0, "Dip_dir": "SE", "Dom_sense": "reverse", "Sub_sense": "dextral", "Rake_pref": 110, "Rake_minus": 90, "Rake_plus": 130, "SR_pref": 0.05, "SR_min": 0.01, "SR_max": 0.1, "SRT_pref": null, "SRT_min": null, "SRT_max": null, "SRT_gen": "≥ 1 Ma", "UpdDth_prf": 0.0, "UpdDth_min": 0.0, "UpdDth_max": 0.0, "Depth_Dfc": 27.3, "Method_Dfc": 1, "Depth_D90": 22.9, "Method_D90": 1.0, "QualCode": 3, "References": "Barrell 2019 (CR2018/207)", "Comments": "Inferred en-echelon faults in bedrock, peneplain offset ~50 m up to the SE. Nominal slip rates inferred (no known Late Quaternary scarps).", "CompiledBy": "D Barrell", "LastUpdate": "18/11/2020", "Shape_Leng": 23778.4557064, "Shape_Le_1": 23778.4557064 }, "geometry": { "type": "MultiLineString", "coordinates": [ [ [ 1342576.404199999757111, 4957763.973899999633431 ], [ 1346412.870299999602139, 4959682.206899999640882 ], [ 1349786.314500000327826, 4964775.4463 ], [ 1352829.028900000266731, 4967222.847 ], [ 1354747.261900000274181, 4969802.539599999785423 ], [ 1355739.451399999670684, 4971853.064600000157952 ], [ 1358716.019899999722838, 4974498.903199999593198 ] ] ] } },
{ "type": "Feature", "properties": { "OBJECTID_1": 49, "OBJECTID": 50, "Fault_ID": 773, "Name": "Raggedy - Blackstone", "Name_stat": "published", "Lineage": "Modified", "Fault_stat": "N-PS", "DomainName": "Otago", "Domain_No": 20, "Dip_pref": 45, "Dip_min": 30.0, "Dip_max": 60.0, "Dip_dir": "NW", "Dom_sense": "reverse", "Sub_sense": "dextral", "Rake_pref": 110, "Rake_minus": 90, "Rake_plus": 130, "SR_pref": 0.14, "SR_min": 0.09, "SR_max": 0.3, "SRT_pref": null, "SRT_min": null, "SRT_max": null, "SRT_gen": "≥ 1 Ma", "UpdDth_prf": 0.0, "UpdDth_min": 0.0, "UpdDth_max": 0.0, "Depth_Dfc": 26.7, "Method_Dfc": 1, "Depth_D90": 21.9, "Method_D90": 1.0, "QualCode": 3, "References": "Litchfield et al. 2013, 2014; Barrell 2019 (CR2018/207); Markley and Norris 1999; Markley and Tikoff 2003", "Comments": "Fault in bedrock, peneplain offset. Proposed rename Raggedy to Raggedy-Blackstone, as used in the Barrrell 2019 which highlights geological name plus the seismic source name used subsequently.", "CompiledBy": "D Barrell", "LastUpdate": "18/11/2020", "Shape_Leng": 45004.476907600001, "Shape_Le_1": 45004.476907600001 }, "geometry": { "type": "MultiLineString", "coordinates": [ [ [ 1360827.068300000391901, 5024919.988400000147521 ], [ 1360231.754700000397861, 5023292.7977 ], [ 1359517.378200000151992, 5022181.545400000177324 ], [ 1358287.063299999572337, 5021229.043499999679625 ], [ 1356659.872499999590218, 5020355.916799999773502 ], [ 1355112.056900000199676, 5017895.286899999715388 ], [ 1353842.054399999789894, 5015077.4687 ], [ 1350206.6721, 5009695.832999999634922 ], [ 1346634.79, 5006600.2018 ], [ 1343459.783599999733269, 5003107.694799999706447 ], [ 1337268.521200000308454, 4995328.92920000012964 ], [ 1334132.9797, 4989444.804999999701977 ] ] ] } },
{ "type": "Feature", "properties": { "OBJECTID_1": 336, "OBJECTID": 337, "Fault_ID": 32, "Name": "Rahotu", "Name_stat": "published", "Lineage": "Modified", "Fault_stat": "A-LS", "DomainName": "western North Island", "Domain_No": 3, "Dip_pref": 65, "Dip_min": 55.0, "Dip_max": 75.0, "Dip_dir": "SE", "Dom_sense": "normal", "Sub_sense": null, "Rake_pref": -90, "Rake_minus": -110, "Rake_plus": -70, "SR_pref": 0.13, "SR_min": 0.1, "SR_max": 0.16, "SRT_pref": "13 500", "SRT_min": null, "SRT_max": null, "SRT_gen": "10,000s yrs", "UpdDth_prf": 0.0, "UpdDth_min": 0.0, "UpdDth_max": 0.0, "Depth_Dfc": 26.4, "Method_Dfc": 1, "Depth_D90": 21.1, "Method_D90": 1.0, "QualCode": 1, "References": "Townsend et al. 2010", "Comments": "Linework updated from Seebeck et al. (2021). SR from Townsend", "CompiledBy": null, "LastUpdate": "30/04/2021", "Shape_Leng": 11214.695796600001, "Shape_Le_1": 11214.695796600001 }, "geometry": { "type": "MultiLineString", "coordinates": [ [ [ 1671553.875, 5649211.5 ], [ 1667170.048499999567866, 5646452.3273 ], [ 1662477.230000000447035, 5642658.032200000248849 ] ] ] } },
{ "type": "Feature", "properties": { "OBJECTID_1": 365, "OBJECTID": 366, "Fault_ID": 665, "Name": "Rakaia", "Name_stat": "published", "Lineage": "New", "Fault_stat": "A-LS", "DomainName": "Northeastern Canterbury", "Domain_No": 17, "Dip_pref": 65, "Dip_min": 55.0, "Dip_max": 75.0, "Dip_dir": "S", "Dom_sense": "dextral", "Sub_sense": "normal", "Rake_pref": -160, "Rake_minus": -180, "Rake_plus": -140, "SR_pref": 0.25, "SR_min": 0.15, "SR_max": 0.35, "SRT_pref": null, "SRT_min": null, "SRT_max": null, "SRT_gen": "100,000s yrs", "UpdDth_prf": 0.0, "UpdDth_min": 0.0, "UpdDth_max": 0.0, "Depth_Dfc": 27.2, "Method_Dfc": 1, "Depth_D90": 18.0, "Method_D90": 1.0, "QualCode": 3, "References": "Forsyth et al. 2008; Barrell and Strong 2009", "Comments": "Developed over a Cretaceous normal fault (ChCh QMAP), south dipping downthrown to south", "CompiledBy": "D Barrell", "LastUpdate": "12/02/2021", "Shape_Leng": 44578.818830099997, "Shape_Le_1": 44578.818830099997 }, "geometry": { "type": "MultiLineString", "coordinates": [ [ [ 1492635.0324, 5156140.332899999804795 ], [ 1505410.962799999862909, 5154482.251799999736249 ], [ 1537062.696600000374019, 5156151.95299999974668 ] ] ] } },
{ "type": "Feature", "properties": { "OBJECTID_1": 50, "OBJECTID": 51, "Fault_ID": 777, "Name": "Ranfurly", "Name_stat": "published", "Lineage": "Modified", "Fault_stat": "A-LS", "DomainName": "Otago", "Domain_No": 20, "Dip_pref": 45, "Dip_min": 30.0, "Dip_max": 60.0, "Dip_dir": "SE", "Dom_sense": "reverse", "Sub_sense": "dextral", "Rake_pref": 110, "Rake_minus": 90, "Rake_plus": 130, "SR_pref": 0.1, "SR_min": 0.02, "SR_max": 0.15, "SRT_pref": null, "SRT_min": null, "SRT_max": null, "SRT_gen": "100,000s yrs", "UpdDth_prf": 0.0, "UpdDth_min": 0.0, "UpdDth_max": 0.0, "Depth_Dfc": 23.4, "Method_Dfc": 1, "Depth_D90": 19.9, "Method_D90": 1.0, "QualCode": 3, "References": "Barrell 2019 (CR2018/207)", "Comments": "Comprises NNE-striking Launceston Fault, up to the W, and Ranfurly Fault Zone, a complex and wide array of ENE-striking fault scarps. Via inference Barrell 2019 assigned a 0.1 mm/yr SR, noting that scarp freshness implies Holocene rupture", "CompiledBy": "D Barrell", "LastUpdate": "18/11/2020", "Shape_Leng": 24425.451048399998, "Shape_Le_1": 24425.451048399998 }, "geometry": { "type": "MultiLineString", "coordinates": [ [ [ 1378441.8492, 5005736.996899999678135 ], [ 1377461.55460000038147, 5002026.980399999767542 ], [ 1374605.3832, 4996211.977900000289083 ], [ 1372621.004300000146031, 4996013.54 ], [ 1369049.122100000269711, 4994955.2045 ], [ 1367197.0351, 4993433.847299999557436 ], [ 1363559.007000000216067, 4988671.337799999862909 ] ] ] } },
{ "type": "Feature", "properties": { "OBJECTID_1": 402, "OBJECTID": 403, "Fault_ID": 307, "Name": "Rangefront", "Name_stat": "published", "Lineage": "New", "Fault_stat": "A-LS", "DomainName": "North Island Dextral Fault Belt", "Domain_No": 5, "Dip_pref": 60, "Dip_min": 45.0, "Dip_max": 75.0, "Dip_dir": "NW", "Dom_sense": "reverse", "Sub_sense": "dextral", "Rake_pref": 110, "Rake_minus": 90, "Rake_plus": 130, "SR_pref": 0.5, "SR_min": 0.3, "SR_max": 0.7, "SRT_pref": null, "SRT_min": null, "SRT_max": null, "SRT_gen": "10,000s yrs", "UpdDth_prf": 0.0, "UpdDth_min": 0.0, "UpdDth_max": 0.0, "Depth_Dfc": 10.7, "Method_Dfc": 3, "Depth_D90": 10.7, "Method_D90": 3.0, "QualCode": 2, "References": "Langridge et al. 2011; Langridge and Reis 2014 (CR2013/151)", "Comments": "New source following Ruataniwha work and Horizons DSM", "CompiledBy": "R Langridge, R Morgenstern", "LastUpdate": "25/11/2020", "Shape_Leng": 41438.822766600002, "Shape_Le_1": 41438.822766600002 }, "geometry": { "type": "MultiLineString", "coordinates": [ [ [ 1862361.2165, 5553470.703099999576807 ], [ 1865924.7357, 5559423.39989999961108 ], [ 1869893.200199999846518, 5565011.6458 ], [ 1874469.082700000144541, 5571855.222299999557436 ], [ 1876670.408200000412762, 5576385.759200000204146 ], [ 1879571.3942, 5583355.6705 ], [ 1879678.533200000412762, 5587110.8903 ], [ 1882307.8277000002563, 5588698.180700000375509 ] ] ] } },
{ "type": "Feature", "properties": { "OBJECTID_1": 793, "OBJECTID": 796, "Fault_ID": 174, "Name": "Rangitaiki 1", "Name_stat": "published", "Lineage": "Unmodified", "Fault_stat": "A-LS", "DomainName": "Havre Trough - Taupo Rift", "Domain_No": 4, "Dip_pref": 50, "Dip_min": 40.0, "Dip_max": 60.0, "Dip_dir": "NW", "Dom_sense": "normal", "Sub_sense": null, "Rake_pref": -90, "Rake_minus": -110, "Rake_plus": -70, "SR_pref": 2.2, "SR_min": 1.5, "SR_max": 2.8, "SRT_pref": null, "SRT_min": null, "SRT_max": null, "SRT_gen": "1000s yrs", "UpdDth_prf": 0.0, "UpdDth_min": 0.0, "UpdDth_max": 0.0, "Depth_Dfc": 22.4, "Method_Dfc": 1, "Depth_D90": 18.8, "Method_D90": 1.0, "QualCode": 1, "References": "Wright 1990; Lamarche and Barnes 2005; Lamarche et al. 2006; Bull et al. 2006; Litchfield et al. 2013, 2014", "Comments": "Displ. of marine PGS2/1 surface and Holocene sequence. SR range adopted from Stirling et al. (2012).", "CompiledBy": "P Barnes", "LastUpdate": "06/01/2021", "Shape_Leng": 9445.5706506799997, "Shape_Le_1": 9445.5706506799997 }, "geometry": { "type": "MultiLineString", "coordinates": [ [ [ 1956014.9539, 5810871.077399999834597 ], [ 1950308.272099999710917, 5807190.38910000026226 ], [ 1950010.05379999987781, 5806802.1551 ], [ 1949516.973000000230968, 5804693.7297 ] ] ] } },
{ "type": "Feature", "properties": { "OBJECTID_1": 796, "OBJECTID": 799, "Fault_ID": 169, "Name": "Rangitaiki 2", "Name_stat": "published", "Lineage": "Unmodified", "Fault_stat": "A-LS", "DomainName": "Havre Trough - Taupo Rift", "Domain_No": 4, "Dip_pref": 50, "Dip_min": 40.0, "Dip_max": 60.0, "Dip_dir": "NW", "Dom_sense": "normal", "Sub_sense": null, "Rake_pref": -90, "Rake_minus": -110, "Rake_plus": -70, "SR_pref": 1.8, "SR_min": 1.0, "SR_max": 2.5, "SRT_pref": null, "SRT_min": null, "SRT_max": null, "SRT_gen": "1000s yrs", "UpdDth_prf": 0.0, "UpdDth_min": 0.0, "UpdDth_max": 0.0, "Depth_Dfc": 21.8, "Method_Dfc": 1, "Depth_D90": 17.7, "Method_D90": 1.0, "QualCode": 1, "References": "Wright 1990; Lamarche and Barnes 2005; Lamarche et al. 2006; Bull et al. 2006; Litchfield et al. 2013, 2014", "Comments": "Displ. of marine PGS2/1 surface and Holocene sequence. SR range adopted from Stirling et al. (2012).", "CompiledBy": "P Barnes", "LastUpdate": "06/01/2021", "Shape_Leng": 13517.912198800001, "Shape_Le_1": 13517.912198800001 }, "geometry": { "type": "MultiLineString", "coordinates": [ [ [ 1964144.033099999651313, 5816681.39159999974072 ], [ 1962233.000300000421703, 5815438.280299999751151 ], [ 1960087.623599999584258, 5815096.2407 ], [ 1958720.763899999670684, 5814806.92339999973774 ], [ 1957851.222099999897182, 5814051.050900000147521 ], [ 1956064.82120000012219, 5812779.871899999678135 ], [ 1955337.0784, 5811805.604000000283122 ], [ 1954448.604100000113249, 5811154.727 ], [ 1953661.5165, 5810518.197800000198185 ], [ 1952804.9638, 5810013.5515 ] ] ] } },
{ "type": "Feature", "properties": { "OBJECTID_1": 842, "OBJECTID": 845, "Fault_ID": 491, "Name": "Rangitikei Offshore 1", "Name_stat": "published", "Lineage": "Unmodified", "Fault_stat": "A-LS", "DomainName": "Kapiti-Manawatu", "Domain_No": 12, "Dip_pref": 70, "Dip_min": 60.0, "Dip_max": 80.0, "Dip_dir": "SE", "Dom_sense": "reverse", "Sub_sense": null, "Rake_pref": 90, "Rake_minus": 70, "Rake_plus": 110, "SR_pref": 0.7, "SR_min": 0.2, "SR_max": 10.0, "SRT_pref": null, "SRT_min": null, "SRT_max": null, "SRT_gen": "1000s yrs", "UpdDth_prf": 0.0, "UpdDth_min": 0.0, "UpdDth_max": 0.0, "Depth_Dfc": 34.5, "Method_Dfc": 1, "Depth_D90": 29.2, "Method_D90": 1.0, "QualCode": 1, "References": "Lamarche et al. 2005; Nodder et al. 2007; Litchfield et al. 2013, 2014", "Comments": "Terminated northern end offshore. Check possible linkage with onshore Rangitikei. SR from Holocene, Nodder et al (2007) (Note higher SR than Lithchfield et al).", "CompiledBy": "S Nodder, P Barnes", "LastUpdate": "08/01/2021", "Shape_Leng": 29046.509456399999, "Shape_Le_1": 29046.509456399999 }, "geometry": { "type": "MultiLineString", "coordinates": [ [ [ 1774816.909900000318885, 5506206.949900000356138 ], [ 1775718.41469999961555, 5511289.510499999858439 ], [ 1778282.509999999776483, 5513634.723899999633431 ], [ 1779784.778900000266731, 5515877.11780000012368 ], [ 1780159.1486, 5522386.349999999627471 ], [ 1782256.267300000414252, 5525804.739099999889731 ], [ 1783783.892799999564886, 5526841.6886 ], [ 1787448.598600000143051, 5530717.38190000038594 ] ] ] } },
{ "type": "Feature", "properties": { "OBJECTID_1": 860, "OBJECTID": 863, "Fault_ID": 699, "Name": "Rapuwai", "Name_stat": "published", "Lineage": "New", "Fault_stat": "N-PS", "DomainName": "Central Canterbury", "Domain_No": 18, "Dip_pref": 45, "Dip_min": 30.0, "Dip_max": 60.0, "Dip_dir": "SE", "Dom_sense": "reverse", "Sub_sense": null, "Rake_pref": 90, "Rake_minus": 70, "Rake_plus": 110, "SR_pref": 0.07, "SR_min": 0.05, "SR_max": 0.12, "SRT_pref": null, "SRT_min": null, "SRT_max": null, "SRT_gen": "100,000s yrs", "UpdDth_prf": 0.0, "UpdDth_min": 0.0, "UpdDth_max": 0.0, "Depth_Dfc": 27.1, "Method_Dfc": 1, "Depth_D90": 21.0, "Method_D90": 1.0, "QualCode": 3, "References": "Wellman 1953; Cox and Barrell 2007 (Aoraki QMAP);  Barrell CFM compilation", "Comments": "Prominent fault block, basement exposed in centre, hundreds of metres of Late Cenozoic uplift. No known Quat offsets, but mid-late Q uplift can be inferred NE of Geraldine. Slow SR, slightly above nominal, inferred.", "CompiledBy": "D Barrell", "LastUpdate": "12/02/2021", "Shape_Leng": 30229.749612200001, "Shape_Le_1": 30229.749612200001 }, "geometry": { "type": "MultiLineString", "coordinates": [ [ [ 1440943.892699999734759, 5101211.493700000457466 ], [ 1440507.329300000332296, 5106688.379599999636412 ], [ 1440824.829900000244379, 5108077.444899999536574 ], [ 1443761.710799999535084, 5111649.326999999582767 ], [ 1446738.279299999587238, 5112681.20409999974072 ], [ 1449476.722199999727309, 5114070.269399999640882 ], [ 1452413.6031, 5117800.901800000108778 ], [ 1457890.489099999889731, 5123238.100200000219047 ] ] ] } },
{ "type": "Feature", "properties": { "OBJECTID_1": 163, "OBJECTID": 164, "Fault_ID": 347, "Name": "Raukumara 16", "Name_stat": "published", "Lineage": "Unmodified", "Fault_stat": "A-LS", "DomainName": "East Cape block", "Domain_No": 6, "Dip_pref": 60, "Dip_min": 50.0, "Dip_max": 70.0, "Dip_dir": "N", "Dom_sense": "normal", "Sub_sense": null, "Rake_pref": -90, "Rake_minus": -110, "Rake_plus": -70, "SR_pref": 0.5, "SR_min": 0.0001, "SR_max": 1.0, "SRT_pref": null, "SRT_min": null, "SRT_max": null, "SRT_gen": null, "UpdDth_prf": 0.0, "UpdDth_min": 0.0, "UpdDth_max": 0.0, "Depth_Dfc": 30.6, "Method_Dfc": 1, "Depth_D90": 26.6, "Method_D90": 1.0, "QualCode": 3, "References": "Litchfield et al. 2013, 2014; Mazengarb and Speden 2000", "Comments": null, "CompiledBy": null, "LastUpdate": null, "Shape_Leng": 8815.0703969200003, "Shape_Le_1": 8815.0703969200003 }, "geometry": { "type": "MultiLineString", "coordinates": [ [ [ 1994366.152599999681115, 5780396.569299999624491 ], [ 2000089.770600000396371, 5780304.019000000320375 ], [ 2002957.5822, 5781456.4551 ] ] ] } },
{ "type": "Feature", "properties": { "OBJECTID_1": 164, "OBJECTID": 165, "Fault_ID": 346, "Name": "Raukumara 17", "Name_stat": "published", "Lineage": "Unmodified", "Fault_stat": "A-LS", "DomainName": "East Cape block", "Domain_No": 6, "Dip_pref": 60, "Dip_min": 50.0, "Dip_max": 70.0, "Dip_dir": "N", "Dom_sense": "normal", "Sub_sense": null, "Rake_pref": -90, "Rake_minus": -110, "Rake_plus": -70, "SR_pref": 0.5, "SR_min": 0.0001, "SR_max": 1.0, "SRT_pref": null, "SRT_min": null, "SRT_max": null, "SRT_gen": null, "UpdDth_prf": 0.0, "UpdDth_min": 0.0, "UpdDth_max": 0.0, "Depth_Dfc": 29.3, "Method_Dfc": 1, "Depth_D90": 25.6, "Method_D90": 1.0, "QualCode": 3, "References": "Litchfield et al. 2013, 2014; Mazengarb and Speden 2000", "Comments": null, "CompiledBy": null, "LastUpdate": null, "Shape_Leng": 11419.892743099999, "Shape_Le_1": 11419.892743099999 }, "geometry": { "type": "MultiLineString", "coordinates": [ [ [ 2000139.0581, 5793464.619900000281632 ], [ 2002540.8191, 5793454.879300000146031 ], [ 2004588.193900000303984, 5794153.210900000296533 ], [ 2007904.277499999850988, 5794608.19510000012815 ], [ 2011323.341300000436604, 5793824.341199999675155 ] ] ] } },
{ "type": "Feature", "properties": { "OBJECTID_1": 165, "OBJECTID": 166, "Fault_ID": 345, "Name": "Raukumara 18", "Name_stat": "published", "Lineage": "Unmodified", "Fault_stat": "A-LS", "DomainName": "East Cape block", "Domain_No": 6, "Dip_pref": 60, "Dip_min": 50.0, "Dip_max": 70.0, "Dip_dir": "S", "Dom_sense": "normal", "Sub_sense": null, "Rake_pref": -90, "Rake_minus": -110, "Rake_plus": -70, "SR_pref": 0.5, "SR_min": 0.0001, "SR_max": 1.0, "SRT_pref": null, "SRT_min": null, "SRT_max": null, "SRT_gen": null, "UpdDth_prf": 0.0, "UpdDth_min": 0.0, "UpdDth_max": 0.0, "Depth_Dfc": 31.3, "Method_Dfc": 1, "Depth_D90": 25.8, "Method_D90": 1.0, "QualCode": 3, "References": "Litchfield et al. 2013, 2014; Mazengarb and Speden 2000", "Comments": null, "CompiledBy": null, "LastUpdate": null, "Shape_Leng": 20123.713817899999, "Shape_Le_1": 20123.713817899999 }, "geometry": { "type": "MultiLineString", "coordinates": [ [ [ 2000585.973899999633431, 5796329.457299999892712 ], [ 2004668.639899999834597, 5795993.765100000426173 ], [ 2006302.18030000012368, 5796655.436300000175834 ], [ 2009475.222799999639392, 5796854.85329999960959 ], [ 2014511.483, 5795476.159400000236928 ], [ 2020327.790199999697506, 5794730.2176 ] ] ] } },
{ "type": "Feature", "properties": { "OBJECTID_1": 167, "OBJECTID": 168, "Fault_ID": 342, "Name": "Raukumara 20", "Name_stat": "published", "Lineage": "Unmodified", "Fault_stat": "A-LS", "DomainName": "East Cape block", "Domain_No": 6, "Dip_pref": 60, "Dip_min": 50.0, "Dip_max": 70.0, "Dip_dir": "E", "Dom_sense": "normal", "Sub_sense": null, "Rake_pref": -90, "Rake_minus": -110, "Rake_plus": -70, "SR_pref": 0.1, "SR_min": 0.0, "SR_max": 0.5, "SRT_pref": null, "SRT_min": null, "SRT_max": null, "SRT_gen": null, "UpdDth_prf": 0.0, "UpdDth_min": 0.0, "UpdDth_max": 0.0, "Depth_Dfc": 29.9, "Method_Dfc": 1, "Depth_D90": 25.0, "Method_D90": 1.0, "QualCode": 3, "References": "Litchfield et al. 2013, 2014; Mazengarb and Speden 2000", "Comments": null, "CompiledBy": null, "LastUpdate": null, "Shape_Leng": 4054.6716574699999, "Shape_Le_1": 4054.6716574699999 }, "geometry": { "type": "MultiLineString", "coordinates": [ [ [ 2009413.4858, 5800931.390800000168383 ], [ 2009922.676599999889731, 5802526.325400000438094 ], [ 2010488.356599999591708, 5803571.467799999751151 ], [ 2010417.911000000312924, 5804069.162499999627471 ], [ 2010626.900299999862909, 5804726.083499999716878 ] ] ] } },
{ "type": "Feature", "properties": { "OBJECTID_1": 168, "OBJECTID": 169, "Fault_ID": 341, "Name": "Raukumara 21", "Name_stat": "published", "Lineage": "Unmodified", "Fault_stat": "A-LS", "DomainName": "East Cape block", "Domain_No": 6, "Dip_pref": 60, "Dip_min": 50.0, "Dip_max": 70.0, "Dip_dir": "S", "Dom_sense": "normal", "Sub_sense": null, "Rake_pref": -90, "Rake_minus": -110, "Rake_plus": -70, "SR_pref": 0.03, "SR_min": 0.0001, "SR_max": 0.04, "SRT_pref": null, "SRT_min": null, "SRT_max": null, "SRT_gen": null, "UpdDth_prf": 0.0, "UpdDth_min": 0.0, "UpdDth_max": 0.0, "Depth_Dfc": 30.5, "Method_Dfc": 1, "Depth_D90": 25.3, "Method_D90": 1.0, "QualCode": 3, "References": "Litchfield et al. 2013, 2014; Mazengarb and Speden 2000", "Comments": null, "CompiledBy": null, "LastUpdate": null, "Shape_Leng": 19222.770171200002, "Shape_Le_1": 19222.770171200002 }, "geometry": { "type": "MultiLineString", "coordinates": [ [ [ 2009274.283599999733269, 5806020.418800000101328 ], [ 2020181.3098, 5805032.661500000394881 ], [ 2024063.097699999809265, 5805567.1579 ], [ 2028405.012299999594688, 5805260.995500000193715 ] ] ] } },
{ "type": "Feature", "properties": { "OBJECTID_1": 170, "OBJECTID": 171, "Fault_ID": 337, "Name": "Raukumara 24", "Name_stat": "published", "Lineage": "Unmodified", "Fault_stat": "A-LS", "DomainName": "East Cape block", "Domain_No": 6, "Dip_pref": 60, "Dip_min": 50.0, "Dip_max": 70.0, "Dip_dir": "SE", "Dom_sense": "normal", "Sub_sense": null, "Rake_pref": -90, "Rake_minus": -110, "Rake_plus": -70, "SR_pref": 0.1, "SR_min": 0.0, "SR_max": 0.5, "SRT_pref": null, "SRT_min": null, "SRT_max": null, "SRT_gen": null, "UpdDth_prf": 0.0, "UpdDth_min": 0.0, "UpdDth_max": 0.0, "Depth_Dfc": 29.6, "Method_Dfc": 1, "Depth_D90": 25.1, "Method_D90": 1.0, "QualCode": 3, "References": "Litchfield et al. 2013, 2014; Mazengarb and Speden 2000", "Comments": null, "CompiledBy": null, "LastUpdate": null, "Shape_Leng": 3737.1521517800002, "Shape_Le_1": 3737.1521517800002 }, "geometry": { "type": "MultiLineString", "coordinates": [ [ [ 2016836.5152000002563, 5815460.085799999535084 ], [ 2019948.9567, 5817528.663599999621511 ] ] ] } },
{ "type": "Feature", "properties": { "OBJECTID_1": 171, "OBJECTID": 172, "Fault_ID": 340, "Name": "Raukumara 25", "Name_stat": "published", "Lineage": "Unmodified", "Fault_stat": "A-LS", "DomainName": "East Cape block", "Domain_No": 6, "Dip_pref": 60, "Dip_min": 50.0, "Dip_max": 70.0, "Dip_dir": "SE", "Dom_sense": "normal", "Sub_sense": null, "Rake_pref": -90, "Rake_minus": -110, "Rake_plus": -70, "SR_pref": 0.03, "SR_min": 0.0001, "SR_max": 0.04, "SRT_pref": null, "SRT_min": null, "SRT_max": null, "SRT_gen": null, "UpdDth_prf": 0.0, "UpdDth_min": 0.0, "UpdDth_max": 0.0, "Depth_Dfc": 30.3, "Method_Dfc": 1, "Depth_D90": 25.6, "Method_D90": 1.0, "QualCode": 3, "References": "Litchfield et al. 2013, 2014; Mazengarb and Speden 2000", "Comments": null, "CompiledBy": null, "LastUpdate": null, "Shape_Leng": 1867.04869418, "Shape_Le_1": 1867.04869418 }, "geometry": { "type": "MultiLineString", "coordinates": [ [ [ 2009337.308899999596179, 5806930.946999999694526 ], [ 2010890.801699999719858, 5807966.5777000002563 ] ] ] } },
{ "type": "Feature", "properties": { "OBJECTID_1": 161, "OBJECTID": 162, "Fault_ID": 301, "Name": "Raukumara 9", "Name_stat": "published", "Lineage": "Unmodified", "Fault_stat": "A-LS", "DomainName": "North Island Dextral Fault Belt", "Domain_No": 5, "Dip_pref": 60, "Dip_min": 50.0, "Dip_max": 70.0, "Dip_dir": "W", "Dom_sense": "normal", "Sub_sense": null, "Rake_pref": -90, "Rake_minus": -110, "Rake_plus": -70, "SR_pref": 0.1, "SR_min": 0.0, "SR_max": 0.5, "SRT_pref": null, "SRT_min": null, "SRT_max": null, "SRT_gen": null, "UpdDth_prf": 0.0, "UpdDth_min": 0.0, "UpdDth_max": 0.0, "Depth_Dfc": 27.4, "Method_Dfc": 1, "Depth_D90": 22.9, "Method_D90": 1.0, "QualCode": 3, "References": "Litchfield et al. 2013, 2014; Mazengarb and Speden 2000", "Comments": null, "CompiledBy": null, "LastUpdate": null, "Shape_Leng": 5014.3053613599996, "Shape_Le_1": 5014.3053613599996 }, "geometry": { "type": "MultiLineString", "coordinates": [ [ [ 1980976.339999999850988, 5748385.23340000025928 ], [ 1981562.441200000233948, 5753365.167500000447035 ] ] ] } },
{ "type": "Feature", "properties": { "OBJECTID_1": 95, "OBJECTID": 96, "Fault_ID": 484, "Name": "Rauoterangi", "Name_stat": "published", "Lineage": "New", "Fault_stat": "A-LS", "DomainName": "Kapiti-Manawatu", "Domain_No": 12, "Dip_pref": 60, "Dip_min": 45.0, "Dip_max": 75.0, "Dip_dir": "NW", "Dom_sense": "reverse", "Sub_sense": "dextral", "Rake_pref": 110, "Rake_minus": 90, "Rake_plus": 130, "SR_pref": 0.3, "SR_min": 0.2, "SR_max": 0.4, "SRT_pref": null, "SRT_min": null, "SRT_max": null, "SRT_gen": "10,000s yrs", "UpdDth_prf": 0.0, "UpdDth_min": 0.0, "UpdDth_max": 0.0, "Depth_Dfc": 43.4, "Method_Dfc": 1, "Depth_D90": 29.8, "Method_D90": 1.0, "QualCode": 2, "References": "Langridge and Morgenstern 2020b", "Comments": "replaces Feilding Anticline based on surface expression of Rauoterangi Fault", "CompiledBy": "R Langridge, R Morgenstern", "LastUpdate": "25/11/2020", "Shape_Leng": 35803.177632400002, "Shape_Le_1": 35803.177632400002 }, "geometry": { "type": "MultiLineString", "coordinates": [ [ [ 1814183.825299999676645, 5538154.9375 ], [ 1821612.702499999664724, 5551688.438500000163913 ], [ 1829352.893400000408292, 5559529.084499999880791 ], [ 1835011.0351, 5566969.272699999623001 ] ] ] } },
{ "type": "Feature", "properties": { "OBJECTID_1": 458, "OBJECTID": 460, "Fault_ID": 251, "Name": "Raurimu: South", "Name_stat": "informal", "Lineage": "New", "Fault_stat": "A-LS", "DomainName": "Havre Trough - Taupo Rift", "Domain_No": 4, "Dip_pref": 60, "Dip_min": 50.0, "Dip_max": 70.0, "Dip_dir": "E", "Dom_sense": "normal", "Sub_sense": null, "Rake_pref": -90, "Rake_minus": -110, "Rake_plus": -70, "SR_pref": 3.5, "SR_min": 3.33, "SR_max": 3.79, "SRT_pref": null, "SRT_min": null, "SRT_max": null, "SRT_gen": null, "UpdDth_prf": 0.0, "UpdDth_min": 0.0, "UpdDth_max": 0.0, "Depth_Dfc": 28.3, "Method_Dfc": 1, "Depth_D90": 19.2, "Method_D90": 1.0, "QualCode": 3, "References": "Villamor CFM compilation", "Comments": "placeholder to discuss fault intersections: Dougal has mapped this with new name - think this is Raurimu. I have copied attributes from Raurimu - slip rate could be less", "CompiledBy": "P Villamor", "LastUpdate": "07/11/2020", "Shape_Leng": 7560.3900191299999, "Shape_Le_1": 7560.3900191299999 }, "geometry": { "type": "MultiLineString", "coordinates": [ [ [ 1799206.997700000181794, 5632449.921400000341237 ], [ 1801138.56319999974221, 5639759.4051 ] ] ] } },
{ "type": "Feature", "properties": { "OBJECTID_1": 857, "OBJECTID": 860, "Fault_ID": 685, "Name": "Redcliffe", "Name_stat": "published", "Lineage": "New", "Fault_stat": "A-LS", "DomainName": "Central Canterbury", "Domain_No": 18, "Dip_pref": 70, "Dip_min": 55.0, "Dip_max": 80.0, "Dip_dir": "W", "Dom_sense": "reverse", "Sub_sense": null, "Rake_pref": 90, "Rake_minus": 70, "Rake_plus": 110, "SR_pref": 0.15, "SR_min": 0.1, "SR_max": 0.3, "SRT_pref": null, "SRT_min": null, "SRT_max": null, "SRT_gen": "10,000s yrs", "UpdDth_prf": 0.0, "UpdDth_min": 0.0, "UpdDth_max": 0.0, "Depth_Dfc": 24.3, "Method_Dfc": 1, "Depth_D90": 18.7, "Method_D90": 1.0, "QualCode": 3, "References": "Cox and Barrell 2007 (Aoraki QMAP);  Barrell 2009 (CR2009/227); Barrell CFM compilation", "Comments": "Suspected but not confirmed post-glacial scarps; SR pref based on 2.5 m scarp on ~18 ka surface, max is value given by Barrell 2009. Assumed pure reverse, dips from CFM retained. Revised version of part of Double Hill Fault of CFM", "CompiledBy": null, "LastUpdate": null, "Shape_Leng": 18226.012395599999, "Shape_Le_1": 18226.012395599999 }, "geometry": { "type": "MultiLineString", "coordinates": [ [ [ 1473634.476800000295043, 5181935.11670000012964 ], [ 1474003.285500000230968, 5184500.013799999840558 ], [ 1475238.213200000114739, 5188230.796799999661744 ], [ 1475602.015999999828637, 5193191.744199999608099 ], [ 1475668.161999999545515, 5195903.728799999691546 ], [ 1475182.733300000429153, 5198476.087500000372529 ], [ 1474802.9638, 5199823.652800000272691 ] ] ] } },
{ "type": "Feature", "properties": { "OBJECTID_1": 159, "OBJECTID": 160, "Fault_ID": 358, "Name": "Repongaere", "Name_stat": "published", "Lineage": "Unmodified", "Fault_stat": "A-LS", "DomainName": "Hikurangi accretionary margin", "Domain_No": 7, "Dip_pref": 60, "Dip_min": 50.0, "Dip_max": 70.0, "Dip_dir": "SE", "Dom_sense": "normal", "Sub_sense": "dextral", "Rake_pref": -110, "Rake_minus": -130, "Rake_plus": -90, "SR_pref": 0.1, "SR_min": 0.05, "SR_max": 0.2, "SRT_pref": "13 500", "SRT_min": null, "SRT_max": null, "SRT_gen": "10,000s yrs", "UpdDth_prf": 0.0, "UpdDth_min": 0.0, "UpdDth_max": 0.0, "Depth_Dfc": 21.6, "Method_Dfc": 3, "Depth_D90": 21.0, "Method_D90": 1.0, "QualCode": 1, "References": "Berryman et al. 2009; Litchfield et al. 2013, 2014", "Comments": null, "CompiledBy": null, "LastUpdate": null, "Shape_Leng": 9315.7058009499997, "Shape_Le_1": 9315.7058009499997 }, "geometry": { "type": "MultiLineString", "coordinates": [ [ [ 2018990.132399999536574, 5717368.651499999687076 ], [ 2027101.2023, 5721950.454599999822676 ] ] ] } },
{ "type": "Feature", "properties": { "OBJECTID_1": 195, "OBJECTID": 196, "Fault_ID": 41, "Name": "Ridge Road - Okaia 2", "Name_stat": "published", "Lineage": "Unmodified", "Fault_stat": "A-LS", "DomainName": "western North Island", "Domain_No": 3, "Dip_pref": 60, "Dip_min": 50.0, "Dip_max": 70.0, "Dip_dir": "NW", "Dom_sense": "normal", "Sub_sense": null, "Rake_pref": -90, "Rake_minus": -110, "Rake_plus": -70, "SR_pref": 0.2, "SR_min": 0.1, "SR_max": 0.3, "SRT_pref": null, "SRT_min": null, "SRT_max": null, "SRT_gen": "100,000s yrs", "UpdDth_prf": 0.0, "UpdDth_min": 0.0, "UpdDth_max": 0.0, "Depth_Dfc": 12.0, "Method_Dfc": 2, "Depth_D90": 12.0, "Method_D90": 2.0, "QualCode": 1, "References": "Litchfield et al. 2013, 2014; McVerry et al. 2005; Pillans 1990", "Comments": "Dfcomb fixed at 12 km depth - likely bending realted faults", "CompiledBy": null, "LastUpdate": null, "Shape_Leng": 45004.779909500001, "Shape_Le_1": 45004.779909500001 }, "geometry": { "type": "MultiLineString", "coordinates": [ [ [ 1730763.643699999898672, 5565567.4704 ], [ 1736644.9825, 5574713.030299999751151 ], [ 1739598.901499999687076, 5582065.43709999974817 ], [ 1749698.8619, 5600006.654500000178814 ], [ 1752368.699, 5604950.8575 ] ] ] } },
{ "type": "Feature", "properties": { "OBJECTID_1": 642, "OBJECTID": 644, "Fault_ID": 404, "Name": "Riversdale", "Name_stat": "informal", "Lineage": "Modified", "Fault_stat": "A-LS", "DomainName": "Hikurangi accretionary margin", "Domain_No": 7, "Dip_pref": 40, "Dip_min": 30.0, "Dip_max": 50.0, "Dip_dir": "NW", "Dom_sense": "reverse", "Sub_sense": null, "Rake_pref": 90, "Rake_minus": 70, "Rake_plus": 110, "SR_pref": 4.0, "SR_min": 3.0, "SR_max": 5.0, "SRT_pref": null, "SRT_min": null, "SRT_max": null, "SRT_gen": "100,000s yrs", "UpdDth_prf": 0.0, "UpdDth_min": 0.0, "UpdDth_max": 0.0, "Depth_Dfc": 13.4, "Method_Dfc": 3, "Depth_D90": 13.4, "Method_D90": 3.0, "QualCode": 2, "References": "Beavan and Litchfield 2012", "Comments": "Revised location following reconnaisance mapping with seismic data. SR from Litchfield et al. (2014).", "CompiledBy": "J Mountjoy", "LastUpdate": "18/12/2020", "Shape_Leng": 32764.523797999998, "Shape_Le_1": 32764.523797999998 }, "geometry": { "type": "MultiLineString", "coordinates": [ [ [ 1847067.5959, 5421533.582299999892712 ], [ 1858917.490899999625981, 5430114.06319999974221 ], [ 1864644.075000000186265, 5435188.3947 ], [ 1870898.964100000448525, 5443600.7955 ] ] ] } },
{ "type": "Feature", "properties": { "OBJECTID_1": 646, "OBJECTID": 648, "Fault_ID": 399, "Name": "Riversdale North", "Name_stat": "informal", "Lineage": "Modified", "Fault_stat": "A-LS", "DomainName": "Hikurangi accretionary margin", "Domain_No": 7, "Dip_pref": 40, "Dip_min": 30.0, "Dip_max": 50.0, "Dip_dir": "NW", "Dom_sense": "reverse", "Sub_sense": null, "Rake_pref": 90, "Rake_minus": 70, "Rake_plus": 110, "SR_pref": 4.0, "SR_min": 3.0, "SR_max": 5.0, "SRT_pref": null, "SRT_min": null, "SRT_max": null, "SRT_gen": "100,000s yrs", "UpdDth_prf": 0.0, "UpdDth_min": 0.0, "UpdDth_max": 0.0, "Depth_Dfc": 13.3, "Method_Dfc": 3, "Depth_D90": 13.3, "Method_D90": 3.0, "QualCode": 2, "References": "Beavan and Litchfield 2012", "Comments": "Revised location following reconnaisance mapping with seismic data. SR from Litchfield et al. (2014).", "CompiledBy": "J Mountjoy", "LastUpdate": "18/12/2020", "Shape_Leng": 15761.314889, "Shape_Le_1": 15761.314889 }, "geometry": { "type": "MultiLineString", "coordinates": [ [ [ 1868816.380599999800324, 5443788.75829999987036 ], [ 1870649.787700000219047, 5452611.857200000435114 ], [ 1874044.899600000120699, 5458445.571700000204146 ] ] ] } },
{ "type": "Feature", "properties": { "OBJECTID_1": 475, "OBJECTID": 477, "Fault_ID": 814, "Name": "Roaring Lion", "Name_stat": "informal", "Lineage": "New", "Fault_stat": "N-PS", "DomainName": "Southern South Island", "Domain_No": 21, "Dip_pref": 45, "Dip_min": 30.0, "Dip_max": 60.0, "Dip_dir": "SE", "Dom_sense": "reverse", "Sub_sense": "dextral", "Rake_pref": 110, "Rake_minus": 90, "Rake_plus": 130, "SR_pref": 0.05, "SR_min": 0.01, "SR_max": 0.1, "SRT_pref": null, "SRT_min": null, "SRT_max": null, "SRT_gen": "≥ 1 Ma", "UpdDth_prf": 0.0, "UpdDth_min": 0.0, "UpdDth_max": 0.0, "Depth_Dfc": 32.1, "Method_Dfc": 1, "Depth_D90": 26.0, "Method_D90": 1.0, "QualCode": 3, "References": "Barrell 2019 (CR2018/207)", "Comments": "Fault in bedrock, peneplain offset; nominal slip rates inferred (no known Late Quaternary scarps)", "CompiledBy": "D Barrell", "LastUpdate": "18/11/2020", "Shape_Leng": 50184.470590500001, "Shape_Le_1": 50184.470590500001 }, "geometry": { "type": "MultiLineString", "coordinates": [ [ [ 1263617.416500000283122, 4946677.055200000293553 ], [ 1265337.2116, 4948820.184500000439584 ], [ 1269927.741600000299513, 4951386.648 ], [ 1271048.385599999688566, 4958694.80489999987185 ], [ 1271577.553299999795854, 4960758.559000000357628 ], [ 1274117.558400000445545, 4965679.818799999542534 ], [ 1276022.562199999578297, 4968960.658699999563396 ], [ 1277715.898900000378489, 4972082.7483 ], [ 1279197.5685, 4976369.00690000038594 ], [ 1281896.323900000192225, 4981660.684100000187755 ], [ 1288828.4211, 4987851.94649999961257 ] ] ] } },
{ "type": "Feature", "properties": { "OBJECTID_1": 473, "OBJECTID": 475, "Fault_ID": 811, "Name": "Roaring Meg", "Name_stat": "informal", "Lineage": "New", "Fault_stat": "N-PS", "DomainName": "Southern South Island", "Domain_No": 21, "Dip_pref": 60, "Dip_min": 40.0, "Dip_max": 70.0, "Dip_dir": "NW", "Dom_sense": "reverse", "Sub_sense": "dextral", "Rake_pref": 110, "Rake_minus": 90, "Rake_plus": 130, "SR_pref": 0.05, "SR_min": 0.01, "SR_max": 0.1, "SRT_pref": null, "SRT_min": null, "SRT_max": null, "SRT_gen": "≥ 1 Ma", "UpdDth_prf": 0.0, "UpdDth_min": 0.0, "UpdDth_max": 0.0, "Depth_Dfc": 28.7, "Method_Dfc": 1, "Depth_D90": 24.0, "Method_D90": 1.0, "QualCode": 3, "References": "Barrell 2019 (CR2018/207)", "Comments": "Equates in part ot 'Gentle Annie Fault' of Beanland and Barrow-Hurlbert 1988, as explained by Barrell 2019. Fault in bedrock, peneplain offset; nominal slip rates inferred (no known Late Quaternary scarps).", "CompiledBy": "D Barrell", "LastUpdate": "18/11/2020", "Shape_Leng": 29823.532659100001, "Shape_Le_1": 29823.532659100001 }, "geometry": { "type": "MultiLineString", "coordinates": [ [ [ 1290036.1913, 4993890.63219999987632 ], [ 1290565.3591, 4995147.405600000172853 ], [ 1290499.213100000284612, 4997660.952200000174344 ], [ 1288779.417999999597669, 4999711.47719999961555 ], [ 1287654.936599999666214, 5001431.272300000302494 ], [ 1288448.68819999974221, 5002621.8997 ], [ 1288580.980100000277162, 5004077.11089999973774 ], [ 1286398.163200000301003, 5009038.058299999684095 ], [ 1286530.455199999734759, 5010096.393799999728799 ], [ 1287588.7906, 5012742.2324 ], [ 1288117.9583, 5016777.136300000362098 ], [ 1286662.747100000269711, 5021473.499900000169873 ] ] ] } },
{ "type": "Feature", "properties": { "OBJECTID_1": 63, "OBJECTID": 64, "Fault_ID": 193, "Name": "Rotoitipakau", "Name_stat": "published", "Lineage": "Modified", "Fault_stat": "A-LS", "DomainName": "Havre Trough - Taupo Rift", "Domain_No": 4, "Dip_pref": 60, "Dip_min": 50.0, "Dip_max": 70.0, "Dip_dir": "SE", "Dom_sense": "normal", "Sub_sense": null, "Rake_pref": -90, "Rake_minus": -110, "Rake_plus": -70, "SR_pref": 2.2, "SR_min": 2.0, "SR_max": 2.5, "SRT_pref": "5 600", "SRT_min": null, "SRT_max": null, "SRT_gen": "1000s yrs", "UpdDth_prf": 0.0, "UpdDth_min": 0.0, "UpdDth_max": 0.0, "Depth_Dfc": 15.8, "Method_Dfc": 1, "Depth_D90": 11.8, "Method_D90": 1.0, "QualCode": 1, "References": "Abbott et al. 2017 (CR2017/13); Beanland et al. 1989, 1990; Berryman et al. 1998", "Comments": "Southern tip shortened", "CompiledBy": "P Villamor", "LastUpdate": "12/02/2021", "Shape_Leng": 9715.4573559199998, "Shape_Le_1": 9715.4573559199998 }, "geometry": { "type": "MultiLineString", "coordinates": [ [ [ 1928263.0214, 5784362.122700000181794 ], [ 1926887.081500000320375, 5783174.534199999645352 ], [ 1923791.7324, 5781839.338000000454485 ], [ 1919929.3048, 5779478.421500000171363 ] ] ] } },
{ "type": "Feature", "properties": { "OBJECTID_1": 108, "OBJECTID": 109, "Fault_ID": 265, "Name": "Ruahine: Central", "Name_stat": "published", "Lineage": "Modified", "Fault_stat": "A-LS", "DomainName": "North Island Dextral Fault Belt", "Domain_No": 5, "Dip_pref": 80, "Dip_min": 70.0, "Dip_max": 90.0, "Dip_dir": "NW", "Dom_sense": "dextral", "Sub_sense": "reverse", "Rake_pref": 160, "Rake_minus": 140, "Rake_plus": 180, "SR_pref": 1.1, "SR_min": 0.7, "SR_max": 1.5, "SRT_pref": null, "SRT_min": null, "SRT_max": null, "SRT_gen": "10,000s yrs", "UpdDth_prf": 0.0, "UpdDth_min": 0.0, "UpdDth_max": 0.0, "Depth_Dfc": 31.1, "Method_Dfc": 1, "Depth_D90": 26.0, "Method_D90": 1.0, "QualCode": 2, "References": "Beanland 1995; Beanland and Berryman 1987; Langridge and Ries 2014", "Comments": null, "CompiledBy": null, "LastUpdate": null, "Shape_Leng": 44026.739422, "Shape_Le_1": 44026.739422 }, "geometry": { "type": "MultiLineString", "coordinates": [ [ [ 1888951.153199999593198, 5618050.921400000341237 ], [ 1884539.129700000397861, 5608609.886300000362098 ], [ 1878127.689899999648333, 5597727.818300000391901 ], [ 1872261.0926, 5587893.04839999973774 ], [ 1869670.546699999831617, 5578728.478500000201166 ] ] ] } },
{ "type": "Feature", "properties": { "OBJECTID_1": 107, "OBJECTID": 108, "Fault_ID": 264, "Name": "Ruahine: North", "Name_stat": "published", "Lineage": "Modified", "Fault_stat": "A-LS", "DomainName": "North Island Dextral Fault Belt", "Domain_No": 5, "Dip_pref": 80, "Dip_min": 70.0, "Dip_max": 90.0, "Dip_dir": "NW", "Dom_sense": "dextral", "Sub_sense": "reverse", "Rake_pref": 160, "Rake_minus": 140, "Rake_plus": 180, "SR_pref": 1.1, "SR_min": 0.7, "SR_max": 1.5, "SRT_pref": null, "SRT_min": null, "SRT_max": null, "SRT_gen": "10,000s yrs", "UpdDth_prf": 0.0, "UpdDth_min": 0.0, "UpdDth_max": 0.0, "Depth_Dfc": 32.5, "Method_Dfc": 1, "Depth_D90": 24.2, "Method_D90": 1.0, "QualCode": 2, "References": "Beanland 1995; Beanland and Berryman 1987; Mouslopoulou et al. 2009", "Comments": null, "CompiledBy": null, "LastUpdate": null, "Shape_Leng": 60612.7242014, "Shape_Le_1": 60612.7242014 }, "geometry": { "type": "MultiLineString", "coordinates": [ [ [ 1913307.3098, 5673176.39740000013262 ], [ 1909183.494, 5666903.226700000464916 ], [ 1907526.96239999961108, 5662557.729000000283122 ], [ 1903665.697100000455976, 5655840.395600000396371 ], [ 1898353.05599999986589, 5644464.799200000241399 ], [ 1897922.392300000414252, 5642346.350399999879301 ], [ 1897438.6414, 5639340.6798 ], [ 1892959.7528, 5626638.6858 ], [ 1888951.153199999593198, 5618050.921400000341237 ] ] ] } },
{ "type": "Feature", "properties": { "OBJECTID_1": 109, "OBJECTID": 110, "Fault_ID": 266, "Name": "Ruahine: South", "Name_stat": "published", "Lineage": "Modified", "Fault_stat": "A-LS", "DomainName": "North Island Dextral Fault Belt", "Domain_No": 5, "Dip_pref": 80, "Dip_min": 70.0, "Dip_max": 90.0, "Dip_dir": "NW", "Dom_sense": "dextral", "Sub_sense": "reverse", "Rake_pref": 160, "Rake_minus": 140, "Rake_plus": 180, "SR_pref": 1.1, "SR_min": 0.7, "SR_max": 1.5, "SRT_pref": null, "SRT_min": null, "SRT_max": null, "SRT_gen": null, "UpdDth_prf": 0.0, "UpdDth_min": 0.0, "UpdDth_max": 0.0, "Depth_Dfc": 29.0, "Method_Dfc": 1, "Depth_D90": 26.4, "Method_D90": 1.0, "QualCode": 3, "References": "Beanland 1995; Lee et al. 2011", "Comments": "N and S nodes extended to junctions", "CompiledBy": "R Langridge, R Morgenstern", "LastUpdate": "25/11/2020", "Shape_Leng": 60889.145965099997, "Shape_Le_1": 60889.145965099997 }, "geometry": { "type": "MultiLineString", "coordinates": [ [ [ 1869572.536500000394881, 5578546.85010000038892 ], [ 1860873.116899999789894, 5565295.7527 ], [ 1860059.8591, 5562854.984000000171363 ], [ 1857109.383399999700487, 5559496.1771 ], [ 1854637.2231, 5558153.610299999825656 ], [ 1852381.607599999755621, 5555830.660400000400841 ], [ 1847749.499900000169873, 5548741.356499999761581 ], [ 1840399.184100000187755, 5534546.2198 ], [ 1837246.484299999661744, 5527752.685499999672174 ] ] ] } },
{ "type": "Feature", "properties": { "OBJECTID_1": 126, "OBJECTID": 127, "Fault_ID": 308, "Name": "Ruataniwha", "Name_stat": "published", "Lineage": "Modified", "Fault_stat": "A-LS", "DomainName": "North Island Dextral Fault Belt", "Domain_No": 5, "Dip_pref": 60, "Dip_min": 45.0, "Dip_max": 75.0, "Dip_dir": "NW", "Dom_sense": "reverse", "Sub_sense": "dextral", "Rake_pref": 110, "Rake_minus": 90, "Rake_plus": 130, "SR_pref": 0.2, "SR_min": 0.1, "SR_max": 0.3, "SRT_pref": null, "SRT_min": null, "SRT_max": null, "SRT_gen": "10,000s yrs", "UpdDth_prf": 0.0, "UpdDth_min": 0.0, "UpdDth_max": 0.0, "Depth_Dfc": 26.1, "Method_Dfc": 3, "Depth_D90": 23.5, "Method_D90": 1.0, "QualCode": 1, "References": "Beanland 1995; Klos 2009; Langridge and Reis 2014 (CR2013/151)", "Comments": "modified from Ruataniwha based on CHB mapping and upcoming TDC mapping (DSM)", "CompiledBy": "R Langridge, R Morgenstern", "LastUpdate": "25/11/2020", "Shape_Leng": 25432.8953692, "Shape_Le_1": 25432.8953692 }, "geometry": { "type": "MultiLineString", "coordinates": [ [ [ 1887188.516900000162423, 5574735.043800000101328 ], [ 1882857.647300000302494, 5563382.145999999716878 ], [ 1879118.583499999716878, 5558084.245000000111759 ], [ 1875735.3564, 5552188.489900000393391 ] ] ] } },
{ "type": "Feature", "properties": { "OBJECTID_1": 640, "OBJECTID": 642, "Fault_ID": 354, "Name": "Ruatoria South 3", "Name_stat": "informal", "Lineage": "New", "Fault_stat": "N-PS", "DomainName": "Hikurangi accretionary margin", "Domain_No": 7, "Dip_pref": 40, "Dip_min": 30.0, "Dip_max": 50.0, "Dip_dir": "NW", "Dom_sense": "reverse", "Sub_sense": null, "Rake_pref": 90, "Rake_minus": 70, "Rake_plus": 110, "SR_pref": 3.0, "SR_min": 1.0, "SR_max": 5.0, "SRT_pref": null, "SRT_min": null, "SRT_max": null, "SRT_gen": null, "UpdDth_prf": 0.0, "UpdDth_min": 0.0, "UpdDth_max": 0.0, "Depth_Dfc": 11.6, "Method_Dfc": 3, "Depth_D90": 11.6, "Method_D90": 3.0, "QualCode": 3, "References": "Mountjoy CFM compilation", "Comments": "Reconnaissance mapping only. Not proven active but possible high SR with Ruatoria south 4 & Houtunui to conservative SR from Gable End Nth and  Ariel Bank 2. Consider implications for interface SR", "CompiledBy": "J Mountjoy", "LastUpdate": "17/12/2020", "Shape_Leng": 41719.713369199999, "Shape_Le_1": 41719.713369199999 }, "geometry": { "type": "MultiLineString", "coordinates": [ [ [ 2098438.2972, 5740066.255800000391901 ], [ 2106186.956799999810755, 5753380.741399999707937 ], [ 2109231.49239999987185, 5757445.168999999761581 ], [ 2118352.431099999696016, 5763212.353000000119209 ], [ 2125329.14049999974668, 5770985.684999999590218 ] ] ] } },
{ "type": "Feature", "properties": { "OBJECTID_1": 639, "OBJECTID": 641, "Fault_ID": 353, "Name": "Ruatoria South 4", "Name_stat": "informal", "Lineage": "New", "Fault_stat": "N-PS", "DomainName": "Hikurangi accretionary margin", "Domain_No": 7, "Dip_pref": 40, "Dip_min": 30.0, "Dip_max": 50.0, "Dip_dir": "NW", "Dom_sense": "reverse", "Sub_sense": null, "Rake_pref": 90, "Rake_minus": 70, "Rake_plus": 110, "SR_pref": 3.0, "SR_min": 1.0, "SR_max": 5.0, "SRT_pref": null, "SRT_min": null, "SRT_max": null, "SRT_gen": null, "UpdDth_prf": 0.0, "UpdDth_min": 0.0, "UpdDth_max": 0.0, "Depth_Dfc": 13.8, "Method_Dfc": 3, "Depth_D90": 13.8, "Method_D90": 3.0, "QualCode": 3, "References": "Mountjoy CFM compilation", "Comments": "Reconnaissance mapping only. Not proven active but possible high SR with Ruatoria south 3 & Houtunui to conservative SR from Gable End Nth and  Ariel Bank 2. Consider implications for interface SR", "CompiledBy": "J Mountjoy", "LastUpdate": "17/12/2020", "Shape_Leng": 33886.028965500002, "Shape_Le_1": 33886.028965500002 }, "geometry": { "type": "MultiLineString", "coordinates": [ [ [ 2092378.760300000198185, 5754878.966199999675155 ], [ 2104157.354600000195205, 5760480.159199999645352 ], [ 2106196.792000000365078, 5763419.581399999558926 ], [ 2108018.606800000183284, 5769927.458999999798834 ], [ 2115711.3942, 5777085.2412 ] ] ] } },
{ "type": "Feature", "properties": { "OBJECTID_1": 551, "OBJECTID": 553, "Fault_ID": 522, "Name": "Ruby Bay - Moutere", "Name_stat": "published", "Lineage": "New", "Fault_stat": "N-PS", "DomainName": "Northwestern South Island", "Domain_No": 13, "Dip_pref": 60, "Dip_min": 50.0, "Dip_max": 70.0, "Dip_dir": "SE", "Dom_sense": "reverse", "Sub_sense": null, "Rake_pref": 90, "Rake_minus": 70, "Rake_plus": 110, "SR_pref": 0.2, "SR_min": 0.1, "SR_max": 0.3, "SRT_pref": "post 20 Ma", "SRT_min": null, "SRT_max": null, "SRT_gen": "≥ 1 Ma", "UpdDth_prf": 0.0, "UpdDth_min": 0.0, "UpdDth_max": 0.0, "Depth_Dfc": 29.2, "Method_Dfc": 1, "Depth_D90": 24.2, "Method_D90": 1.0, "QualCode": 2, "References": "Ghisetti, Johnston and Wopereis 2018", "Comments": "Added from Ghisetti et al. CFM update. Only SR min defined", "CompiledBy": "F Ghisetti", "LastUpdate": "12/02/2021", "Shape_Leng": 60131.874076, "Shape_Le_1": 60131.874076 }, "geometry": { "type": "MultiLineString", "coordinates": [ [ [ 1572494.4211, 5391998.718000000342727 ], [ 1575452.056699999608099, 5396263.216 ], [ 1578014.677799999713898, 5400254.565999999642372 ], [ 1580000.20160000026226, 5403848.995199999772012 ], [ 1581826.292100000195205, 5407439.0433 ], [ 1583086.88370000012219, 5409744.532100000418723 ], [ 1586021.260599999688566, 5413119.733099999837577 ], [ 1587884.282200000248849, 5415826.808899999596179 ], [ 1589792.531600000336766, 5417879.68099999986589 ], [ 1592564.317699999548495, 5419697.66399999987334 ], [ 1595087.513299999758601, 5422165.025999999605119 ], [ 1596705.7643, 5426252.266099999658763 ], [ 1598356.537700000219047, 5429209.901800000108778 ], [ 1601291.246000000275671, 5434208.0768 ], [ 1603371.965900000184774, 5437784.711400000378489 ], [ 1604074.328200000338256, 5439093.972199999727309 ], [ 1606418.964999999850988, 5440677.234000000171363 ] ] ] } },
{ "type": "Feature", "properties": { "OBJECTID_1": 848, "OBJECTID": 851, "Fault_ID": 673, "Name": "Sailor", "Name_stat": "published", "Lineage": "New", "Fault_stat": "A-LS", "DomainName": "Central Canterbury", "Domain_No": 18, "Dip_pref": 55, "Dip_min": 40.0, "Dip_max": 70.0, "Dip_dir": "NW", "Dom_sense": "dextral", "Sub_sense": "reverse", "Rake_pref": 160, "Rake_minus": 140, "Rake_plus": 180, "SR_pref": 0.07, "SR_min": 0.05, "SR_max": 0.1, "SRT_pref": "20 000", "SRT_min": null, "SRT_max": null, "SRT_gen": "10,000s yrs", "UpdDth_prf": 0.0, "UpdDth_min": 0.0, "UpdDth_max": 0.0, "Depth_Dfc": 19.1, "Method_Dfc": 1, "Depth_D90": 13.7, "Method_D90": 1.0, "QualCode": 3, "References": "Mittelstaedt 2011", "Comments": "Would recommend similar parameters to Esk when complied. Esk Fault cf Mittelstaedt (2011) SR 3.4 m reverse dip slip on 21-23.3 k surface", "CompiledBy": "T Stahl", "LastUpdate": "27/11/2020", "Shape_Leng": 31261.449647900001, "Shape_Le_1": 31261.449647900001 }, "geometry": { "type": "MultiLineString", "coordinates": [ [ [ 1504781.587799999862909, 5216009.644999999552965 ], [ 1504776.302000000141561, 5218332.797399999573827 ], [ 1504729.396999999880791, 5220428.028800000436604 ], [ 1505894.223000000230968, 5222560.004999999888241 ], [ 1509356.5406, 5225392.7072 ], [ 1511597.306200000457466, 5226623.315499999560416 ], [ 1514465.1442, 5228565.644799999892712 ], [ 1518428.610399999655783, 5232169.276999999769032 ], [ 1523566.5625, 5239019.204 ] ] ] } },
{ "type": "Feature", "properties": { "OBJECTID_1": 123, "OBJECTID": 124, "Fault_ID": 318, "Name": "Saunders Road", "Name_stat": "published", "Lineage": "Modified", "Fault_stat": "A-LS", "DomainName": "North Island Dextral Fault Belt", "Domain_No": 5, "Dip_pref": 70, "Dip_min": 60.0, "Dip_max": 80.0, "Dip_dir": "NW", "Dom_sense": "dextral", "Sub_sense": "reverse", "Rake_pref": 160, "Rake_minus": 140, "Rake_plus": 180, "SR_pref": 1.0, "SR_min": 0.5, "SR_max": 1.5, "SRT_pref": null, "SRT_min": "10 000", "SRT_max": "12 000", "SRT_gen": "10,000s yrs", "UpdDth_prf": 0.0, "UpdDth_min": 0.0, "UpdDth_max": 0.0, "Depth_Dfc": 19.1, "Method_Dfc": 3, "Depth_D90": 17.6, "Method_D90": 1.0, "QualCode": 3, "References": "Beanland 1995; Schermer et al. 1998, 2004", "Comments": "Previously Saunders Road-Waipukaka. Slip rate reduced based on Schermer et al. (2004)", "CompiledBy": "R Langridge", "LastUpdate": "11/12/2020", "Shape_Leng": 27524.176896500001, "Shape_Le_1": 27524.176896500001 }, "geometry": { "type": "MultiLineString", "coordinates": [ [ [ 1864659.844600000418723, 5508433.794499999843538 ], [ 1860691.987499999813735, 5506238.706299999728799 ], [ 1850963.714499999769032, 5497361.5313 ], [ 1842179.974499999545515, 5492971.241600000299513 ] ] ] } },
{ "type": "Feature", "properties": { "OBJECTID_1": 184, "OBJECTID": 185, "Fault_ID": 840, "Name": "Settlement", "Name_stat": "published", "Lineage": "Modified", "Fault_stat": "A-LS", "DomainName": "Southern South Island", "Domain_No": 21, "Dip_pref": 45, "Dip_min": 30.0, "Dip_max": 60.0, "Dip_dir": "SE", "Dom_sense": "reverse", "Sub_sense": null, "Rake_pref": 90, "Rake_minus": 70, "Rake_plus": 110, "SR_pref": 0.08, "SR_min": 0.06, "SR_max": 0.79, "SRT_pref": "125 000", "SRT_min": "125 000", "SRT_max": "3 600", "SRT_gen": "100,000s yrs", "UpdDth_prf": 0.0, "UpdDth_min": 0.0, "UpdDth_max": 0.0, "Depth_Dfc": 30.0, "Method_Dfc": 2, "Depth_D90": 24.1, "Method_D90": 1.0, "QualCode": 3, "References": "Barrell 2021 (CR2020/88)", "Comments": "Faster short-term Holocene slip estimate, slower last interglacial slip estimate", "CompiledBy": "D Barrell", "LastUpdate": "18/11/2020", "Shape_Leng": 21501.094274300001, "Shape_Le_1": 21501.094274300001 }, "geometry": { "type": "MultiLineString", "coordinates": [ [ [ 1347010.697599999606609, 4855099.61739999987185 ], [ 1345585.754700000397861, 4853540.562199999578297 ], [ 1343573.886099999770522, 4848497.378999999724329 ], [ 1341381.807400000281632, 4845799.604000000283122 ], [ 1339215.2259, 4842556.530399999581277 ], [ 1338657.830699999816716, 4841230.099000000394881 ], [ 1337935.15749999973923, 4839292.245699999853969 ], [ 1337165.3712, 4836314.137699999846518 ] ] ] } },
{ "type": "Feature", "properties": { "OBJECTID_1": 843, "OBJECTID": 846, "Fault_ID": 501, "Name": "Shepherds Gully - Mana", "Name_stat": "published", "Lineage": "Unmodified", "Fault_stat": "A-LS", "DomainName": "Kapiti-Manawatu", "Domain_No": 12, "Dip_pref": 75, "Dip_min": 65.0, "Dip_max": 85.0, "Dip_dir": "NW", "Dom_sense": "reverse", "Sub_sense": null, "Rake_pref": 90, "Rake_minus": 70, "Rake_plus": 110, "SR_pref": 0.2, "SR_min": 0.1, "SR_max": 0.3, "SRT_pref": null, "SRT_min": null, "SRT_max": null, "SRT_gen": "10,000s yrs", "UpdDth_prf": 0.0, "UpdDth_min": 0.0, "UpdDth_max": 0.0, "Depth_Dfc": 30.0, "Method_Dfc": 1, "Depth_D90": 24.1, "Method_D90": 1.0, "QualCode": 2, "References": "Stirling et al. 2012; Litchfield et al. 2013, 2014", "Comments": null, "CompiledBy": "S Nodder, P Barnes", "LastUpdate": "08/01/2021", "Shape_Leng": 21150.387638, "Shape_Le_1": 21150.387638 }, "geometry": { "type": "MultiLineString", "coordinates": [ [ [ 1743834.28969999961555, 5445156.6787 ], [ 1735447.926400000229478, 5425739.989799999631941 ] ] ] } },
{ "type": "Feature", "properties": { "OBJECTID_1": 328, "OBJECTID": 329, "Fault_ID": 761, "Name": "Skippers", "Name_stat": "published", "Lineage": "Unmodified", "Fault_stat": "N-PS", "DomainName": "Southern Alps", "Domain_No": 19, "Dip_pref": 70, "Dip_min": 60.0, "Dip_max": 80.0, "Dip_dir": "W", "Dom_sense": "dextral", "Sub_sense": "reverse", "Rake_pref": 160, "Rake_minus": 140, "Rake_plus": 180, "SR_pref": 0.5, "SR_min": 0.1, "SR_max": 2.0, "SRT_pref": null, "SRT_min": null, "SRT_max": null, "SRT_gen": null, "UpdDth_prf": 0.0, "UpdDth_min": 0.0, "UpdDth_max": 0.0, "Depth_Dfc": 27.0, "Method_Dfc": 3, "Depth_D90": 23.0, "Method_D90": 1.0, "QualCode": 3, "References": "Ballard 1989; Litchfield et al. 2013, 2014; Turnbull et al. 2010", "Comments": null, "CompiledBy": null, "LastUpdate": null, "Shape_Leng": 23437.727012200001, "Shape_Le_1": 23437.727012200001 }, "geometry": { "type": "MultiLineString", "coordinates": [ [ [ 1210372.979299999773502, 5055446.175599999725819 ], [ 1210020.676599999889731, 5059418.880900000222027 ], [ 1211537.711799999698997, 5064210.238599999807775 ], [ 1214456.48589999973774, 5070404.0395 ], [ 1217024.636800000444055, 5077532.087799999862909 ] ] ] } },
{ "type": "Feature", "properties": { "OBJECTID_1": 379, "OBJECTID": 380, "Fault_ID": 793, "Name": "Sliver Stream - Merton", "Name_stat": "published", "Lineage": "New", "Fault_stat": "N-PS", "DomainName": "Otago", "Domain_No": 20, "Dip_pref": 45, "Dip_min": 30.0, "Dip_max": 60.0, "Dip_dir": "NW", "Dom_sense": "reverse", "Sub_sense": "dextral", "Rake_pref": 110, "Rake_minus": 90, "Rake_plus": 130, "SR_pref": 0.05, "SR_min": 0.01, "SR_max": 0.1, "SRT_pref": null, "SRT_min": null, "SRT_max": null, "SRT_gen": "≥ 1 Ma", "UpdDth_prf": 0.0, "UpdDth_min": 0.0, "UpdDth_max": 0.0, "Depth_Dfc": 26.2, "Method_Dfc": 1, "Depth_D90": 22.4, "Method_D90": 1.0, "QualCode": 3, "References": "Villamor et al. 2018 (GNS MS 124); Barrell 2021 (CR2020/88)", "Comments": "Barrell 2019 lengthened the west end, as per above; overall length increased ~6 km", "CompiledBy": "D Barrell", "LastUpdate": "12/02/2021", "Shape_Leng": 35452.316436699999, "Shape_Le_1": 35452.316436699999 }, "geometry": { "type": "MultiLineString", "coordinates": [ [ [ 1394409.705799999646842, 4920257.227 ], [ 1399370.653199999593198, 4923696.817200000397861 ], [ 1401685.762000000104308, 4927930.159 ], [ 1404265.454699999652803, 4928790.056599999777973 ], [ 1404596.184500000439584, 4931171.311300000175834 ], [ 1408749.648, 4940611.136800000444055 ], [ 1416262.850700000301003, 4945840.730000000447035 ] ] ] } },
{ "type": "Feature", "properties": { "OBJECTID_1": 330, "OBJECTID": 331, "Fault_ID": 861, "Name": "Snares", "Name_stat": "published", "Lineage": "Unmodified", "Fault_stat": "N-PS", "DomainName": "Puysegur Ridge - Bank", "Domain_No": 25, "Dip_pref": 70, "Dip_min": 30.0, "Dip_max": 90.0, "Dip_dir": "E", "Dom_sense": "dextral", "Sub_sense": "reverse", "Rake_pref": 160, "Rake_minus": 140, "Rake_plus": 180, "SR_pref": 11.0, "SR_min": 0.0, "SR_max": 22.0, "SRT_pref": "15 000", "SRT_min": null, "SRT_max": null, "SRT_gen": null, "UpdDth_prf": 0.0, "UpdDth_min": 0.0, "UpdDth_max": 0.0, "Depth_Dfc": 18.4, "Method_Dfc": 3, "Depth_D90": 18.4, "Method_D90": 3.0, "QualCode": 3, "References": "Villamor and Berryman 2006; Litchfield et al. 2013, 2014", "Comments": null, "CompiledBy": null, "LastUpdate": null, "Shape_Leng": 107895.684311, "Shape_Le_1": 107895.684311 }, "geometry": { "type": "MultiLineString", "coordinates": [ [ [ 1017225.269399999640882, 4670047.055700000375509 ], [ 1017620.898299999535084, 4694704.972900000400841 ], [ 1014060.339499999769032, 4723295.42200000025332 ], [ 1010517.053100000135601, 4748437.28940000012517 ], [ 1005486.873700000345707, 4777031.177899999544024 ] ] ] } },
{ "type": "Feature", "properties": { "OBJECTID_1": 318, "OBJECTID": 319, "Fault_ID": 839, "Name": "Solander", "Name_stat": "published", "Lineage": "Unmodified", "Fault_stat": "N-PS", "DomainName": "Southern South Island", "Domain_No": 21, "Dip_pref": 60, "Dip_min": 40.0, "Dip_max": 70.0, "Dip_dir": "SE", "Dom_sense": "reverse", "Sub_sense": null, "Rake_pref": 90, "Rake_minus": 70, "Rake_plus": 110, "SR_pref": 0.1, "SR_min": 0.05, "SR_max": 0.15, "SRT_pref": null, "SRT_min": null, "SRT_max": null, "SRT_gen": "≥ 1 Ma", "UpdDth_prf": 0.0, "UpdDth_min": 0.0, "UpdDth_max": 0.0, "Depth_Dfc": 28.2, "Method_Dfc": 1, "Depth_D90": 23.9, "Method_D90": 1.0, "QualCode": 3, "References": "Litchfield et al. 2013, 2014; Sutherland et al. 2006a; Turnbull et al. 2010", "Comments": "Northern tip moved for consistency with Solander-1", "CompiledBy": "D Barrell", "LastUpdate": "12/02/2021", "Shape_Leng": 45643.766266600003, "Shape_Le_1": 45643.766266600003 }, "geometry": { "type": "MultiLineString", "coordinates": [ [ [ 1131402.152599999681115, 4817999.381400000303984 ], [ 1141833.259499999694526, 4838212.550900000147521 ], [ 1156358.913599999621511, 4855913.21129999961704 ] ] ] } },
{ "type": "Feature", "properties": { "OBJECTID_1": 447, "OBJECTID": 448, "Fault_ID": 857, "Name": "South Wedge 1", "Name_stat": "published", "Lineage": "Modified", "Fault_stat": "N-PS", "DomainName": "Western Fiordland Margin - Caswell High", "Domain_No": 24, "Dip_pref": 50, "Dip_min": 35.0, "Dip_max": 65.0, "Dip_dir": "SE", "Dom_sense": "dextral and reverse", "Sub_sense": null, "Rake_pref": 135, "Rake_minus": 115, "Rake_plus": 155, "SR_pref": 0.5, "SR_min": 0.1, "SR_max": 0.9, "SRT_pref": null, "SRT_min": null, "SRT_max": null, "SRT_gen": "100,000s yrs", "UpdDth_prf": 0.0, "UpdDth_min": 0.0, "UpdDth_max": 0.0, "Depth_Dfc": 7.7, "Method_Dfc": 3, "Depth_D90": 7.7, "Method_D90": 3.0, "QualCode": 2, "References": "Lebrun et al. 2000; Barnes et al. 2002", "Comments": "Position edited", "CompiledBy": "P Barnes", "LastUpdate": "24/11/2020", "Shape_Leng": 32294.552695900002, "Shape_Le_1": 32294.552695900002 }, "geometry": { "type": "MultiLineString", "coordinates": [ [ [ 1087491.548499999567866, 4955886.37569999974221 ], [ 1105912.994300000369549, 4982411.61780000012368 ] ] ] } },
{ "type": "Feature", "properties": { "OBJECTID_1": 448, "OBJECTID": 449, "Fault_ID": 855, "Name": "South Wedge 2", "Name_stat": "published", "Lineage": "Unmodified", "Fault_stat": "N-PS", "DomainName": "Western Fiordland Margin - Caswell High", "Domain_No": 24, "Dip_pref": 25, "Dip_min": 15.0, "Dip_max": 35.0, "Dip_dir": "SE", "Dom_sense": "reverse", "Sub_sense": "dextral", "Rake_pref": 110, "Rake_minus": 90, "Rake_plus": 130, "SR_pref": 3.0, "SR_min": 1.0, "SR_max": 5.0, "SRT_pref": null, "SRT_min": null, "SRT_max": null, "SRT_gen": "≥ 1 Ma", "UpdDth_prf": 0.0, "UpdDth_min": 0.0, "UpdDth_max": 0.0, "Depth_Dfc": 8.3, "Method_Dfc": 3, "Depth_D90": 8.3, "Method_D90": 3.0, "QualCode": 2, "References": "Lebrun et al. 2000; Barnes et al. 2002; Litchfield et al. 2013, 2014", "Comments": "Positon edited", "CompiledBy": "P Barnes", "LastUpdate": "24/11/2020", "Shape_Leng": 50176.834786400002, "Shape_Le_1": 50176.834786400002 }, "geometry": { "type": "MultiLineString", "coordinates": [ [ [ 1084011.91440000012517, 4962759.793200000189245 ], [ 1090575.132399999536574, 4979605.779900000430644 ], [ 1096856.6085, 4988939.68059999961406 ], [ 1102281.751199999824166, 4998422.004099999554455 ], [ 1108191.99349999986589, 5006391.857200000435114 ] ] ] } },
{ "type": "Feature", "properties": { "OBJECTID_1": 449, "OBJECTID": 450, "Fault_ID": 856, "Name": "South Wedge 3-6-10", "Name_stat": "informal", "Lineage": "Unmodified", "Fault_stat": "N-PS", "DomainName": "Western Fiordland Margin - Caswell High", "Domain_No": 24, "Dip_pref": 25, "Dip_min": 15.0, "Dip_max": 35.0, "Dip_dir": "SE", "Dom_sense": "reverse", "Sub_sense": "dextral", "Rake_pref": 110, "Rake_minus": 90, "Rake_plus": 130, "SR_pref": 3.0, "SR_min": 1.5, "SR_max": 4.5, "SRT_pref": null, "SRT_min": null, "SRT_max": null, "SRT_gen": "≥ 1 Ma", "UpdDth_prf": 0.0, "UpdDth_min": 0.0, "UpdDth_max": 0.0, "Depth_Dfc": 10.3, "Method_Dfc": 3, "Depth_D90": 10.3, "Method_D90": 3.0, "QualCode": 2, "References": "Lebrun et al. 2000; Barnes et al. 2002; Litchfield et al. 2013, 2014", "Comments": "Previously Litchfield et al (2014) SW6-10 + SW3", "CompiledBy": "P Barnes", "LastUpdate": "24/11/2020", "Shape_Leng": 57880.122035400003, "Shape_Le_1": 57880.122035400003 }, "geometry": { "type": "MultiLineString", "coordinates": [ [ [ 1056719.560499999672174, 4936487.247399999760091 ], [ 1064287.3778, 4947334.452200000174344 ], [ 1067692.895600000396371, 4960830.3931 ], [ 1078413.970200000330806, 4974704.724899999797344 ], [ 1087621.481300000101328, 4984164.496600000187755 ] ] ] } },
{ "type": "Feature", "properties": { "OBJECTID_1": 517, "OBJECTID": 519, "Fault_ID": 858, "Name": "South Wedge 5", "Name_stat": "published", "Lineage": "Modified", "Fault_stat": "N-PS", "DomainName": "Western Fiordland Margin - Caswell High", "Domain_No": 24, "Dip_pref": 25, "Dip_min": 15.0, "Dip_max": 35.0, "Dip_dir": "SE", "Dom_sense": "reverse", "Sub_sense": "dextral", "Rake_pref": 110, "Rake_minus": 90, "Rake_plus": 130, "SR_pref": 3.0, "SR_min": 1.5, "SR_max": 4.5, "SRT_pref": null, "SRT_min": null, "SRT_max": null, "SRT_gen": "≥ 1 Ma", "UpdDth_prf": 0.0, "UpdDth_min": 0.0, "UpdDth_max": 0.0, "Depth_Dfc": 11.6, "Method_Dfc": 3, "Depth_D90": 11.6, "Method_D90": 3.0, "QualCode": 2, "References": "Lebrun et al. 2000; Barnes et al. 2002", "Comments": null, "CompiledBy": "P Barnes", "LastUpdate": "24/11/2020", "Shape_Leng": 72844.352462800001, "Shape_Le_1": 72844.352462800001 }, "geometry": { "type": "MultiLineString", "coordinates": [ [ [ 1049892.597199999727309, 4915001.756400000303984 ], [ 1054924.4315, 4932177.293499999679625 ], [ 1053137.063799999654293, 4937617.404400000348687 ], [ 1061172.2599, 4966291.477699999697506 ], [ 1074480.25829999987036, 4980465.087600000202656 ] ] ] } },
{ "type": "Feature", "properties": { "OBJECTID_1": 331, "OBJECTID": 332, "Fault_ID": 846, "Name": "Spey - Mica Burn", "Name_stat": "published", "Lineage": "Unmodified", "Fault_stat": "A-LS", "DomainName": "Fiordland block", "Domain_No": 23, "Dip_pref": 75, "Dip_min": 60.0, "Dip_max": 90.0, "Dip_dir": "W", "Dom_sense": "dextral and reverse", "Sub_sense": null, "Rake_pref": 135, "Rake_minus": 115, "Rake_plus": 155, "SR_pref": 0.1, "SR_min": 0.05, "SR_max": 2.0, "SRT_pref": null, "SRT_min": null, "SRT_max": null, "SRT_gen": null, "UpdDth_prf": 0.0, "UpdDth_min": 0.0, "UpdDth_max": 0.0, "Depth_Dfc": 28.3, "Method_Dfc": 1, "Depth_D90": 24.4, "Method_D90": 1.0, "QualCode": 3, "References": "Litchfield et al. 2013, 2014; Turnbull et al. 2010", "Comments": null, "CompiledBy": null, "LastUpdate": null, "Shape_Leng": 40634.853104399997, "Shape_Le_1": 40634.853104399997 }, "geometry": { "type": "MultiLineString", "coordinates": [ [ [ 1139416.582600000314415, 4926762.112200000323355 ], [ 1142513.835, 4930335.218399999663234 ], [ 1145920.102800000458956, 4934761.814500000327826 ], [ 1148937.50069999974221, 4939963.20160000026226 ], [ 1150793.26630000025034, 4943999.201399999670684 ], [ 1150785.036500000394881, 4949971.597 ], [ 1151785.058899999596179, 4956255.5301 ], [ 1153327.044300000183284, 4963625.844100000336766 ] ] ] } },
{ "type": "Feature", "properties": { "OBJECTID_1": 36, "OBJECTID": 37, "Fault_ID": 656, "Name": "Springbank", "Name_stat": "published", "Lineage": "Modified", "Fault_stat": "A-LS", "DomainName": "Northeastern Canterbury", "Domain_No": 17, "Dip_pref": 50, "Dip_min": 35.0, "Dip_max": 65.0, "Dip_dir": "NW", "Dom_sense": "reverse", "Sub_sense": null, "Rake_pref": 90, "Rake_minus": 70, "Rake_plus": 110, "SR_pref": 0.15, "SR_min": 0.06, "SR_max": 0.3, "SRT_pref": null, "SRT_min": null, "SRT_max": null, "SRT_gen": "100,000s yrs", "UpdDth_prf": 0.5, "UpdDth_min": 0.0, "UpdDth_max": 1.0, "Depth_Dfc": 27.3, "Method_Dfc": 1, "Depth_D90": 22.8, "Method_D90": 1.0, "QualCode": 3, "References": "Jongens et al. 2012; Barrell and Begg 2013; Barrell and Townsend 2012; Estrada 2003; Forsyth et al. 2008; Goded et al. 2018", "Comments": "Previously Springbank2017 (Goded et al. 2018). Fault tip is buried, with only a broad monoclinal fold at the surface (Jongens et al. 2012). The fault tip is best characterised as being 0.5 km below ground.", "CompiledBy": "D Barrell", "LastUpdate": "12/02/2021", "Shape_Leng": 21045.566535999998, "Shape_Le_1": 21045.566535999998 }, "geometry": { "type": "MultiLineString", "coordinates": [ [ [ 1561557.086400000378489, 5210074.236100000329316 ], [ 1559903.437300000339746, 5208288.295 ], [ 1558051.350200000219047, 5207031.52170000039041 ], [ 1554325.080699999816716, 5203124.507299999706447 ], [ 1548944.895100000314415, 5199754.225700000301003 ], [ 1544357.193400000222027, 5199162.722199999727309 ] ] ] } },
{ "type": "Feature", "properties": { "OBJECTID_1": 96, "OBJECTID": 97, "Fault_ID": 827, "Name": "Spylaw", "Name_stat": "published", "Lineage": "Modified", "Fault_stat": "A-LS", "DomainName": "Southern South Island", "Domain_No": 21, "Dip_pref": 45, "Dip_min": 30.0, "Dip_max": 70.0, "Dip_dir": "SE", "Dom_sense": "reverse", "Sub_sense": null, "Rake_pref": 90, "Rake_minus": 70, "Rake_plus": 110, "SR_pref": 0.26, "SR_min": 0.21, "SR_max": 0.31, "SRT_pref": null, "SRT_min": null, "SRT_max": null, "SRT_gen": "10,000s yrs", "UpdDth_prf": 0.0, "UpdDth_min": 0.0, "UpdDth_max": 0.0, "Depth_Dfc": 33.4, "Method_Dfc": 1, "Depth_D90": 28.7, "Method_D90": 1.0, "QualCode": 2, "References": "Barrell 2021 (CR2020/88); Pace et al. 2005", "Comments": "Preferred slip rate reinterpreted from data in Pace et al. 2005; min and max are half and twice respectively. SW end of fault source shortened by ~17 km, as that sector was on a different fault, with an opposing sense of throw (down to the SE)", "CompiledBy": "D Barrell", "LastUpdate": "18/11/2020", "Shape_Leng": 31414.981469800001, "Shape_Le_1": 31414.981469800001 }, "geometry": { "type": "MultiLineString", "coordinates": [ [ [ 1320070.660799999721348, 4925757.026700000278652 ], [ 1311785.047799999825656, 4922962.000099999830127 ], [ 1308079.722400000318885, 4923902.19539999961853 ], [ 1302327.4945, 4920650.185600000433624 ], [ 1295687.961900000460446, 4915559.057199999690056 ], [ 1295001.322700000368059, 4914755.0115 ], [ 1294472.15500000026077, 4913895.114 ], [ 1294290.253600000403821, 4913084.825899999588728 ], [ 1294273.7171, 4912109.172899999655783 ] ] ] } },
{ "type": "Feature", "properties": { "OBJECTID_1": 394, "OBJECTID": 395, "Fault_ID": 6, "Name": "St Stephens", "Name_stat": "published", "Lineage": "New", "Fault_stat": "N-PS", "DomainName": "North Waikato - South Auckland", "Domain_No": 2, "Dip_pref": 65, "Dip_min": 50.0, "Dip_max": 80.0, "Dip_dir": "NW", "Dom_sense": "normal", "Sub_sense": null, "Rake_pref": -90, "Rake_minus": -110, "Rake_plus": -70, "SR_pref": 0.01, "SR_min": 0.01, "SR_max": 0.01, "SRT_pref": null, "SRT_min": "900 000", "SRT_max": "1.2 Ma", "SRT_gen": "≥ 1 Ma", "UpdDth_prf": 0.0, "UpdDth_min": 0.0, "UpdDth_max": 0.0, "Depth_Dfc": 22.5, "Method_Dfc": 1, "Depth_D90": 17.0, "Method_D90": 1.0, "QualCode": 3, "References": "Townsend and Bland CFM compilation", "Comments": null, "CompiledBy": null, "LastUpdate": null, "Shape_Leng": 11776.715788199999, "Shape_Le_1": 11776.715788199999 }, "geometry": { "type": "MultiLineString", "coordinates": [ [ [ 1776745.784699999727309, 5884037.7456 ], [ 1772755.860000000335276, 5880979.15610000025481 ], [ 1768792.393799999728799, 5879292.434000000357628 ], [ 1766497.1288, 5878458.994800000451505 ] ] ] } },
{ "type": "Feature", "properties": { "OBJECTID_1": 34, "OBJECTID": 35, "Fault_ID": 655, "Name": "Starvation - Ashley", "Name_stat": "published", "Lineage": "Modified", "Fault_stat": "A-LS", "DomainName": "Northeastern Canterbury", "Domain_No": 17, "Dip_pref": 70, "Dip_min": 60.0, "Dip_max": 80.0, "Dip_dir": "N", "Dom_sense": "dextral and reverse", "Sub_sense": null, "Rake_pref": 135, "Rake_minus": 115, "Rake_plus": 155, "SR_pref": 0.6, "SR_min": 0.4, "SR_max": 0.8, "SRT_pref": null, "SRT_min": null, "SRT_max": null, "SRT_gen": "10,000s yrs", "UpdDth_prf": 0.0, "UpdDth_min": 0.0, "UpdDth_max": 0.0, "Depth_Dfc": 26.3, "Method_Dfc": 1, "Depth_D90": 21.4, "Method_D90": 1.0, "QualCode": 3, "References": "Sisson et al. 2001 (EQC 97/237); Forsyth et al. 2008 (QMAP);  Jongens et al. 2012; Barrell and Begg 2013 (CR2012/326); Barrell and Van Dissen 2013 (CR2013/173; Barrell 2019 (CR2019/141LR);", "Comments": "Replacement for existing Ashley and Cust fault sources.", "CompiledBy": "D Barrell", "LastUpdate": "12/02/2021", "Shape_Leng": 41316.21605100001, "Shape_Le_1": 41316.21605100001 }, "geometry": { "type": "MultiLineString", "coordinates": [ [ [ 1568105.536999999545515, 5210140.3821 ], [ 1564599.800800000317395, 5210140.3821 ], [ 1559308.123599999584258, 5210603.403800000436604 ], [ 1551965.921400000341237, 5209941.944199999794364 ], [ 1549253.93680000025779, 5207560.689399999566376 ], [ 1546674.244099999777973, 5207163.8136 ], [ 1541316.42090000025928, 5207428.3975 ], [ 1538802.874200000427663, 5205444.018500000238419 ], [ 1535230.99210000038147, 5205576.310399999842048 ], [ 1528480.723199999891222, 5206043.584699999541044 ] ] ] } },
{ "type": "Feature", "properties": { "OBJECTID_1": 359, "OBJECTID": 360, "Fault_ID": 629, "Name": "StoneJug", "Name_stat": "published", "Lineage": "New", "Fault_stat": "A-LS", "DomainName": "Northeastern Canterbury", "Domain_No": 17, "Dip_pref": 70, "Dip_min": 55.0, "Dip_max": 85.0, "Dip_dir": "SW", "Dom_sense": "reverse", "Sub_sense": null, "Rake_pref": 90, "Rake_minus": 70, "Rake_plus": 110, "SR_pref": 0.15, "SR_min": 0.06, "SR_max": 0.28, "SRT_pref": null, "SRT_min": null, "SRT_max": null, "SRT_gen": null, "UpdDth_prf": 0.0, "UpdDth_min": 0.0, "UpdDth_max": 0.0, "Depth_Dfc": 23.7, "Method_Dfc": 1, "Depth_D90": 16.3, "Method_D90": 1.0, "QualCode": 3, "References": "Barrell and Townsend 2012; Goded et al. 2018; Litchfield et al. 2018; Nicol et al. 2018; Rattenbury et al. 2006", "Comments": null, "CompiledBy": null, "LastUpdate": null, "Shape_Leng": 18368.374943, "Shape_Le_1": 18368.374943 }, "geometry": { "type": "MultiLineString", "coordinates": [ [ [ 1626558.320600000210106, 5304103.6584 ], [ 1629096.057, 5303211.539099999703467 ], [ 1630570.042500000447035, 5301857.483199999667704 ], [ 1633197.208499999716878, 5297427.827399999834597 ], [ 1633746.640800000168383, 5293320.384700000286102 ], [ 1635157.905799999833107, 5290914.716900000348687 ], [ 1636639.8004, 5290328.464800000190735 ] ] ] } },
{ "type": "Feature", "properties": { "OBJECTID_1": 367, "OBJECTID": 368, "Fault_ID": 725, "Name": "Stonewall", "Name_stat": "published", "Lineage": "New", "Fault_stat": "A-LS", "DomainName": "Central Canterbury", "Domain_No": 18, "Dip_pref": 60, "Dip_min": 40.0, "Dip_max": 70.0, "Dip_dir": "NE", "Dom_sense": "reverse", "Sub_sense": "sinistral", "Rake_pref": 70, "Rake_minus": 50, "Rake_plus": 90, "SR_pref": 0.03, "SR_min": 0.02, "SR_max": 0.07, "SRT_pref": null, "SRT_min": null, "SRT_max": null, "SRT_gen": "10,000s yrs", "UpdDth_prf": 0.0, "UpdDth_min": 0.0, "UpdDth_max": 0.0, "Depth_Dfc": 22.5, "Method_Dfc": 1, "Depth_D90": 17.4, "Method_D90": 1.0, "QualCode": 2, "References": "Barrell et al. 2004 (CR2004/56); Barrell 2016 (CR2015/166)", "Comments": "Max and min slip rates from younger and older bounds of most recent rupture documented by Barrell et al. 2005, with best rate being between those two values", "CompiledBy": "D Barrell", "LastUpdate": "12/02/2021", "Shape_Leng": 47440.311667000002, "Shape_Le_1": 47440.311667000002 }, "geometry": { "type": "MultiLineString", "coordinates": [ [ [ 1436512.904799999669194, 5024668.245000000111759 ], [ 1416907.240600000135601, 5033637.637900000438094 ], [ 1405953.4687, 5040225.776100000366569 ], [ 1401270.334300000220537, 5043162.656899999827147 ], [ 1398174.703099999576807, 5043003.906600000336766 ], [ 1393888.4446, 5044273.909199999645352 ] ] ] } },
{ "type": "Feature", "properties": { "OBJECTID_1": 503, "OBJECTID": 505, "Fault_ID": 696, "Name": "Sugarloaf", "Name_stat": "published", "Lineage": "New", "Fault_stat": "A-LS", "DomainName": "Central Canterbury", "Domain_No": 18, "Dip_pref": 60, "Dip_min": 50.0, "Dip_max": 70.0, "Dip_dir": "SW", "Dom_sense": "reverse", "Sub_sense": "sinistral", "Rake_pref": 70, "Rake_minus": 50, "Rake_plus": 90, "SR_pref": 0.07, "SR_min": 0.05, "SR_max": 0.12, "SRT_pref": null, "SRT_min": null, "SRT_max": null, "SRT_gen": "100,000s yrs", "UpdDth_prf": 0.0, "UpdDth_min": 0.0, "UpdDth_max": 0.0, "Depth_Dfc": 26.5, "Method_Dfc": 1, "Depth_D90": 21.4, "Method_D90": 1.0, "QualCode": 3, "References": "Barrell and Strong 2010 (CR2010/147); Barrell and Strong 2012 (CR2012/245); Barrell CFM compilation", "Comments": "Structure contours of Barrell and Strong (2012 - CR2012/245) point to a substantial SE-striking fault, with localised likely recent scarps (Barrell and Strong 2010 - CR2010/147). Extrapolated SE based on QMAP faults", "CompiledBy": "D Barrell", "LastUpdate": "12/02/2021", "Shape_Leng": 35430.6038644, "Shape_Le_1": 35430.6038644 }, "geometry": { "type": "MultiLineString", "coordinates": [ [ [ 1424788.223500000312924, 5137619.652900000102818 ], [ 1432983.4331, 5132526.386 ], [ 1435415.49959999974817, 5131367.367200000211596 ], [ 1437730.60840000025928, 5130044.4479 ], [ 1439714.987300000153482, 5130011.374900000169873 ], [ 1440524.294599999673665, 5129821.921299999579787 ], [ 1441709.306099999696016, 5128937.954 ], [ 1442834.3032, 5125663.905799999833107 ], [ 1443718.13260000012815, 5124498.858 ], [ 1444561.787899999879301, 5123996.682300000451505 ], [ 1447755.625799999572337, 5123313.723199999891222 ], [ 1448120.65639999974519, 5123096.150999999605119 ], [ 1448920.673600000329316, 5120802.8443 ], [ 1451250.7692, 5117428.2231 ] ] ] } },
{ "type": "Feature", "properties": { "OBJECTID_1": 550, "OBJECTID": 552, "Fault_ID": 513, "Name": "Surville", "Name_stat": "published", "Lineage": "New", "Fault_stat": "N-PS", "DomainName": "Northwestern South Island", "Domain_No": 13, "Dip_pref": 60, "Dip_min": 50.0, "Dip_max": 70.0, "Dip_dir": "SE", "Dom_sense": "reverse", "Sub_sense": null, "Rake_pref": 90, "Rake_minus": 70, "Rake_plus": 110, "SR_pref": 0.03, "SR_min": 0.02, "SR_max": 0.04, "SRT_pref": "post 3 Ma", "SRT_min": null, "SRT_max": null, "SRT_gen": "≥ 1 Ma", "UpdDth_prf": 0.0, "UpdDth_min": 0.0, "UpdDth_max": 0.0, "Depth_Dfc": 30.2, "Method_Dfc": 1, "Depth_D90": 24.9, "Method_D90": 1.0, "QualCode": 3, "References": "Rattenbury et al. 1998 Ghisetti, Jonston and Wopereis 2018", "Comments": "Added from Ghisetti et al. CFM update. Only SR min defined", "CompiledBy": "F Ghisetti", "LastUpdate": "12/02/2021", "Shape_Leng": 108110.860394, "Shape_Le_1": 108110.860394 }, "geometry": { "type": "MultiLineString", "coordinates": [ [ [ 1606344.148199999704957, 5440634.344399999827147 ], [ 1608447.846099999733269, 5441773.524000000208616 ], [ 1615414.529500000178814, 5444662.974999999627471 ], [ 1617982.399299999698997, 5445488.361700000241399 ], [ 1621513.220200000330806, 5448491.85219999961555 ], [ 1624814.767, 5451793.399000000208616 ], [ 1627634.838200000114739, 5455301.292500000447035 ], [ 1631073.949500000104308, 5459772.137199999764562 ], [ 1634375.496299999766052, 5463623.941800000146031 ], [ 1637058.002999999560416, 5467200.617499999701977 ], [ 1637288.371799999848008, 5468787.314500000327826 ], [ 1637919.957100000232458, 5471675.416299999691546 ], [ 1638530.801099999807775, 5475660.32050000037998 ], [ 1638433.6475, 5480544.369099999777973 ], [ 1637814.6075, 5484258.609299999661744 ], [ 1635957.4874, 5488041.631699999794364 ], [ 1635497.6711, 5492101.223500000312924 ], [ 1634169.149600000120699, 5497671.143199999816716 ], [ 1632464.547799999825656, 5501315.544599999673665 ], [ 1633894.020700000226498, 5504343.019000000320375 ], [ 1635544.794099999591708, 5507919.69469999987632 ], [ 1638020.954199999570847, 5514110.09499999973923 ], [ 1640359.549800000153482, 5517205.295099999755621 ], [ 1641872.7588, 5521332.2286 ], [ 1643729.878899999894202, 5525803.073300000280142 ], [ 1645380.652300000190735, 5529586.095700000412762 ] ] ] } },
{ "type": "Feature", "properties": { "OBJECTID_1": 389, "OBJECTID": 390, "Fault_ID": 801, "Name": "Takapu", "Name_stat": "published", "Lineage": "New", "Fault_stat": "N-PS", "DomainName": "Otago", "Domain_No": 20, "Dip_pref": 45, "Dip_min": 35.0, "Dip_max": 55.0, "Dip_dir": "SE", "Dom_sense": "reverse", "Sub_sense": null, "Rake_pref": 90, "Rake_minus": 70, "Rake_plus": 110, "SR_pref": 0.01, "SR_min": 0.01, "SR_max": 0.01, "SRT_pref": null, "SRT_min": null, "SRT_max": null, "SRT_gen": null, "UpdDth_prf": 0.0, "UpdDth_min": 0.0, "UpdDth_max": 0.0, "Depth_Dfc": 30.0, "Method_Dfc": 2, "Depth_D90": 21.3, "Method_D90": 1.0, "QualCode": 3, "References": "Goded et al. 2019 (CR2019/79)", "Comments": null, "CompiledBy": null, "LastUpdate": null, "Shape_Leng": 55659.030199399996, "Shape_Le_1": 55659.030199399996 }, "geometry": { "type": "MultiLineString", "coordinates": [ [ [ 1389347.67989999987185, 4866016.49210000038147 ], [ 1391439.85190000012517, 4868684.007799999788404 ], [ 1395640.713100000284612, 4877539.355100000277162 ], [ 1397813.4665, 4881875.299599999561906 ], [ 1399382.38399999961257, 4885078.274000000208616 ], [ 1401228.565100000239909, 4887733.605600000359118 ], [ 1403597.496000000275671, 4890219.6513 ], [ 1405599.451100000180304, 4892136.9753 ], [ 1410122.756799999624491, 4895985.4819 ], [ 1413025.615500000305474, 4898113.213999999687076 ], [ 1415751.63150000013411, 4901902.216099999845028 ], [ 1417846.5625, 4905300.525000000372529 ], [ 1419604.497100000269711, 4911468.0729 ] ] ] } },
{ "type": "Feature", "properties": { "OBJECTID_1": 404, "OBJECTID": 405, "Fault_ID": 488, "Name": "Taonui", "Name_stat": "published", "Lineage": "New", "Fault_stat": "N-PS", "DomainName": "Kapiti-Manawatu", "Domain_No": 12, "Dip_pref": 60, "Dip_min": 45.0, "Dip_max": 75.0, "Dip_dir": "NW", "Dom_sense": "reverse", "Sub_sense": "dextral", "Rake_pref": 110, "Rake_minus": 90, "Rake_plus": 130, "SR_pref": 0.2, "SR_min": 0.14, "SR_max": 0.44, "SRT_pref": null, "SRT_min": null, "SRT_max": null, "SRT_gen": "10,000s yrs", "UpdDth_prf": 0.0, "UpdDth_min": 0.0, "UpdDth_max": 0.0, "Depth_Dfc": 42.0, "Method_Dfc": 1, "Depth_D90": 29.8, "Method_D90": 1.0, "QualCode": 2, "References": "Langridge and Morgenstern 2019b", "Comments": "new possible source indentified as an FAA", "CompiledBy": "R Langridge, R Morgenstern", "LastUpdate": "25/11/2020", "Shape_Leng": 13426.958174400001, "Shape_Le_1": 13426.958174400001 }, "geometry": { "type": "MultiLineString", "coordinates": [ [ [ 1816236.5176, 5535921.096599999815226 ], [ 1821199.608, 5543269.342799999751151 ], [ 1824824.053600000217557, 5546035.908800000324845 ] ] ] } },
{ "type": "Feature", "properties": { "OBJECTID_1": 756, "OBJECTID": 759, "Fault_ID": 78, "Name": "Tauranga Trough East 2", "Name_stat": "published", "Lineage": "Unmodified", "Fault_stat": "N-PS", "DomainName": "Havre Trough - Taupo Rift", "Domain_No": 4, "Dip_pref": 50, "Dip_min": 40.0, "Dip_max": 60.0, "Dip_dir": "NW", "Dom_sense": "normal", "Sub_sense": null, "Rake_pref": -90, "Rake_minus": -110, "Rake_plus": -70, "SR_pref": 2.0, "SR_min": 1.5, "SR_max": 2.5, "SRT_pref": null, "SRT_min": null, "SRT_max": null, "SRT_gen": null, "UpdDth_prf": 0.0, "UpdDth_min": 0.0, "UpdDth_max": 0.0, "Depth_Dfc": 26.5, "Method_Dfc": 1, "Depth_D90": 24.4, "Method_D90": 1.0, "QualCode": 4, "References": "Lamarche and Barnes 2005; Litchfield et al. 2013, 2014", "Comments": null, "CompiledBy": "P Barnes", "LastUpdate": "11/01/2021", "Shape_Leng": 25888.940931199999, "Shape_Le_1": 25888.940931199999 }, "geometry": { "type": "MultiLineString", "coordinates": [ [ [ 1989693.0406, 5908520.8339 ], [ 1984379.504599999636412, 5905737.1053 ], [ 1975439.596, 5899344.781000000424683 ], [ 1970775.802299999631941, 5891764.365299999713898 ] ] ] } },
{ "type": "Feature", "properties": { "OBJECTID_1": 753, "OBJECTID": 756, "Fault_ID": 63, "Name": "Tauranga Trough West 2", "Name_stat": "published", "Lineage": "Modified", "Fault_stat": "N-PS", "DomainName": "Havre Trough - Taupo Rift", "Domain_No": 4, "Dip_pref": 50, "Dip_min": 40.0, "Dip_max": 60.0, "Dip_dir": "NW", "Dom_sense": "normal", "Sub_sense": null, "Rake_pref": -90, "Rake_minus": -110, "Rake_plus": -70, "SR_pref": 1.95, "SR_min": 1.45, "SR_max": 2.45, "SRT_pref": null, "SRT_min": null, "SRT_max": null, "SRT_gen": null, "UpdDth_prf": 0.0, "UpdDth_min": 0.0, "UpdDth_max": 0.0, "Depth_Dfc": 25.9, "Method_Dfc": 1, "Depth_D90": 25.5, "Method_D90": 1.0, "QualCode": 4, "References": "Lamarche and Barnes 2005", "Comments": null, "CompiledBy": "P Barnes", "LastUpdate": "11/01/2021", "Shape_Leng": 35724.485029700001, "Shape_Le_1": 35724.485029700001 }, "geometry": { "type": "MultiLineString", "coordinates": [ [ [ 1979789.552500000223517, 5919394.21239999961108 ], [ 1971091.103799999691546, 5911841.871299999766052 ], [ 1965933.74100000038743, 5909016.2802 ], [ 1960902.038599999621511, 5906956.059100000187755 ], [ 1958447.419599999673665, 5906617.49100000038743 ], [ 1955061.738199999555945, 5904501.440100000239909 ], [ 1951938.116499999538064, 5902836.2692 ], [ 1950067.858099999837577, 5900650.2275 ] ] ] } },
{ "type": "Feature", "properties": { "OBJECTID_1": 322, "OBJECTID": 323, "Fault_ID": 841, "Name": "Tauru", "Name_stat": "published", "Lineage": "Unmodified", "Fault_stat": "N-PS", "DomainName": "Southern South Island", "Domain_No": 21, "Dip_pref": 50, "Dip_min": 30.0, "Dip_max": 70.0, "Dip_dir": "NE", "Dom_sense": "reverse", "Sub_sense": null, "Rake_pref": 90, "Rake_minus": 70, "Rake_plus": 110, "SR_pref": 0.2, "SR_min": 0.1, "SR_max": 0.3, "SRT_pref": null, "SRT_min": null, "SRT_max": null, "SRT_gen": null, "UpdDth_prf": 0.0, "UpdDth_min": 0.0, "UpdDth_max": 0.0, "Depth_Dfc": 30.0, "Method_Dfc": 2, "Depth_D90": 25.0, "Method_D90": 2.0, "QualCode": 3, "References": "Lamarche and Barnes 2005; Litchfield et al. 2013, 2014", "Comments": null, "CompiledBy": null, "LastUpdate": null, "Shape_Leng": 44785.281763600011, "Shape_Le_1": 44785.281763600011 }, "geometry": { "type": "MultiLineString", "coordinates": [ [ [ 1101372.406899999827147, 4727164.379599999636412 ], [ 1095043.778599999845028, 4740080.9638 ], [ 1086499.011599999852479, 4752622.088499999605119 ], [ 1079061.476800000295043, 4765908.201899999752641 ] ] ] } },
{ "type": "Feature", "properties": { "OBJECTID_1": 101, "OBJECTID": 102, "Fault_ID": 845, "Name": "Te Anau", "Name_stat": "published", "Lineage": "Unmodified", "Fault_stat": "A-LS", "DomainName": "Fiordland block", "Domain_No": 23, "Dip_pref": 70, "Dip_min": 50.0, "Dip_max": 90.0, "Dip_dir": "W", "Dom_sense": "reverse", "Sub_sense": "dextral", "Rake_pref": 110, "Rake_minus": 90, "Rake_plus": 130, "SR_pref": 0.5, "SR_min": 0.3, "SR_max": 0.8, "SRT_pref": null, "SRT_min": null, "SRT_max": null, "SRT_gen": "≥ 1 Ma", "UpdDth_prf": 0.0, "UpdDth_min": 0.0, "UpdDth_max": 0.0, "Depth_Dfc": 28.3, "Method_Dfc": 1, "Depth_D90": 25.7, "Method_D90": 1.0, "QualCode": 3, "References": "Litchfield et al. 2013, 2014; Sutherland et al. 2009; Turnbull et al. 1993", "Comments": null, "CompiledBy": null, "LastUpdate": null, "Shape_Leng": 84196.924426800004, "Shape_Le_1": 84196.924426800004 }, "geometry": { "type": "MultiLineString", "coordinates": [ [ [ 1211972.847199999727309, 5026324.926799999549985 ], [ 1206436.280899999663234, 5021889.079199999570847 ], [ 1199426.230999999679625, 5012280.6891 ], [ 1195741.103400000371039, 5002304.643699999898672 ], [ 1190954.433199999853969, 4986416.451999999582767 ], [ 1187280.557500000111759, 4968311.52170000039041 ], [ 1179175.814399999566376, 4950568.632000000216067 ] ] ] } },
{ "type": "Feature", "properties": { "OBJECTID_1": 777, "OBJECTID": 780, "Fault_ID": 128, "Name": "Te Arawa 1", "Name_stat": "published", "Lineage": "Unmodified", "Fault_stat": "N-PS", "DomainName": "Havre Trough - Taupo Rift", "Domain_No": 4, "Dip_pref": 50, "Dip_min": 40.0, "Dip_max": 60.0, "Dip_dir": "SE", "Dom_sense": "normal", "Sub_sense": null, "Rake_pref": -90, "Rake_minus": -110, "Rake_plus": -70, "SR_pref": 2.7, "SR_min": 2.05, "SR_max": 3.4, "SRT_pref": null, "SRT_min": null, "SRT_max": null, "SRT_gen": null, "UpdDth_prf": 0.0, "UpdDth_min": 0.0, "UpdDth_max": 0.0, "Depth_Dfc": 23.1, "Method_Dfc": 1, "Depth_D90": 18.5, "Method_D90": 1.0, "QualCode": 4, "References": "Lamarche and Barnes 2005; Litchfield et al. 2013, 2014", "Comments": null, "CompiledBy": "P Barnes", "LastUpdate": "11/01/2021", "Shape_Leng": 18897.198725300001, "Shape_Le_1": 18897.198725300001 }, "geometry": { "type": "MultiLineString", "coordinates": [ [ [ 1982456.31969999987632, 5853982.299700000323355 ], [ 1978331.0471, 5851153.743800000287592 ], [ 1974116.019100000150502, 5847413.1453 ], [ 1971565.032800000160933, 5846162.518899999558926 ], [ 1970587.546900000423193, 5844753.139499999582767 ], [ 1967497.823699999600649, 5842710.952600000426173 ] ] ] } },
{ "type": "Feature", "properties": { "OBJECTID_1": 776, "OBJECTID": 779, "Fault_ID": 123, "Name": "Te Arawa 2", "Name_stat": "published", "Lineage": "Unmodified", "Fault_stat": "N-PS", "DomainName": "Havre Trough - Taupo Rift", "Domain_No": 4, "Dip_pref": 50, "Dip_min": 40.0, "Dip_max": 60.0, "Dip_dir": "SE", "Dom_sense": "normal", "Sub_sense": null, "Rake_pref": -90, "Rake_minus": -110, "Rake_plus": -70, "SR_pref": 2.75, "SR_min": 2.05, "SR_max": 3.4, "SRT_pref": null, "SRT_min": null, "SRT_max": null, "SRT_gen": null, "UpdDth_prf": 0.0, "UpdDth_min": 0.0, "UpdDth_max": 0.0, "Depth_Dfc": 23.8, "Method_Dfc": 1, "Depth_D90": 20.1, "Method_D90": 1.0, "QualCode": 4, "References": "Lamarche and Barnes 2005; Litchfield et al. 2013, 2014", "Comments": null, "CompiledBy": "P Barnes", "LastUpdate": "11/01/2021", "Shape_Leng": 16074.231835799999, "Shape_Le_1": 16074.231835799999 }, "geometry": { "type": "MultiLineString", "coordinates": [ [ [ 1981375.189899999648333, 5858403.534799999557436 ], [ 1976303.8783, 5854590.980100000277162 ], [ 1970224.1107, 5846994.7686 ] ] ] } },
{ "type": "Feature", "properties": { "OBJECTID_1": 775, "OBJECTID": 778, "Fault_ID": 119, "Name": "Te Arawa 3", "Name_stat": "published", "Lineage": "Modified", "Fault_stat": "N-PS", "DomainName": "Havre Trough - Taupo Rift", "Domain_No": 4, "Dip_pref": 50, "Dip_min": 40.0, "Dip_max": 60.0, "Dip_dir": "SE", "Dom_sense": "normal", "Sub_sense": null, "Rake_pref": -90, "Rake_minus": -110, "Rake_plus": -70, "SR_pref": 2.0, "SR_min": 1.5, "SR_max": 2.5, "SRT_pref": null, "SRT_min": null, "SRT_max": null, "SRT_gen": null, "UpdDth_prf": 0.0, "UpdDth_min": 0.0, "UpdDth_max": 0.0, "Depth_Dfc": 24.9, "Method_Dfc": 1, "Depth_D90": 21.8, "Method_D90": 1.0, "QualCode": 4, "References": "Lamarche and Barnes 2005", "Comments": null, "CompiledBy": "P Barnes", "LastUpdate": "11/01/2021", "Shape_Leng": 12772.205992200001, "Shape_Le_1": 12772.205992200001 }, "geometry": { "type": "MultiLineString", "coordinates": [ [ [ 1989292.314000000245869, 5865430.215300000272691 ], [ 1985306.652099999599159, 5863635.244400000199676 ], [ 1983078.5011, 5862128.588000000454485 ], [ 1977935.587899999693036, 5859644.835400000214577 ] ] ] } },
{ "type": "Feature", "properties": { "OBJECTID_1": 401, "OBJECTID": 402, "Fault_ID": 377, "Name": "Te Heka", "Name_stat": "published", "Lineage": "New", "Fault_stat": "A-LS", "DomainName": "Hikurangi accretionary margin", "Domain_No": 7, "Dip_pref": 60, "Dip_min": 45.0, "Dip_max": 75.0, "Dip_dir": "NW", "Dom_sense": "reverse", "Sub_sense": "dextral", "Rake_pref": 110, "Rake_minus": 90, "Rake_plus": 130, "SR_pref": 0.2, "SR_min": 0.1, "SR_max": 0.3, "SRT_pref": null, "SRT_min": null, "SRT_max": null, "SRT_gen": null, "UpdDth_prf": 0.0, "UpdDth_min": 0.0, "UpdDth_max": 0.0, "Depth_Dfc": 24.5, "Method_Dfc": 3, "Depth_D90": 24.0, "Method_D90": 1.0, "QualCode": 3, "References": "Langridge and Reis 2014, 2015 (CR2013/151, CR2015/112)", "Comments": "New source from Hastings Dc mapping; extended to S based on QMAP", "CompiledBy": "R Langridge, R Morgenstern", "LastUpdate": "25/11/2020", "Shape_Leng": 32282.229079100001, "Shape_Le_1": 32282.229079100001 }, "geometry": { "type": "MultiLineString", "coordinates": [ [ [ 1899741.0488, 5577733.319899999536574 ], [ 1902550.7632, 5586525.056200000457466 ], [ 1907726.297399999573827, 5590668.4271 ], [ 1911256.852, 5598000.8651 ], [ 1913162.312199999578297, 5603529.5833 ], [ 1914729.306900000199676, 5605395.5587 ] ] ] } },
{ "type": "Feature", "properties": { "OBJECTID_1": 632, "OBJECTID": 634, "Fault_ID": 359, "Name": "Te Ikaarongamai", "Name_stat": "published", "Lineage": "New", "Fault_stat": "A-LS", "DomainName": "Hikurangi accretionary margin", "Domain_No": 7, "Dip_pref": 40, "Dip_min": 30.0, "Dip_max": 50.0, "Dip_dir": "SW", "Dom_sense": "reverse", "Sub_sense": "sinistral", "Rake_pref": 70, "Rake_minus": 50, "Rake_plus": 90, "SR_pref": 2.5, "SR_min": 1.5, "SR_max": 3.5, "SRT_pref": null, "SRT_min": null, "SRT_max": null, "SRT_gen": "10,000s yrs", "UpdDth_prf": 0.0, "UpdDth_min": 0.0, "UpdDth_max": 0.0, "Depth_Dfc": 11.5, "Method_Dfc": 3, "Depth_D90": 11.5, "Method_D90": 1.0, "QualCode": 3, "References": "Litchfield et al. 2020a", "Comments": null, "CompiledBy": "J Mountjoy", "LastUpdate": "21/12/2020", "Shape_Leng": 17911.151570900001, "Shape_Le_1": 17911.151570900001 }, "geometry": { "type": "MultiLineString", "coordinates": [ [ [ 2071484.986700000241399, 5703764.451299999840558 ], [ 2070354.753499999642372, 5704990.446600000374019 ], [ 2066373.614199999719858, 5709000.562800000421703 ], [ 2064198.972900000400841, 5710754.377399999648333 ], [ 2062865.6864, 5712986.4638 ], [ 2061070.010599999688566, 5717865.791600000113249 ] ] ] } },
{ "type": "Feature", "properties": { "OBJECTID_1": 443, "OBJECTID": 444, "Fault_ID": 11, "Name": "Te Puninga", "Name_stat": "published", "Lineage": "New", "Fault_stat": "A-LS", "DomainName": "North Waikato - South Auckland", "Domain_No": 2, "Dip_pref": 60, "Dip_min": 45.0, "Dip_max": 70.0, "Dip_dir": "W", "Dom_sense": "normal", "Sub_sense": null, "Rake_pref": -90, "Rake_minus": -110, "Rake_plus": -70, "SR_pref": 0.16, "SR_min": 0.1, "SR_max": 0.3, "SRT_pref": "20 000", "SRT_min": "17 500", "SRT_max": "22 500", "SRT_gen": "10,000s yrs", "UpdDth_prf": 0.0, "UpdDth_min": 0.0, "UpdDth_max": 0.0, "Depth_Dfc": 21.8, "Method_Dfc": 1, "Depth_D90": 17.1, "Method_D90": 1.0, "QualCode": 3, "References": "Persaud et al. 2016", "Comments": null, "CompiledBy": "P Villamor", "LastUpdate": "07/11/2020", "Shape_Leng": 28702.642749400002, "Shape_Le_1": 28702.642749400002 }, "geometry": { "type": "MultiLineString", "coordinates": [ [ [ 1819696.230399999767542, 5854802.5104 ], [ 1828375.041600000113249, 5827443.417999999597669 ] ] ] } },
{ "type": "Feature", "properties": { "OBJECTID_1": 652, "OBJECTID": 654, "Fault_ID": 579, "Name": "Te Rapa 1", "Name_stat": "published", "Lineage": "Unmodified", "Fault_stat": "A-LS", "DomainName": "Marlborough Fault System", "Domain_No": 14, "Dip_pref": 80, "Dip_min": 70.0, "Dip_max": 90.0, "Dip_dir": "NW", "Dom_sense": "dextral", "Sub_sense": "reverse", "Rake_pref": 160, "Rake_minus": 140, "Rake_plus": 180, "SR_pref": 2.0, "SR_min": 1.0, "SR_max": 3.0, "SRT_pref": null, "SRT_min": null, "SRT_max": null, "SRT_gen": null, "UpdDth_prf": 0.0, "UpdDth_min": 0.0, "UpdDth_max": 0.0, "Depth_Dfc": 16.0, "Method_Dfc": 3, "Depth_D90": 16.1, "Method_D90": 1.0, "QualCode": 3, "References": "Litchfield et al. 2013, 2014; Barnes and Audru 1999a,b; Pondard and Barnes 2010; Robinson et al. 2011", "Comments": null, "CompiledBy": null, "LastUpdate": null, "Shape_Leng": 15012.391505899999, "Shape_Le_1": 15012.391505899999 }, "geometry": { "type": "MultiLineString", "coordinates": [ [ [ 1739949.1075, 5354461.392 ], [ 1724989.74280000012368, 5353200.714999999850988 ] ] ] } },
{ "type": "Feature", "properties": { "OBJECTID_1": 653, "OBJECTID": 655, "Fault_ID": 574, "Name": "Te Rapa 2", "Name_stat": "published", "Lineage": "Unmodified", "Fault_stat": "A-LS", "DomainName": "Marlborough Fault System", "Domain_No": 14, "Dip_pref": 70, "Dip_min": 60.0, "Dip_max": 80.0, "Dip_dir": "NW", "Dom_sense": "dextral and reverse", "Sub_sense": null, "Rake_pref": 135, "Rake_minus": 115, "Rake_plus": 155, "SR_pref": 2.0, "SR_min": 1.0, "SR_max": 3.0, "SRT_pref": null, "SRT_min": null, "SRT_max": null, "SRT_gen": null, "UpdDth_prf": 0.0, "UpdDth_min": 0.0, "UpdDth_max": 0.0, "Depth_Dfc": 15.2, "Method_Dfc": 3, "Depth_D90": 15.2, "Method_D90": 3.0, "QualCode": 3, "References": "Litchfield et al. 2013, 2014; Barnes and Audru 1999a,b; Pondard and Barnes 2010; Robinson et al. 2011", "Comments": null, "CompiledBy": null, "LastUpdate": null, "Shape_Leng": 31643.7521977, "Shape_Le_1": 31643.7521977 }, "geometry": { "type": "MultiLineString", "coordinates": [ [ [ 1767263.787200000137091, 5370368.0301 ], [ 1753277.936599999666214, 5363084.370000000111759 ], [ 1739949.1075, 5354461.392 ] ] ] } },
{ "type": "Feature", "properties": { "OBJECTID_1": 464, "OBJECTID": 466, "Fault_ID": 16, "Name": "Te Tatua o Wairere", "Name_stat": "informal", "Lineage": "New", "Fault_stat": "A-LS", "DomainName": "North Waikato - South Auckland", "Domain_No": 2, "Dip_pref": 60, "Dip_min": 50.0, "Dip_max": 70.0, "Dip_dir": "W", "Dom_sense": "normal", "Sub_sense": null, "Rake_pref": -90, "Rake_minus": -110, "Rake_plus": -70, "SR_pref": 0.02, "SR_min": 0.01, "SR_max": 0.03, "SRT_pref": null, "SRT_min": null, "SRT_max": null, "SRT_gen": "100,000s yrs", "UpdDth_prf": 0.0, "UpdDth_min": 0.0, "UpdDth_max": 0.0, "Depth_Dfc": 24.9, "Method_Dfc": 1, "Depth_D90": 18.2, "Method_D90": 1.0, "QualCode": 1, "References": "Moon CFM compilation", "Comments": "As per UoW Nov20 update", "CompiledBy": "V Moon", "LastUpdate": "04/12/2020", "Shape_Leng": 19215.184777499999, "Shape_Le_1": 19215.184777499999 }, "geometry": { "type": "MultiLineString", "coordinates": [ [ [ 1803666.660699999891222, 5796570.3427 ], [ 1803433.826899999752641, 5798348.346199999563396 ], [ 1803306.8267, 5800198.316599999554455 ], [ 1803364.506, 5803064.024400000460446 ], [ 1803343.339200000278652, 5805579.687800000421703 ], [ 1803347.160799999721348, 5808611.561200000345707 ], [ 1803564.781000000424683, 5812284.64670000039041 ], [ 1803924.350499999709427, 5814644.558299999684095 ], [ 1804385.088600000366569, 5815629.1782 ] ] ] } },
{ "type": "Feature", "properties": { "OBJECTID_1": 423, "OBJECTID": 424, "Fault_ID": 302, "Name": "Te Whaiti North", "Name_stat": "published", "Lineage": "New", "Fault_stat": "A-LS", "DomainName": "North Island Dextral Fault Belt", "Domain_No": 5, "Dip_pref": 65, "Dip_min": 55.0, "Dip_max": 75.0, "Dip_dir": "NW", "Dom_sense": "normal", "Sub_sense": "dextral", "Rake_pref": -110, "Rake_minus": -130, "Rake_plus": -90, "SR_pref": 0.5, "SR_min": 0.3, "SR_max": 0.8, "SRT_pref": null, "SRT_min": null, "SRT_max": null, "SRT_gen": null, "UpdDth_prf": 0.0, "UpdDth_min": 0.0, "UpdDth_max": 0.0, "Depth_Dfc": 20.1, "Method_Dfc": 1, "Depth_D90": 16.1, "Method_D90": 1.0, "QualCode": 3, "References": "Litchfield et al. 2013, 2014", "Comments": "Extended the Te Whaiti Fault along SE edge of the Galatea Basin and assigned this portion to be predominantly normal", "CompiledBy": "R Van Dissen, N Litchfield", "LastUpdate": "16/10/2020", "Shape_Leng": 7871.3946388000004, "Shape_Le_1": 7871.3946388000004 }, "geometry": { "type": "MultiLineString", "coordinates": [ [ [ 1929503.305100000463426, 5736101.1464 ], [ 1930536.502899999730289, 5738435.285199999809265 ], [ 1934599.160199999809265, 5741868.145200000144541 ] ] ] } },
{ "type": "Feature", "properties": { "OBJECTID_1": 116, "OBJECTID": 117, "Fault_ID": 303, "Name": "Te Whaiti South", "Name_stat": "published", "Lineage": "Modified", "Fault_stat": "A-LS", "DomainName": "North Island Dextral Fault Belt", "Domain_No": 5, "Dip_pref": 80, "Dip_min": 70.0, "Dip_max": 90.0, "Dip_dir": "W", "Dom_sense": "dextral", "Sub_sense": "normal", "Rake_pref": -160, "Rake_minus": -180, "Rake_plus": -140, "SR_pref": 0.5, "SR_min": 0.3, "SR_max": 0.8, "SRT_pref": null, "SRT_min": null, "SRT_max": null, "SRT_gen": null, "UpdDth_prf": 0.0, "UpdDth_min": 0.0, "UpdDth_max": 0.0, "Depth_Dfc": 28.1, "Method_Dfc": 1, "Depth_D90": 22.2, "Method_D90": 1.0, "QualCode": 3, "References": "Litchfield et al. 2013, 2014, 2020b", "Comments": "Extended slighty north to intersect with Wheo North Fault along SE side of Galatea Basin", "CompiledBy": "R Van Dissen, N Litchfield", "LastUpdate": "16/10/2020", "Shape_Leng": 58867.246982199998, "Shape_Le_1": 58867.246982199998 }, "geometry": { "type": "MultiLineString", "coordinates": [ [ [ 1929503.305100000463426, 5736101.1464 ], [ 1930688.670800000429153, 5728510.403 ], [ 1929955.727900000289083, 5722100.004499999806285 ], [ 1922970.902599999681115, 5711265.608199999667704 ], [ 1920189.750799999572337, 5701618.140700000338256 ], [ 1919056.145100000314415, 5692752.502299999818206 ], [ 1914922.860999999567866, 5685248.425099999643862 ], [ 1911717.89130000025034, 5682387.219499999657273 ] ] ] } },
{ "type": "Feature", "properties": { "OBJECTID_1": 480, "OBJECTID": 482, "Fault_ID": 820, "Name": "Teviot", "Name_stat": "published", "Lineage": "New", "Fault_stat": "N-PS", "DomainName": "Southern South Island", "Domain_No": 21, "Dip_pref": 45, "Dip_min": 30.0, "Dip_max": 60.0, "Dip_dir": "W", "Dom_sense": "reverse", "Sub_sense": "sinistral", "Rake_pref": 70, "Rake_minus": 50, "Rake_plus": 90, "SR_pref": 0.02, "SR_min": 0.01, "SR_max": 0.03, "SRT_pref": null, "SRT_min": null, "SRT_max": null, "SRT_gen": "100,000s yrs", "UpdDth_prf": 0.0, "UpdDth_min": 0.0, "UpdDth_max": 0.0, "Depth_Dfc": 34.4, "Method_Dfc": 1, "Depth_D90": 29.0, "Method_D90": 1.0, "QualCode": 3, "References": "Barrell 2019 (CR2018/207)", "Comments": "Fault in bedrock, indicated peneplain offset; slip rates adopted from adjacent Old Man Fault", "CompiledBy": "D Barrell", "LastUpdate": "18/11/2020", "Shape_Leng": 29314.117521, "Shape_Le_1": 29314.117521 }, "geometry": { "type": "MultiLineString", "coordinates": [ [ [ 1324071.7917, 4920318.019500000402331 ], [ 1324071.7917, 4929763.6634 ], [ 1323516.1656, 4931509.916899999603629 ], [ 1320103.033800000324845, 4937542.428999999538064 ], [ 1314388.02240000013262, 4943813.066499999724329 ], [ 1312879.894399999640882, 4945956.19579999987036 ] ] ] } },
{ "type": "Feature", "properties": { "OBJECTID_1": 360, "OBJECTID": 361, "Fault_ID": 633, "Name": "The Humps", "Name_stat": "published", "Lineage": "New", "Fault_stat": "A-LS", "DomainName": "Northeastern Canterbury", "Domain_No": 17, "Dip_pref": 50, "Dip_min": 35.0, "Dip_max": 65.0, "Dip_dir": "S", "Dom_sense": "reverse", "Sub_sense": null, "Rake_pref": 90, "Rake_minus": 70, "Rake_plus": 110, "SR_pref": 0.32, "SR_min": 0.13, "SR_max": 0.64, "SRT_pref": null, "SRT_min": null, "SRT_max": null, "SRT_gen": "10,000s yrs", "UpdDth_prf": 0.0, "UpdDth_min": 0.0, "UpdDth_max": 0.0, "Depth_Dfc": 25.7, "Method_Dfc": 1, "Depth_D90": 18.7, "Method_D90": 1.0, "QualCode": 2, "References": "Barrell and Townsend 2012; Nicol et al. 2018; Brough et al. (in review NZJGG); Litchfield et al. 2018", "Comments": null, "CompiledBy": null, "LastUpdate": null, "Shape_Leng": 30153.222459500001, "Shape_Le_1": 30153.222459500001 }, "geometry": { "type": "MultiLineString", "coordinates": [ [ [ 1590820.696899999864399, 5280166.3141 ], [ 1598037.537700000219047, 5279715.596800000406802 ], [ 1602375.216400000266731, 5280734.288099999539554 ], [ 1610068.517099999822676, 5282327.097199999727309 ], [ 1614442.765700000338256, 5285043.063 ], [ 1619812.662100000306964, 5286038.249699999578297 ] ] ] } },
{ "type": "Feature", "properties": { "OBJECTID_1": 468, "OBJECTID": 470, "Fault_ID": 765, "Name": "Timaru Creek", "Name_stat": "published", "Lineage": "New", "Fault_stat": "A-LS", "DomainName": "Otago", "Domain_No": 20, "Dip_pref": 60, "Dip_min": 40.0, "Dip_max": 70.0, "Dip_dir": "NW", "Dom_sense": "reverse", "Sub_sense": "dextral", "Rake_pref": 110, "Rake_minus": 90, "Rake_plus": 130, "SR_pref": 0.32, "SR_min": 0.1, "SR_max": 0.65, "SRT_pref": null, "SRT_min": null, "SRT_max": null, "SRT_gen": "10,000s yrs", "UpdDth_prf": 0.0, "UpdDth_min": 0.0, "UpdDth_max": 0.0, "Depth_Dfc": 26.8, "Method_Dfc": 1, "Depth_D90": 22.8, "Method_D90": 1.0, "QualCode": 3, "References": "Barrell 2016 (CR2015/166); Barrell 2019 (CR2018/207)", "Comments": "Interpretation follows Barrell 2019. Estimated scarp heights of ~5 m on an inferred 18 ka land surface inform SR. The max SR allows that that scarp height, or landform age, could be up to 50% in error.", "CompiledBy": "D Barrell", "LastUpdate": "18/11/2020", "Shape_Leng": 28533.105211800001, "Shape_Le_1": 28533.105211800001 }, "geometry": { "type": "MultiLineString", "coordinates": [ [ [ 1309040.01549999974668, 5055119.582700000144541 ], [ 1321025.66440000012517, 5061945.846300000324845 ], [ 1324518.171400000341237, 5064644.601700000464916 ], [ 1325867.549100000411272, 5067581.482599999755621 ], [ 1326581.925499999895692, 5070280.237999999895692 ], [ 1329201.305800000205636, 5073693.369800000451505 ] ] ] } },
{ "type": "Feature", "properties": { "OBJECTID_1": 100, "OBJECTID": 101, "Fault_ID": 823, "Name": "Tin Hut", "Name_stat": "published", "Lineage": "Modified", "Fault_stat": "A-LS", "DomainName": "Southern South Island", "Domain_No": 21, "Dip_pref": 60, "Dip_min": 50.0, "Dip_max": 70.0, "Dip_dir": "W", "Dom_sense": "reverse", "Sub_sense": "dextral", "Rake_pref": 110, "Rake_minus": 90, "Rake_plus": 130, "SR_pref": 0.5, "SR_min": 0.2, "SR_max": 0.8, "SRT_pref": null, "SRT_min": null, "SRT_max": null, "SRT_gen": null, "UpdDth_prf": 0.0, "UpdDth_min": 0.0, "UpdDth_max": 0.0, "Depth_Dfc": 30.4, "Method_Dfc": 1, "Depth_D90": 26.5, "Method_D90": 1.0, "QualCode": 3, "References": "Turnbull and Allibone 2003", "Comments": "Takitimu1 name changed re QMAP", "CompiledBy": "D Barrell", "LastUpdate": "12/02/2021", "Shape_Leng": 31102.316158199999, "Shape_Le_1": 31102.316158199999 }, "geometry": { "type": "MultiLineString", "coordinates": [ [ [ 1208593.902099999599159, 4938411.3185 ], [ 1209592.706199999898672, 4931429.6118 ], [ 1209990.904900000430644, 4925383.209099999628961 ], [ 1207823.245900000445545, 4914762.5658 ], [ 1207770.16440000012517, 4910758.75040000025183 ], [ 1207674.914200000464916, 4909250.622399999760091 ], [ 1207354.2385, 4907647.244099999777973 ] ] ] } },
{ "type": "Feature", "properties": { "OBJECTID_1": 162, "OBJECTID": 163, "Fault_ID": 298, "Name": "Tirohanga", "Name_stat": "published", "Lineage": "Unmodified", "Fault_stat": "A-LS", "DomainName": "North Island Dextral Fault Belt", "Domain_No": 5, "Dip_pref": 70, "Dip_min": 60.0, "Dip_max": 80.0, "Dip_dir": "E", "Dom_sense": "normal", "Sub_sense": "dextral", "Rake_pref": -110, "Rake_minus": -130, "Rake_plus": -90, "SR_pref": 0.5, "SR_min": 0.01, "SR_max": 0.5, "SRT_pref": null, "SRT_min": null, "SRT_max": null, "SRT_gen": "10,000s yrs", "UpdDth_prf": 0.0, "UpdDth_min": 0.0, "UpdDth_max": 0.0, "Depth_Dfc": 30.6, "Method_Dfc": 1, "Depth_D90": 25.9, "Method_D90": 1.0, "QualCode": 1, "References": "Lamarche and Barnes 2005; Litchfield et al. 2013, 2014", "Comments": null, "CompiledBy": null, "LastUpdate": null, "Shape_Leng": 24808.392997700001, "Shape_Le_1": 24808.392997700001 }, "geometry": { "type": "MultiLineString", "coordinates": [ [ [ 1983890.337100000120699, 5778482.315600000321865 ], [ 1981253.014899999834597, 5786560.319799999706447 ], [ 1978849.684600000269711, 5789133.234299999661744 ], [ 1979866.67850000038743, 5794480.590599999763072 ], [ 1979661.151200000196695, 5801824.4983 ] ] ] } },
{ "type": "Feature", "properties": { "OBJECTID_1": 381, "OBJECTID": 382, "Fault_ID": 804, "Name": "Titri Central", "Name_stat": "published", "Lineage": "New", "Fault_stat": "A-LS", "DomainName": "Otago", "Domain_No": 20, "Dip_pref": 45, "Dip_min": 30.0, "Dip_max": 60.0, "Dip_dir": "SE", "Dom_sense": "reverse", "Sub_sense": "dextral", "Rake_pref": 110, "Rake_minus": 90, "Rake_plus": 130, "SR_pref": 0.15, "SR_min": 0.1, "SR_max": 0.2, "SRT_pref": null, "SRT_min": null, "SRT_max": null, "SRT_gen": "10,000s yrs", "UpdDth_prf": 0.0, "UpdDth_min": 0.0, "UpdDth_max": 0.0, "Depth_Dfc": 28.5, "Method_Dfc": 1, "Depth_D90": 25.3, "Method_D90": 1.0, "QualCode": 1, "References": "Villamor et al. 2018 (GNS MS 124); Barrell 2021 (CR2020/88); Barrell et al. 2020 (SR2017/35); Litchfield 2001", "Comments": "Currently drawn as three segments, as per Barrell et al. (2020).", "CompiledBy": "D Barrell", "LastUpdate": "12/02/2021", "Shape_Leng": 29620.7748245, "Shape_Le_1": 29620.7748245 }, "geometry": { "type": "MultiLineString", "coordinates": [ [ [ 1366770.199799999594688, 4885407.464599999599159 ], [ 1367200.7028, 4887649.099899999797344 ], [ 1367687.684399999678135, 4888409.3109 ], [ 1368682.964800000190735, 4889374.08600000012666 ], [ 1369508.05489999987185, 4891444.885599999688566 ], [ 1369330.556900000199676, 4892736.250799999572337 ], [ 1369410.7911, 4894037.2862 ], [ 1370149.511300000362098, 4894992.10190000012517 ], [ 1375007.737499999813735, 4899807.242600000463426 ], [ 1375883.825199999846518, 4900580.8509 ], [ 1383003.5833, 4907510.157800000160933 ], [ 1383888.2664, 4908097.38260000012815 ] ] ] } },
{ "type": "Feature", "properties": { "OBJECTID_1": 380, "OBJECTID": 381, "Fault_ID": 797, "Name": "Titri North", "Name_stat": "published", "Lineage": "New", "Fault_stat": "A-LS", "DomainName": "Otago", "Domain_No": 20, "Dip_pref": 45, "Dip_min": 30.0, "Dip_max": 60.0, "Dip_dir": "SE", "Dom_sense": "reverse", "Sub_sense": "dextral", "Rake_pref": 110, "Rake_minus": 90, "Rake_plus": 130, "SR_pref": 0.15, "SR_min": 0.1, "SR_max": 0.2, "SRT_pref": null, "SRT_min": null, "SRT_max": null, "SRT_gen": "10,000s yrs", "UpdDth_prf": 0.0, "UpdDth_min": 0.0, "UpdDth_max": 0.0, "Depth_Dfc": 27.2, "Method_Dfc": 1, "Depth_D90": 24.1, "Method_D90": 1.0, "QualCode": 3, "References": "Villamor et al. 2018 (GNS MS 124); Barrell 2021 (CR2020/88); Barrell et al. 2020 (SR2017/35); Litchfield 2001", "Comments": "Currently drawn as three segments, as per Barrell et al. (2020).", "CompiledBy": "D Barrell", "LastUpdate": "12/02/2021", "Shape_Leng": 29293.6124886, "Shape_Le_1": 29293.6124886 }, "geometry": { "type": "MultiLineString", "coordinates": [ [ [ 1384127.191599999554455, 4908661.928000000305474 ], [ 1384495.3613, 4909230.971599999815226 ], [ 1389672.704300000332296, 4912931.737200000323355 ], [ 1393378.24100000038743, 4914354.298899999819696 ], [ 1399488.561599999666214, 4917521.17949999962002 ], [ 1401098.899500000290573, 4919797.424700000323355 ], [ 1402033.655299999751151, 4922978.417100000195205 ], [ 1404082.788200000301003, 4927862.610100000165403 ] ] ] } },
{ "type": "Feature", "properties": { "OBJECTID_1": 384, "OBJECTID": 385, "Fault_ID": 806, "Name": "Titri South", "Name_stat": "published", "Lineage": "New", "Fault_stat": "A-LS", "DomainName": "Otago", "Domain_No": 20, "Dip_pref": 45, "Dip_min": 30.0, "Dip_max": 60.0, "Dip_dir": "SE", "Dom_sense": "reverse", "Sub_sense": "dextral", "Rake_pref": 110, "Rake_minus": 90, "Rake_plus": 130, "SR_pref": 0.15, "SR_min": 0.1, "SR_max": 0.2, "SRT_pref": null, "SRT_min": null, "SRT_max": null, "SRT_gen": "10,000s yrs", "UpdDth_prf": 0.0, "UpdDth_min": 0.0, "UpdDth_max": 0.0, "Depth_Dfc": 29.5, "Method_Dfc": 1, "Depth_D90": 26.3, "Method_D90": 1.0, "QualCode": 3, "References": "Villamor et al. 2018 (GNS MS 124); Barrell 2021 (CR2020/88); Barrell et al. 2020 (SR2017/35); Litchfield 2001", "Comments": "Currently drawn as three segments, as per Barrell et al. (2020).", "CompiledBy": "D Barrell", "LastUpdate": "12/02/2021", "Shape_Leng": 28563.697496600002, "Shape_Le_1": 28563.697496600002 }, "geometry": { "type": "MultiLineString", "coordinates": [ [ [ 1356987.781000000424683, 4862400.484899999573827 ], [ 1356114.572999999858439, 4864962.182799999602139 ], [ 1356124.3295, 4867930.1256 ], [ 1356391.088700000196695, 4870908.313299999572337 ], [ 1356243.300499999895692, 4874611.798600000329316 ], [ 1356676.185499999672174, 4876669.191800000146031 ], [ 1357146.199300000444055, 4877800.6721 ], [ 1358116.088499999605119, 4879322.808199999853969 ], [ 1360851.001199999824166, 4881841.230000000447035 ], [ 1361701.049599999561906, 4883172.538800000213087 ], [ 1365798.525600000284612, 4887224.847099999897182 ] ] ] } },
{ "type": "Feature", "properties": { "OBJECTID_1": 143, "OBJECTID": 144, "Fault_ID": 493, "Name": "Tokomaru", "Name_stat": "published", "Lineage": "New", "Fault_stat": "A-LS", "DomainName": "Kapiti-Manawatu", "Domain_No": 12, "Dip_pref": 60, "Dip_min": 45.0, "Dip_max": 75.0, "Dip_dir": "SE", "Dom_sense": "reverse", "Sub_sense": "dextral", "Rake_pref": 110, "Rake_minus": 90, "Rake_plus": 130, "SR_pref": 0.2, "SR_min": 0.1, "SR_max": 0.3, "SRT_pref": null, "SRT_min": null, "SRT_max": null, "SRT_gen": "10,000s yrs", "UpdDth_prf": 0.0, "UpdDth_min": 0.0, "UpdDth_max": 0.0, "Depth_Dfc": 17.9, "Method_Dfc": 3, "Depth_D90": 17.9, "Method_D90": 3.0, "QualCode": 2, "References": "Langridge and Morgenstern 2020a; Buxton and Langridge 2019", "Comments": "replaces Shannon Anticline. SR based on scarps near Tokomaru township", "CompiledBy": "R Langridge, R Morgenstern", "LastUpdate": "25/11/2020", "Shape_Leng": 27866.281477100001, "Shape_Le_1": 27866.281477100001 }, "geometry": { "type": "MultiLineString", "coordinates": [ [ [ 1802942.480600000359118, 5499315.815499999560416 ], [ 1808913.427299999631941, 5510878.040400000289083 ], [ 1816468.440000000409782, 5523666.425900000147521 ] ] ] } },
{ "type": "Feature", "properties": { "OBJECTID_1": 27, "OBJECTID": 28, "Fault_ID": 679, "Name": "Torlesse", "Name_stat": "published", "Lineage": "Modified", "Fault_stat": "A-LS", "DomainName": "Central Canterbury", "Domain_No": 18, "Dip_pref": 65, "Dip_min": 55.0, "Dip_max": 75.0, "Dip_dir": "SE", "Dom_sense": "dextral", "Sub_sense": "reverse", "Rake_pref": 160, "Rake_minus": 140, "Rake_plus": 180, "SR_pref": 0.8, "SR_min": 0.25, "SR_max": 1.0, "SRT_pref": null, "SRT_min": null, "SRT_max": null, "SRT_gen": "10,000s yrs", "UpdDth_prf": 0.0, "UpdDth_min": 0.0, "UpdDth_max": 0.0, "Depth_Dfc": 18.9, "Method_Dfc": 1, "Depth_D90": 13.7, "Method_D90": 1.0, "QualCode": 3, "References": "Barrell 2013; Cox and Barrell 2007; Forsyth et al. 2008; Pettinga et al. 2001", "Comments": "SR and sense changed in accordanc with Santosh Dhakal's upcoming PhD submission", "CompiledBy": "T Stahl", "LastUpdate": "27/11/2020", "Shape_Leng": 25797.646851500002, "Shape_Le_1": 25797.646851500002 }, "geometry": { "type": "MultiLineString", "coordinates": [ [ [ 1489209.737999999895692, 5205216.247499999590218 ], [ 1494159.316200000233948, 5209034.57079999987036 ], [ 1501367.97649999987334, 5213537.13219999987632 ], [ 1511924.872600000351667, 5216791.5137 ] ] ] } },
{ "type": "Feature", "properties": { "OBJECTID_1": 745, "OBJECTID": 748, "Fault_ID": 100, "Name": "Tuakana 6", "Name_stat": "published", "Lineage": "Modified", "Fault_stat": "N-PS", "DomainName": "Havre Trough - Taupo Rift", "Domain_No": 4, "Dip_pref": 50, "Dip_min": 40.0, "Dip_max": 60.0, "Dip_dir": "SE", "Dom_sense": "normal", "Sub_sense": null, "Rake_pref": -90, "Rake_minus": -110, "Rake_plus": -70, "SR_pref": 3.0, "SR_min": 2.0, "SR_max": 4.0, "SRT_pref": null, "SRT_min": null, "SRT_max": null, "SRT_gen": null, "UpdDth_prf": 0.0, "UpdDth_min": 0.0, "UpdDth_max": 0.0, "Depth_Dfc": 27.1, "Method_Dfc": 1, "Depth_D90": 25.3, "Method_D90": 1.0, "QualCode": 4, "References": "Lamarche and Barnes 2005", "Comments": null, "CompiledBy": "P Barnes", "LastUpdate": "11/01/2021", "Shape_Leng": 14061.3400525, "Shape_Le_1": 14061.3400525 }, "geometry": { "type": "MultiLineString", "coordinates": [ [ [ 1938543.9978, 5877096.355899999849498 ], [ 1940508.664200000464916, 5879977.744599999859929 ], [ 1946304.759600000455976, 5886059.9994 ], [ 1947232.349899999797344, 5888024.174999999813735 ] ] ] } },
{ "type": "Feature", "properties": { "OBJECTID_1": 743, "OBJECTID": 746, "Fault_ID": 92, "Name": "Tuakana 7", "Name_stat": "published", "Lineage": "Modified", "Fault_stat": "N-PS", "DomainName": "Havre Trough - Taupo Rift", "Domain_No": 4, "Dip_pref": 50, "Dip_min": 40.0, "Dip_max": 60.0, "Dip_dir": "SE", "Dom_sense": "normal", "Sub_sense": null, "Rake_pref": -90, "Rake_minus": -110, "Rake_plus": -70, "SR_pref": 3.3, "SR_min": 2.4, "SR_max": 4.2, "SRT_pref": null, "SRT_min": null, "SRT_max": null, "SRT_gen": null, "UpdDth_prf": 0.0, "UpdDth_min": 0.0, "UpdDth_max": 0.0, "Depth_Dfc": 27.5, "Method_Dfc": 1, "Depth_D90": 26.2, "Method_D90": 1.0, "QualCode": 4, "References": "Lamarche and Barnes 2005", "Comments": "Revised Tuakana 7 merged with previous Tua 11 and Tua 5.", "CompiledBy": "P Barnes", "LastUpdate": "13/01/2021", "Shape_Leng": 21301.386006500001, "Shape_Le_1": 21301.386006500001 }, "geometry": { "type": "MultiLineString", "coordinates": [ [ [ 1947226.424999999813735, 5888504.0954 ], [ 1950599.661899999715388, 5891852.118599999696016 ], [ 1952871.870699999853969, 5894794.478799999691546 ], [ 1956881.542000000365078, 5897137.582999999634922 ], [ 1959674.729100000113249, 5898661.139600000344217 ], [ 1964414.6831, 5900269.3383 ] ] ] } },
{ "type": "Feature", "properties": { "OBJECTID_1": 385, "OBJECTID": 386, "Fault_ID": 828, "Name": "Tuapeka", "Name_stat": "published", "Lineage": "New", "Fault_stat": "N-PS", "DomainName": "Southern South Island", "Domain_No": 21, "Dip_pref": 75, "Dip_min": 60.0, "Dip_max": 90.0, "Dip_dir": "SW", "Dom_sense": "reverse", "Sub_sense": "sinistral", "Rake_pref": 70, "Rake_minus": 50, "Rake_plus": 90, "SR_pref": 0.04, "SR_min": 0.02, "SR_max": 0.08, "SRT_pref": null, "SRT_min": null, "SRT_max": null, "SRT_gen": "100,000s yrs", "UpdDth_prf": 0.0, "UpdDth_min": 0.0, "UpdDth_max": 0.0, "Depth_Dfc": 32.3, "Method_Dfc": 1, "Depth_D90": 27.5, "Method_D90": 1.0, "QualCode": 3, "References": "Barrell 2021 (CR2020/88)", "Comments": "Reversed Cretaceous normal fault. Probable offset Clutha River terraces give preferred SR; SR min and max are half and twice respectively; revised from Villamor et al. 2018", "CompiledBy": "D Barrell", "LastUpdate": "18/11/2020", "Shape_Leng": 53143.121313600001, "Shape_Le_1": 53143.121313600001 }, "geometry": { "type": "MultiLineString", "coordinates": [ [ [ 1360995.89670000039041, 4888371.194799999706447 ], [ 1357433.87540000025183, 4891199.210799999535084 ], [ 1354050.881400000303984, 4893998.284199999645352 ], [ 1352945.3032, 4895808.636300000362098 ], [ 1351537.023699999786913, 4897598.557 ], [ 1350504.326999999582767, 4898677.680200000293553 ], [ 1348987.235299999825656, 4901027.197499999776483 ], [ 1348190.75690000038594, 4904704.225499999709427 ], [ 1345820.254599999636412, 4908873.050300000235438 ], [ 1343292.5905, 4912935.1606 ], [ 1341292.76410000026226, 4914991.706799999810755 ], [ 1338265.497100000269711, 4916163.083700000308454 ], [ 1336519.243599999696016, 4915845.583100000396371 ], [ 1334302.206000000238419, 4917849.089599999599159 ], [ 1332952.1941, 4919089.584499999880791 ], [ 1331649.756799999624491, 4919218.8279 ], [ 1329667.692200000397861, 4920060.253899999894202 ], [ 1328996.08420000039041, 4920587.476599999703467 ], [ 1325104.829400000162423, 4923954.455799999646842 ] ] ] } },
{ "type": "Feature", "properties": { "OBJECTID_1": 779, "OBJECTID": 782, "Fault_ID": 137, "Name": "Tuatoru 1", "Name_stat": "published", "Lineage": "Unmodified", "Fault_stat": "N-PS", "DomainName": "Havre Trough - Taupo Rift", "Domain_No": 4, "Dip_pref": 50, "Dip_min": 40.0, "Dip_max": 60.0, "Dip_dir": "SE", "Dom_sense": "normal", "Sub_sense": null, "Rake_pref": -90, "Rake_minus": -110, "Rake_plus": -70, "SR_pref": 2.7, "SR_min": 2.05, "SR_max": 3.4, "SRT_pref": null, "SRT_min": null, "SRT_max": null, "SRT_gen": null, "UpdDth_prf": 0.0, "UpdDth_min": 0.0, "UpdDth_max": 0.0, "Depth_Dfc": 23.6, "Method_Dfc": 1, "Depth_D90": 18.2, "Method_D90": 1.0, "QualCode": 4, "References": "Lamarche and Barnes 2005; Litchfield et al. 2013, 2014", "Comments": null, "CompiledBy": null, "LastUpdate": null, "Shape_Leng": 9263.0387395500002, "Shape_Le_1": 9263.0387395500002 }, "geometry": { "type": "MultiLineString", "coordinates": [ [ [ 1979349.478500000201166, 5846216.245199999772012 ], [ 1975779.768299999646842, 5843766.197599999606609 ], [ 1974280.02280000038445, 5842265.541000000201166 ], [ 1971956.251400000415742, 5840682.375300000421703 ] ] ] } },
{ "type": "Feature", "properties": { "OBJECTID_1": 823, "OBJECTID": 826, "Fault_ID": 132, "Name": "Tuatoru 2", "Name_stat": "published", "Lineage": "Unmodified", "Fault_stat": "N-PS", "DomainName": "Havre Trough - Taupo Rift", "Domain_No": 4, "Dip_pref": 50, "Dip_min": 40.0, "Dip_max": 60.0, "Dip_dir": "NW", "Dom_sense": "normal", "Sub_sense": null, "Rake_pref": -90, "Rake_minus": -110, "Rake_plus": -70, "SR_pref": 2.7, "SR_min": 2.05, "SR_max": 3.4, "SRT_pref": null, "SRT_min": null, "SRT_max": null, "SRT_gen": null, "UpdDth_prf": 0.0, "UpdDth_min": 0.0, "UpdDth_max": 0.0, "Depth_Dfc": 26.9, "Method_Dfc": 1, "Depth_D90": 24.7, "Method_D90": 1.0, "QualCode": 4, "References": "Lamarche and Barnes 2005; Litchfield et al. 2013, 2014", "Comments": null, "CompiledBy": null, "LastUpdate": null, "Shape_Leng": 14479.295358, "Shape_Le_1": 14479.295358 }, "geometry": { "type": "MultiLineString", "coordinates": [ [ [ 1992299.982800000347197, 5852018.005300000309944 ], [ 1986601.783099999651313, 5850255.485500000417233 ], [ 1979628.433799999766052, 5845369.470099999569356 ] ] ] } },
{ "type": "Feature", "properties": { "OBJECTID_1": 140, "OBJECTID": 141, "Fault_ID": 376, "Name": "Tukituki Thrust", "Name_stat": "published", "Lineage": "Modified", "Fault_stat": "A-LS", "DomainName": "Hikurangi accretionary margin", "Domain_No": 7, "Dip_pref": 60, "Dip_min": 45.0, "Dip_max": 75.0, "Dip_dir": "NW", "Dom_sense": "reverse", "Sub_sense": "dextral", "Rake_pref": 110, "Rake_minus": 90, "Rake_plus": 130, "SR_pref": 1.0, "SR_min": 0.7, "SR_max": 1.3, "SRT_pref": null, "SRT_min": null, "SRT_max": null, "SRT_gen": "10,000s yrs", "UpdDth_prf": 0.0, "UpdDth_min": 0.0, "UpdDth_max": 0.0, "Depth_Dfc": 19.5, "Method_Dfc": 3, "Depth_D90": 18.4, "Method_D90": 1.0, "QualCode": 2, "References": "Kelsey et al. 1998; Langridge and Reis 2015", "Comments": "SR re-evaluated up for SiteDB by Rob. Lengthened to north and south includes Mangatarata Fault", "CompiledBy": "R Langridge, R Morgenstern", "LastUpdate": "25/11/2020", "Shape_Leng": 66548.60469360002, "Shape_Le_1": 66548.60469360002 }, "geometry": { "type": "MultiLineString", "coordinates": [ [ [ 1939095.384600000455976, 5608915.1124 ], [ 1932269.121000000275671, 5603676.35190000012517 ], [ 1927394.758500000461936, 5599022.30420000012964 ], [ 1922349.257500000298023, 5587466.7248 ], [ 1915597.88150000013411, 5580208.313799999654293 ], [ 1912452.7758, 5569992.206899999640882 ], [ 1902096.89159999974072, 5555277.934899999760091 ] ] ] } },
{ "type": "Feature", "properties": { "OBJECTID_1": 181, "OBJECTID": 182, "Fault_ID": 19, "Name": "Turi: Central", "Name_stat": "published", "Lineage": "Modified", "Fault_stat": "A-LS", "DomainName": "western North Island", "Domain_No": 3, "Dip_pref": 60, "Dip_min": 50.0, "Dip_max": 70.0, "Dip_dir": "W", "Dom_sense": "normal", "Sub_sense": null, "Rake_pref": -90, "Rake_minus": -110, "Rake_plus": -70, "SR_pref": 0.4, "SR_min": 0.1, "SR_max": 0.4, "SRT_pref": null, "SRT_min": null, "SRT_max": null, "SRT_gen": "100,000s yrs", "UpdDth_prf": 0.0, "UpdDth_min": 0.0, "UpdDth_max": 0.0, "Depth_Dfc": 25.9, "Method_Dfc": 1, "Depth_D90": 22.0, "Method_D90": 1.0, "QualCode": 1, "References": "Giba et al. 2010; Litchfield et al. 2013, 2014", "Comments": "Linework modified for consistency with Giba et al 2010", "CompiledBy": "H Seebeck", "LastUpdate": "12/11/2020", "Shape_Leng": 34021.073173600002, "Shape_Le_1": 34021.073173600002 }, "geometry": { "type": "MultiLineString", "coordinates": [ [ [ 1718304.5938, 5722048.206500000320375 ], [ 1716529.696899999864399, 5719728.30599999986589 ], [ 1710400.069500000216067, 5713529.814899999648333 ], [ 1709422.9567, 5711299.119400000199676 ], [ 1696832.001899999566376, 5695827.725499999709427 ] ] ] } },
{ "type": "Feature", "properties": { "OBJECTID_1": 180, "OBJECTID": 181, "Fault_ID": 18, "Name": "Turi: North", "Name_stat": "published", "Lineage": "Modified", "Fault_stat": "A-LS", "DomainName": "western North Island", "Domain_No": 3, "Dip_pref": 60, "Dip_min": 50.0, "Dip_max": 70.0, "Dip_dir": "W", "Dom_sense": "normal", "Sub_sense": null, "Rake_pref": -90, "Rake_minus": -110, "Rake_plus": -70, "SR_pref": 0.4, "SR_min": 0.1, "SR_max": 0.4, "SRT_pref": null, "SRT_min": null, "SRT_max": null, "SRT_gen": "100,000s yrs", "UpdDth_prf": 0.0, "UpdDth_min": 0.0, "UpdDth_max": 0.0, "Depth_Dfc": 31.2, "Method_Dfc": 1, "Depth_D90": 28.2, "Method_D90": 1.0, "QualCode": 1, "References": "Giba et al. 2010; Litchfield et al. 2013, 2014", "Comments": "Linework modified for consistency with Giba et al 2010", "CompiledBy": "H Seebeck", "LastUpdate": "12/11/2020", "Shape_Leng": 28855.3636228, "Shape_Le_1": 28855.3636228 }, "geometry": { "type": "MultiLineString", "coordinates": [ [ [ 1732749.713899999856949, 5746959.870699999853969 ], [ 1730253.5779, 5743604.885499999858439 ], [ 1723393.576999999582767, 5730075.398699999786913 ], [ 1718304.5938, 5722048.206500000320375 ] ] ] } },
{ "type": "Feature", "properties": { "OBJECTID_1": 182, "OBJECTID": 183, "Fault_ID": 20, "Name": "Turi: South", "Name_stat": "published", "Lineage": "Modified", "Fault_stat": "A-LS", "DomainName": "western North Island", "Domain_No": 3, "Dip_pref": 60, "Dip_min": 50.0, "Dip_max": 70.0, "Dip_dir": "W", "Dom_sense": "normal", "Sub_sense": null, "Rake_pref": -90, "Rake_minus": -110, "Rake_plus": -70, "SR_pref": 0.4, "SR_min": 0.1, "SR_max": 0.4, "SRT_pref": null, "SRT_min": null, "SRT_max": null, "SRT_gen": "100,000s yrs", "UpdDth_prf": 0.0, "UpdDth_min": 0.0, "UpdDth_max": 0.0, "Depth_Dfc": 22.9, "Method_Dfc": 1, "Depth_D90": 17.5, "Method_D90": 1.0, "QualCode": 1, "References": "Giba et al. 2010; Cameron 2016; Litchfield et al. 2013, 2014", "Comments": "Linework updated for consistency with Giba et al 2010 and Cameron 2016", "CompiledBy": "H Seebeck", "LastUpdate": "12/11/2020", "Shape_Leng": 36212.300688199997, "Shape_Le_1": 36212.300688199997 }, "geometry": { "type": "MultiLineString", "coordinates": [ [ [ 1696832.001899999566376, 5695827.725499999709427 ], [ 1690889.414599999785423, 5689763.233199999667704 ], [ 1683175.651200000196695, 5684547.171400000341237 ], [ 1681634.081399999558926, 5682037.597299999557436 ], [ 1672378.2577, 5674987.901600000448525 ], [ 1669872.215200000442564, 5672091.908200000412762 ] ] ] } },
{ "type": "Feature", "properties": { "OBJECTID_1": 552, "OBJECTID": 554, "Fault_ID": 531, "Name": "Tutaki", "Name_stat": "published", "Lineage": "New", "Fault_stat": "N-PS", "DomainName": "Northwestern South Island", "Domain_No": 13, "Dip_pref": 50, "Dip_min": 40.0, "Dip_max": 60.0, "Dip_dir": "SE", "Dom_sense": "reverse", "Sub_sense": null, "Rake_pref": 90, "Rake_minus": 70, "Rake_plus": 110, "SR_pref": 0.4, "SR_min": 0.3, "SR_max": 0.5, "SRT_pref": "post 7 Ma", "SRT_min": null, "SRT_max": null, "SRT_gen": "≥ 1 Ma", "UpdDth_prf": 0.0, "UpdDth_min": 0.0, "UpdDth_max": 0.0, "Depth_Dfc": 27.3, "Method_Dfc": 1, "Depth_D90": 23.5, "Method_D90": 1.0, "QualCode": 2, "References": "Rattenbury et al. 2006; Ghisetti and Sibson 2006", "Comments": "New fault as per Ghisetti et al. CFM update. Only SR min defined", "CompiledBy": "F Ghisetti", "LastUpdate": "18/11/2020", "Shape_Leng": 48613.556764399997, "Shape_Le_1": 48613.556764399997 }, "geometry": { "type": "MultiLineString", "coordinates": [ [ [ 1546643.7637, 5347909.311700000427663 ], [ 1548186.206600000150502, 5350650.16370000038296 ], [ 1550014.097199999727309, 5351589.160799999721348 ], [ 1552249.519500000402331, 5354328.986100000329316 ], [ 1555042.701999999582767, 5358328.963700000196695 ], [ 1555862.770899999886751, 5360746.498999999836087 ], [ 1556640.118200000375509, 5365196.577600000426173 ], [ 1557820.879700000397861, 5367787.374800000339746 ], [ 1559163.76630000025034, 5372173.423899999819696 ], [ 1560205.330199999734759, 5374711.452100000344217 ], [ 1562338.959099999628961, 5377863.544700000435114 ], [ 1565385.567200000397861, 5381387.572999999858439 ], [ 1567593.941599999554455, 5384639.411399999633431 ], [ 1569611.24210000038147, 5386490.946899999864399 ], [ 1570820.720300000160933, 5388811.808199999853969 ] ] ] } },
{ "type": "Feature", "properties": { "OBJECTID_1": 570, "OBJECTID": 572, "Fault_ID": 415, "Name": "Upper Slope", "Name_stat": "published", "Lineage": "Unmodified", "Fault_stat": "N-PS", "DomainName": "Hikurangi accretionary margin", "Domain_No": 7, "Dip_pref": 40, "Dip_min": 30.0, "Dip_max": 50.0, "Dip_dir": "NW", "Dom_sense": "dextral and reverse", "Sub_sense": null, "Rake_pref": 135, "Rake_minus": 115, "Rake_plus": 155, "SR_pref": 1.0, "SR_min": 0.5, "SR_max": 1.5, "SRT_pref": null, "SRT_min": null, "SRT_max": null, "SRT_gen": "100,000s yrs", "UpdDth_prf": 0.0, "UpdDth_min": 0.0, "UpdDth_max": 0.0, "Depth_Dfc": 19.6, "Method_Dfc": 3, "Depth_D90": 16.5, "Method_D90": 1.0, "QualCode": 3, "References": "Barnes and Audru 1999; Wallace et al. 2012; Barnes et al. 2015; Litchfield et al. 2013, 2014", "Comments": null, "CompiledBy": "P Barnes", "LastUpdate": "13/11/2020", "Shape_Leng": 70665.898073599994, "Shape_Le_1": 70665.898073599994 }, "geometry": { "type": "MultiLineString", "coordinates": [ [ [ 1701928.985399999655783, 5316887.323400000110269 ], [ 1708690.881099999882281, 5327120.223299999721348 ], [ 1712793.474000000394881, 5336562.63190000038594 ], [ 1720503.542999999597669, 5343940.63370000012219 ], [ 1743247.8602, 5350609.881400000303984 ], [ 1748665.9951, 5354358.470499999821186 ], [ 1752092.423000000417233, 5360626.7166 ] ] ] } },
{ "type": "Feature", "properties": { "OBJECTID_1": 609, "OBJECTID": 611, "Fault_ID": 409, "Name": "Uruti Basin", "Name_stat": "published", "Lineage": "Unmodified", "Fault_stat": "N-PS", "DomainName": "Hikurangi accretionary margin", "Domain_No": 7, "Dip_pref": 90, "Dip_min": 80.0, "Dip_max": 90.0, "Dip_dir": "N", "Dom_sense": "dextral", "Sub_sense": null, "Rake_pref": 180, "Rake_minus": 160, "Rake_plus": -160, "SR_pref": 4.0, "SR_min": 2.5, "SR_max": 5.5, "SRT_pref": null, "SRT_min": null, "SRT_max": null, "SRT_gen": null, "UpdDth_prf": 0.0, "UpdDth_min": 0.0, "UpdDth_max": 0.0, "Depth_Dfc": 10.6, "Method_Dfc": 3, "Depth_D90": 10.6, "Method_D90": 3.0, "QualCode": 3, "References": "Barnes et al. 2010; Litchfield et al. 2013, 2014", "Comments": "SR poorly constrained, adopted from Stirling et al. (2012) & Litchfield et al. (2014).", "CompiledBy": "P Barnes", "LastUpdate": "13/11/2020", "Shape_Leng": 53243.154977600003, "Shape_Le_1": 53243.154977600003 }, "geometry": { "type": "MultiLineString", "coordinates": [ [ [ 1861615.340599999763072, 5421567.207399999722838 ], [ 1876660.19579999987036, 5424783.720300000160933 ], [ 1885883.8054, 5423662.296799999661744 ], [ 1903340.826100000180304, 5424184.845599999651313 ], [ 1914429.455799999646842, 5423641.518299999646842 ] ] ] } },
{ "type": "Feature", "properties": { "OBJECTID_1": 647, "OBJECTID": 649, "Fault_ID": 406, "Name": "Uruti Basin 2", "Name_stat": "informal", "Lineage": "New", "Fault_stat": "N-PS", "DomainName": "Hikurangi accretionary margin", "Domain_No": 7, "Dip_pref": 50, "Dip_min": 40.0, "Dip_max": 60.0, "Dip_dir": "SE", "Dom_sense": "dextral and reverse", "Sub_sense": null, "Rake_pref": 135, "Rake_minus": 115, "Rake_plus": 155, "SR_pref": 0.5, "SR_min": 0.2, "SR_max": 0.8, "SRT_pref": null, "SRT_min": null, "SRT_max": null, "SRT_gen": null, "UpdDth_prf": 0.0, "UpdDth_min": 0.0, "UpdDth_max": 0.0, "Depth_Dfc": 10.4, "Method_Dfc": 3, "Depth_D90": 10.4, "Method_D90": 3.0, "QualCode": 3, "References": "Barnes CFM compilation", "Comments": "Backthrust", "CompiledBy": "P Barnes", "LastUpdate": "18/12/2020", "Shape_Leng": 18584.971789399999, "Shape_Le_1": 18584.971789399999 }, "geometry": { "type": "MultiLineString", "coordinates": [ [ [ 1896061.270600000396371, 5439276.856100000441074 ], [ 1888364.089700000360608, 5432503.107900000177324 ], [ 1886011.460900000296533, 5428423.9901 ], [ 1882769.115399999544024, 5426808.011599999852479 ] ] ] } },
{ "type": "Feature", "properties": { "OBJECTID_1": 588, "OBJECTID": 590, "Fault_ID": 392, "Name": "Uruti East - PorWest 1", "Name_stat": "published", "Lineage": "Modified", "Fault_stat": "N-PS", "DomainName": "Hikurangi accretionary margin", "Domain_No": 7, "Dip_pref": 40, "Dip_min": 30.0, "Dip_max": 50.0, "Dip_dir": "NW", "Dom_sense": "reverse", "Sub_sense": null, "Rake_pref": 90, "Rake_minus": 70, "Rake_plus": 110, "SR_pref": 1.0, "SR_min": 0.5, "SR_max": 1.5, "SRT_pref": null, "SRT_min": null, "SRT_max": null, "SRT_gen": null, "UpdDth_prf": 0.0, "UpdDth_min": 0.0, "UpdDth_max": 0.0, "Depth_Dfc": 10.1, "Method_Dfc": 3, "Depth_D90": 10.1, "Method_D90": 3.0, "QualCode": 3, "References": "Barker et al. 2009; Barnes et al. 2010; Litchfield et al. 2013, 2014; Plaza-Faverola et al. 2016", "Comments": "Combined Uruti East and Porangahau West1 of Litchfield et al. (2014). Includes southern F5 of Ghisetti et al. (2016). SR adopted from Litchfield et al. (2014).", "CompiledBy": "P Barnes", "LastUpdate": "13/11/2020", "Shape_Leng": 86912.939857499994, "Shape_Le_1": 86912.939857499994 }, "geometry": { "type": "MultiLineString", "coordinates": [ [ [ 1958026.4161, 5494665.989299999549985 ], [ 1952311.4046, 5483447.633600000292063 ], [ 1950618.067900000140071, 5478790.957600000314415 ], [ 1945220.557099999859929, 5465138.43030000012368 ], [ 1942045.550800000317395, 5451062.568799999542534 ], [ 1931885.530399999581277, 5434658.369300000369549 ], [ 1925641.351300000213087, 5426297.519299999810755 ], [ 1916734.860999999567866, 5420686.501500000245869 ] ] ] } },
{ "type": "Feature", "properties": { "OBJECTID_1": 678, "OBJECTID": 681, "Fault_ID": 401, "Name": "Uruti North", "Name_stat": "published", "Lineage": "Unmodified", "Fault_stat": "N-PS", "DomainName": "Hikurangi accretionary margin", "Domain_No": 7, "Dip_pref": 40, "Dip_min": 30.0, "Dip_max": 50.0, "Dip_dir": "NW", "Dom_sense": "reverse", "Sub_sense": null, "Rake_pref": 90, "Rake_minus": 70, "Rake_plus": 110, "SR_pref": 1.0, "SR_min": 0.5, "SR_max": 1.5, "SRT_pref": null, "SRT_min": null, "SRT_max": null, "SRT_gen": null, "UpdDth_prf": 0.0, "UpdDth_min": 0.0, "UpdDth_max": 0.0, "Depth_Dfc": 11.2, "Method_Dfc": 3, "Depth_D90": 11.2, "Method_D90": 3.0, "QualCode": 3, "References": "Lewis and Pettinga 1993; Barnes et al. 2010; Ghisetti et al. 2016; Litchfield et al. 2013, 2014", "Comments": "F1 of Ghisetti et al (2016)", "CompiledBy": "P Barnes", "LastUpdate": "18/12/2020", "Shape_Leng": 24505.652756300002, "Shape_Le_1": 24505.652756300002 }, "geometry": { "type": "MultiLineString", "coordinates": [ [ [ 1903749.457399999722838, 5443110.929700000211596 ], [ 1913642.637799999676645, 5443885.178600000217557 ], [ 1916653.605700000189245, 5445691.759399999864399 ], [ 1923621.845700000412762, 5454294.52489999961108 ] ] ] } },
{ "type": "Feature", "properties": { "OBJECTID_1": 419, "OBJECTID": 420, "Fault_ID": 403, "Name": "Uruti Point", "Name_stat": "informal", "Lineage": "New", "Fault_stat": "A-LS", "DomainName": "Hikurangi accretionary margin", "Domain_No": 7, "Dip_pref": 65, "Dip_min": 55.0, "Dip_max": 75.0, "Dip_dir": "NW", "Dom_sense": "reverse", "Sub_sense": null, "Rake_pref": 90, "Rake_minus": 70, "Rake_plus": 110, "SR_pref": 0.25, "SR_min": 0.1, "SR_max": 0.4, "SRT_pref": null, "SRT_min": null, "SRT_max": null, "SRT_gen": "100,000s yrs", "UpdDth_prf": 0.0, "UpdDth_min": 0.0, "UpdDth_max": 0.0, "Depth_Dfc": 13.6, "Method_Dfc": 3, "Depth_D90": 13.6, "Method_D90": 3.0, "QualCode": 2, "References": "Lee and Begg 2002", "Comments": "Tentative SR based on possible 30 m high scarp across an assumed MIS 5e Pleistocene marine terrace", "CompiledBy": "R Van Dissen, N Litchfield", "LastUpdate": "05/10/2020", "Shape_Leng": 18488.4679087, "Shape_Le_1": 18488.4679087 }, "geometry": { "type": "MultiLineString", "coordinates": [ [ [ 1847373.997399999760091, 5431788.5449 ], [ 1849022.824699999764562, 5436824.0778 ], [ 1851829.31900000013411, 5440712.635700000450015 ], [ 1852618.22719999961555, 5443267.514999999664724 ], [ 1856222.705900000408292, 5446229.76410000026226 ], [ 1856684.0905, 5447178.3849 ] ] ] } },
{ "type": "Feature", "properties": { "OBJECTID_1": 680, "OBJECTID": 683, "Fault_ID": 407, "Name": "Uruti Ridge 2", "Name_stat": "published", "Lineage": "Unmodified", "Fault_stat": "N-PS", "DomainName": "Hikurangi accretionary margin", "Domain_No": 7, "Dip_pref": 40, "Dip_min": 30.0, "Dip_max": 50.0, "Dip_dir": "NW", "Dom_sense": "reverse", "Sub_sense": "dextral", "Rake_pref": 110, "Rake_minus": 90, "Rake_plus": 130, "SR_pref": 2.0, "SR_min": 1.0, "SR_max": 3.0, "SRT_pref": null, "SRT_min": null, "SRT_max": null, "SRT_gen": null, "UpdDth_prf": 0.0, "UpdDth_min": 0.0, "UpdDth_max": 0.0, "Depth_Dfc": 10.2, "Method_Dfc": 3, "Depth_D90": 10.2, "Method_D90": 3.0, "QualCode": 3, "References": "Barnes et al. 1998, 2010; Litchfield et al. 2013, 2014", "Comments": "SR adopted from Stirling et al. (2012) & Litchfield et al. (2014).", "CompiledBy": "P Barnes", "LastUpdate": "13/11/2020", "Shape_Leng": 19415.361555300002, "Shape_Le_1": 19415.361555300002 }, "geometry": { "type": "MultiLineString", "coordinates": [ [ [ 1914429.455799999646842, 5423641.518299999646842 ], [ 1922478.72759999986738, 5430905.776100000366569 ], [ 1927901.368200000375509, 5437545.7007 ] ] ] } },
{ "type": "Feature", "properties": { "OBJECTID_1": 235, "OBJECTID": 236, "Fault_ID": 567, "Name": "Vernon 1", "Name_stat": "published", "Lineage": "Unmodified", "Fault_stat": "A-LS", "DomainName": "Marlborough Fault System", "Domain_No": 14, "Dip_pref": 75, "Dip_min": 55.0, "Dip_max": 80.0, "Dip_dir": "SE", "Dom_sense": "reverse", "Sub_sense": "dextral", "Rake_pref": 110, "Rake_minus": 90, "Rake_plus": 130, "SR_pref": 4.5, "SR_min": 2.5, "SR_max": 5.0, "SRT_pref": null, "SRT_min": null, "SRT_max": null, "SRT_gen": "10,000s yrs", "UpdDth_prf": 0.0, "UpdDth_min": 0.0, "UpdDth_max": 0.0, "Depth_Dfc": 29.0, "Method_Dfc": 3, "Depth_D90": 18.1, "Method_D90": 1.0, "QualCode": 2, "References": "Litchfield et al. 2013, 2014; Robinson et al. 2011; Bartholomew et al. 2014", "Comments": null, "CompiledBy": null, "LastUpdate": null, "Shape_Leng": 6368.0683265600001, "Shape_Le_1": 6368.0683265600001 }, "geometry": { "type": "MultiLineString", "coordinates": [ [ [ 1687252.933199999853969, 5396510.292600000277162 ], [ 1685374.17850000038743, 5390425.674700000323355 ] ] ] } },
{ "type": "Feature", "properties": { "OBJECTID_1": 236, "OBJECTID": 237, "Fault_ID": 566, "Name": "Vernon 2", "Name_stat": "published", "Lineage": "Unmodified", "Fault_stat": "A-LS", "DomainName": "Marlborough Fault System", "Domain_No": 14, "Dip_pref": 70, "Dip_min": 70.0, "Dip_max": 90.0, "Dip_dir": "S", "Dom_sense": "dextral", "Sub_sense": null, "Rake_pref": 180, "Rake_minus": 160, "Rake_plus": -160, "SR_pref": 4.5, "SR_min": 2.5, "SR_max": 5.0, "SRT_pref": null, "SRT_min": null, "SRT_max": null, "SRT_gen": "10,000s yrs", "UpdDth_prf": 0.0, "UpdDth_min": 0.0, "UpdDth_max": 0.0, "Depth_Dfc": 28.7, "Method_Dfc": 3, "Depth_D90": 20.2, "Method_D90": 1.0, "QualCode": 2, "References": "Litchfield et al. 2013, 2014; Robinson et al. 2011; Bartholomew et al. 2014", "Comments": null, "CompiledBy": null, "LastUpdate": null, "Shape_Leng": 12603.035693100001, "Shape_Le_1": 12603.035693100001 }, "geometry": { "type": "MultiLineString", "coordinates": [ [ [ 1699101.357099999673665, 5400805.7972 ], [ 1687252.933199999853969, 5396510.292600000277162 ] ] ] } },
{ "type": "Feature", "properties": { "OBJECTID_1": 237, "OBJECTID": 238, "Fault_ID": 564, "Name": "Vernon 3", "Name_stat": "published", "Lineage": "Unmodified", "Fault_stat": "A-LS", "DomainName": "Marlborough Fault System", "Domain_No": 14, "Dip_pref": 70, "Dip_min": 60.0, "Dip_max": 80.0, "Dip_dir": "S", "Dom_sense": "normal", "Sub_sense": "dextral", "Rake_pref": -110, "Rake_minus": -130, "Rake_plus": -90, "SR_pref": 2.5, "SR_min": 1.5, "SR_max": 3.0, "SRT_pref": null, "SRT_min": null, "SRT_max": null, "SRT_gen": "10,000s yrs", "UpdDth_prf": 0.0, "UpdDth_min": 0.0, "UpdDth_max": 0.0, "Depth_Dfc": 27.4, "Method_Dfc": 3, "Depth_D90": 22.6, "Method_D90": 1.0, "QualCode": 2, "References": "Litchfield et al. 2013, 2014; Robinson et al. 2011", "Comments": null, "CompiledBy": null, "LastUpdate": null, "Shape_Leng": 5470.29852157, "Shape_Le_1": 5470.29852157 }, "geometry": { "type": "MultiLineString", "coordinates": [ [ [ 1704563.874200000427663, 5401097.469700000248849 ], [ 1699101.357099999673665, 5400805.7972 ] ] ] } },
{ "type": "Feature", "properties": { "OBJECTID_1": 233, "OBJECTID": 234, "Fault_ID": 565, "Name": "Vernon 4", "Name_stat": "published", "Lineage": "Unmodified", "Fault_stat": "A-LS", "DomainName": "Marlborough Fault System", "Domain_No": 14, "Dip_pref": 70, "Dip_min": 50.0, "Dip_max": 70.0, "Dip_dir": "S", "Dom_sense": "normal", "Sub_sense": "dextral", "Rake_pref": -110, "Rake_minus": -130, "Rake_plus": -90, "SR_pref": 4.5, "SR_min": 2.5, "SR_max": 5.0, "SRT_pref": null, "SRT_min": null, "SRT_max": null, "SRT_gen": "10,000s yrs", "UpdDth_prf": 0.0, "UpdDth_min": 0.0, "UpdDth_max": 0.0, "Depth_Dfc": 25.3, "Method_Dfc": 3, "Depth_D90": 22.6, "Method_D90": 1.0, "QualCode": 2, "References": "Litchfield et al. 2013, 2014; Pondard and Barnes 2010; Robinson et al. 2011", "Comments": null, "CompiledBy": null, "LastUpdate": null, "Shape_Leng": 16464.5885973, "Shape_Le_1": 16464.5885973 }, "geometry": { "type": "MultiLineString", "coordinates": [ [ [ 1721008.421400000341237, 5400285.3459 ], [ 1704563.874200000427663, 5401097.469700000248849 ] ] ] } },
{ "type": "Feature", "properties": { "OBJECTID_1": 853, "OBJECTID": 856, "Fault_ID": 669, "Name": "Virginia", "Name_stat": "published", "Lineage": "New", "Fault_stat": "A-LS", "DomainName": "Central Canterbury", "Domain_No": 18, "Dip_pref": 70, "Dip_min": 60.0, "Dip_max": 80.0, "Dip_dir": "N", "Dom_sense": "dextral", "Sub_sense": "reverse", "Rake_pref": 160, "Rake_minus": 140, "Rake_plus": 180, "SR_pref": 0.5, "SR_min": 0.35, "SR_max": 0.65, "SRT_pref": null, "SRT_min": null, "SRT_max": null, "SRT_gen": "10,000s yrs", "UpdDth_prf": 0.0, "UpdDth_min": 0.0, "UpdDth_max": 0.0, "Depth_Dfc": 28.9, "Method_Dfc": 1, "Depth_D90": 24.1, "Method_D90": 1.0, "QualCode": 3, "References": "Rattenbury et al. 2006 (Kaikoura QMAP); Barrell and Townsend 2012 (CR2012/113); Barrell CFM compilation", "Comments": "Redefinition of part of the Waitohi2017 source. This source represents a dextral transfer structure between the S end of the W-dipping Hurunui Peak fault source, and N end of the SE-dipping Pancake fault source.", "CompiledBy": "D Barrell", "LastUpdate": "12/02/2021", "Shape_Leng": 15631.6426343, "Shape_Le_1": 15631.6426343 }, "geometry": { "type": "MultiLineString", "coordinates": [ [ [ 1546257.2177, 5246737.18030000012368 ], [ 1551185.092199999839067, 5247134.056099999696016 ], [ 1555087.70409999974072, 5247034.837100000120699 ], [ 1561812.979899999685585, 5247925.061599999666214 ] ] ] } },
{ "type": "Feature", "properties": { "OBJECTID_1": 762, "OBJECTID": 765, "Fault_ID": 129, "Name": "Volkner 3", "Name_stat": "published", "Lineage": "Unmodified", "Fault_stat": "N-PS", "DomainName": "Havre Trough - Taupo Rift", "Domain_No": 4, "Dip_pref": 50, "Dip_min": 40.0, "Dip_max": 60.0, "Dip_dir": "NW", "Dom_sense": "normal", "Sub_sense": null, "Rake_pref": -90, "Rake_minus": -110, "Rake_plus": -70, "SR_pref": 2.3, "SR_min": 1.75, "SR_max": 2.9, "SRT_pref": null, "SRT_min": null, "SRT_max": null, "SRT_gen": null, "UpdDth_prf": 0.0, "UpdDth_min": 0.0, "UpdDth_max": 0.0, "Depth_Dfc": 26.8, "Method_Dfc": 1, "Depth_D90": 23.7, "Method_D90": 1.0, "QualCode": 4, "References": "Lamarche and Barnes 2005; Litchfield et al. 2013, 2014", "Comments": null, "CompiledBy": null, "LastUpdate": null, "Shape_Leng": 16910.745497799999, "Shape_Le_1": 16910.745497799999 }, "geometry": { "type": "MultiLineString", "coordinates": [ [ [ 1966937.167399999685585, 5853366.484299999661744 ], [ 1966372.92200000025332, 5852762.628600000403821 ], [ 1963377.268899999558926, 5846686.11699999962002 ], [ 1960655.4742, 5844122.224700000137091 ], [ 1957228.22719999961555, 5839731.091400000266731 ] ] ] } },
{ "type": "Feature", "properties": { "OBJECTID_1": 764, "OBJECTID": 767, "Fault_ID": 117, "Name": "Volkner 4", "Name_stat": "published", "Lineage": "Unmodified", "Fault_stat": "N-PS", "DomainName": "Havre Trough - Taupo Rift", "Domain_No": 4, "Dip_pref": 50, "Dip_min": 40.0, "Dip_max": 60.0, "Dip_dir": "NW", "Dom_sense": "normal", "Sub_sense": null, "Rake_pref": -90, "Rake_minus": -110, "Rake_plus": -70, "SR_pref": 4.1, "SR_min": 3.1, "SR_max": 5.15, "SRT_pref": null, "SRT_min": null, "SRT_max": null, "SRT_gen": null, "UpdDth_prf": 0.0, "UpdDth_min": 0.0, "UpdDth_max": 0.0, "Depth_Dfc": 27.7, "Method_Dfc": 1, "Depth_D90": 25.6, "Method_D90": 1.0, "QualCode": 4, "References": "Lamarche and Barnes 2005; Litchfield et al. 2013, 2014", "Comments": null, "CompiledBy": "P Barnes", "LastUpdate": "11/01/2021", "Shape_Leng": 25747.680643600001, "Shape_Le_1": 25747.680643600001 }, "geometry": { "type": "MultiLineString", "coordinates": [ [ [ 1967490.816999999806285, 5851092.57660000026226 ], [ 1980379.3597999997437, 5864748.913200000301003 ], [ 1984042.381299999542534, 5870678.492999999783933 ] ] ] } },
{ "type": "Feature", "properties": { "OBJECTID_1": 269, "OBJECTID": 270, "Fault_ID": 314, "Name": "Waewaepa", "Name_stat": "published", "Lineage": "Modified", "Fault_stat": "A-LS", "DomainName": "North Island Dextral Fault Belt", "Domain_No": 5, "Dip_pref": 70, "Dip_min": 60.0, "Dip_max": 80.0, "Dip_dir": "NW", "Dom_sense": "dextral", "Sub_sense": "reverse", "Rake_pref": 160, "Rake_minus": 140, "Rake_plus": 180, "SR_pref": 3.0, "SR_min": 2.5, "SR_max": 3.5, "SRT_pref": null, "SRT_min": null, "SRT_max": null, "SRT_gen": "10,000s yrs", "UpdDth_prf": 0.0, "UpdDth_min": 0.0, "UpdDth_max": 0.0, "Depth_Dfc": 21.6, "Method_Dfc": 3, "Depth_D90": 19.1, "Method_D90": 1.0, "QualCode": 2, "References": "Beanland 1995; Lee and Begg 2002", "Comments": "Name changed from Alfredton-Makuri 3. Waewaepa dropping to 3mm/yr; new mapping DSM", "CompiledBy": "R Langridge", "LastUpdate": "11/12/2020", "Shape_Leng": 16436.829968499998, "Shape_Le_1": 16436.829968499998 }, "geometry": { "type": "MultiLineString", "coordinates": [ [ [ 1871845.888600000180304, 5538732.691700000315905 ], [ 1866991.993200000375509, 5528675.211199999786913 ], [ 1865226.988199999555945, 5523710.282100000418723 ] ] ] } },
{ "type": "Feature", "properties": { "OBJECTID_1": 334, "OBJECTID": 335, "Fault_ID": 728, "Name": "Waihemo", "Name_stat": "published", "Lineage": "Modified", "Fault_stat": "A-LS", "DomainName": "Central Canterbury", "Domain_No": 18, "Dip_pref": 70, "Dip_min": 60.0, "Dip_max": 80.0, "Dip_dir": "NE", "Dom_sense": "reverse", "Sub_sense": "sinistral", "Rake_pref": 70, "Rake_minus": 50, "Rake_plus": 90, "SR_pref": 0.12, "SR_min": 0.05, "SR_max": 0.2, "SRT_pref": null, "SRT_min": null, "SRT_max": null, "SRT_gen": "100,000s yrs", "UpdDth_prf": 0.0, "UpdDth_min": 0.0, "UpdDth_max": 0.0, "Depth_Dfc": 22.3, "Method_Dfc": 1, "Depth_D90": 19.0, "Method_D90": 1.0, "QualCode": 3, "References": "Barrell 2016 (CR2015/166); Barrell 2019 (CR2018/207)", "Comments": "Major fault in bedrock, up to 1 km reverse-fault movement to create Late Cenozoic peneplain offset. Barrell 2019 interprets a scarp on the Stranraer Fault near Naseby as related to Waihemo FZ rupture, and derives a 0.12 mm/yr SR pref", "CompiledBy": "D Barrell", "LastUpdate": "18/11/2020", "Shape_Leng": 91119.716963700004, "Shape_Le_1": 91119.716963700004 }, "geometry": { "type": "MultiLineString", "coordinates": [ [ [ 1373611.650299999862909, 5013458.435999999754131 ], [ 1377474.574699999764562, 5011659.265700000338256 ], [ 1379961.662999999709427, 5011183.0148 ], [ 1382078.3339, 5011235.9315 ], [ 1383983.337799999862909, 5011024.264399999752641 ], [ 1386152.9254, 5009648.428399999625981 ], [ 1388640.0137, 5007584.674200000241399 ], [ 1392450.0214, 4998959.240299999713898 ], [ 1395042.943199999630451, 4995202.149500000290573 ], [ 1398457.649299999698997, 4991803.731499999761581 ], [ 1400810.871399999596179, 4988468.490199999883771 ], [ 1402001.498800000175834, 4985888.797500000335276 ], [ 1405176.505099999718368, 4983705.980600000359118 ], [ 1408020.781700000166893, 4980332.536399999633431 ], [ 1413312.4589, 4976231.486499999649823 ], [ 1421845.288499999791384, 4966971.051300000399351 ], [ 1426387.144100000150502, 4963167.7407 ], [ 1430117.776600000448525, 4960270.547399999573827 ], [ 1435991.5384, 4951499.592299999669194 ] ] ] } },
{ "type": "Feature", "properties": { "OBJECTID_1": 188, "OBJECTID": 189, "Fault_ID": 242, "Name": "Waihi South", "Name_stat": "published", "Lineage": "Unmodified", "Fault_stat": "A-LS", "DomainName": "Havre Trough - Taupo Rift", "Domain_No": 4, "Dip_pref": 60, "Dip_min": 50.0, "Dip_max": 70.0, "Dip_dir": "SE", "Dom_sense": "normal", "Sub_sense": null, "Rake_pref": -90, "Rake_minus": -110, "Rake_plus": -70, "SR_pref": 2.7, "SR_min": 1.6, "SR_max": 3.7, "SRT_pref": null, "SRT_min": null, "SRT_max": null, "SRT_gen": "10,000s yrs", "UpdDth_prf": 0.0, "UpdDth_min": 0.0, "UpdDth_max": 0.0, "Depth_Dfc": 18.2, "Method_Dfc": 1, "Depth_D90": 13.8, "Method_D90": 1.0, "QualCode": 3, "References": "Gomez-Vasconcelos et al. 2017, 2019; Litchfield et al. 2013, 2014", "Comments": null, "CompiledBy": null, "LastUpdate": null, "Shape_Leng": 24137.536512800001, "Shape_Le_1": 24137.536512800001 }, "geometry": { "type": "MultiLineString", "coordinates": [ [ [ 1828155.605200000107288, 5672888.949699999764562 ], [ 1827794.421400000341237, 5666411.739900000393391 ], [ 1825256.730399999767542, 5662419.1645 ], [ 1823930.356100000441074, 5658380.243599999696016 ], [ 1821590.3246, 5655114.261599999852479 ], [ 1821027.62540000025183, 5650497.865899999625981 ] ] ] } },
{ "type": "Feature", "properties": { "OBJECTID_1": 190, "OBJECTID": 191, "Fault_ID": 237, "Name": "Waihi West", "Name_stat": "published", "Lineage": "Unmodified", "Fault_stat": "A-LS", "DomainName": "Havre Trough - Taupo Rift", "Domain_No": 4, "Dip_pref": 60, "Dip_min": 50.0, "Dip_max": 70.0, "Dip_dir": "SE", "Dom_sense": "normal", "Sub_sense": null, "Rake_pref": -90, "Rake_minus": -110, "Rake_plus": -70, "SR_pref": 2.9, "SR_min": 2.1, "SR_max": 3.8, "SRT_pref": null, "SRT_min": null, "SRT_max": null, "SRT_gen": "10,000s yrs", "UpdDth_prf": 0.0, "UpdDth_min": 0.0, "UpdDth_max": 0.0, "Depth_Dfc": 12.2, "Method_Dfc": 1, "Depth_D90": 10.5, "Method_D90": 1.0, "QualCode": 3, "References": "Gomez-Vasconcelos et al. 2017, 2019; Litchfield et al. 2013, 2014", "Comments": null, "CompiledBy": null, "LastUpdate": null, "Shape_Leng": 15099.888424299999, "Shape_Le_1": 15099.888424299999 }, "geometry": { "type": "MultiLineString", "coordinates": [ [ [ 1835064.565899999812245, 5686750.1402000002563 ], [ 1832505.926799999549985, 5679427.12430000025779 ], [ 1828003.7829, 5673626.548600000329316 ] ] ] } },
{ "type": "Feature", "properties": { "OBJECTID_1": 864, "OBJECTID": 867, "Fault_ID": 817, "Name": "Waikaia", "Name_stat": "published", "Lineage": "New", "Fault_stat": "N-PS", "DomainName": "Southern South Island", "Domain_No": 21, "Dip_pref": 60, "Dip_min": 50.0, "Dip_max": 70.0, "Dip_dir": "E", "Dom_sense": "reverse", "Sub_sense": "dextral", "Rake_pref": 110, "Rake_minus": 90, "Rake_plus": 130, "SR_pref": 0.05, "SR_min": 0.025, "SR_max": 0.1, "SRT_pref": null, "SRT_min": null, "SRT_max": null, "SRT_gen": "≥ 1 Ma", "UpdDth_prf": 0.0, "UpdDth_min": 0.0, "UpdDth_max": 0.0, "Depth_Dfc": 33.8, "Method_Dfc": 1, "Depth_D90": 28.2, "Method_D90": 1.0, "QualCode": 3, "References": "Turnbull and Allibone 2003 (QMAP); Barrell CFM compilation", "Comments": "Represents an en-cechelon array of fault slices, that uplift basement to the E against Tertiary strata by many hundreds of metres. No reported evidence for Late Q deformation, nominal slip rates applied.", "CompiledBy": "D Barrell, N Mortimer", "LastUpdate": "12/02/2021", "Shape_Leng": 69235.682155600021, "Shape_Le_1": 69235.682155600021 }, "geometry": { "type": "MultiLineString", "coordinates": [ [ [ 1274821.730000000447035, 4897689.361100000329316 ], [ 1277123.253700000233948, 4915653.531899999827147 ], [ 1277652.421500000171363, 4923379.380699999630451 ], [ 1281809.153699999675155, 4934732.2336 ], [ 1293516.9896, 4954377.585400000214577 ], [ 1298279.499099999666214, 4961322.911799999885261 ] ] ] } },
{ "type": "Feature", "properties": { "OBJECTID_1": 871, "OBJECTID": 874, "Fault_ID": 831, "Name": "Waikaka", "Name_stat": "published", "Lineage": "New", "Fault_stat": "N-PS", "DomainName": "Southern South Island", "Domain_No": 21, "Dip_pref": 60, "Dip_min": 50.0, "Dip_max": 70.0, "Dip_dir": "NW", "Dom_sense": "reverse", "Sub_sense": "dextral", "Rake_pref": 110, "Rake_minus": 90, "Rake_plus": 130, "SR_pref": 0.05, "SR_min": 0.025, "SR_max": 0.1, "SRT_pref": null, "SRT_min": null, "SRT_max": null, "SRT_gen": "≥ 1 Ma", "UpdDth_prf": 0.0, "UpdDth_min": 0.0, "UpdDth_max": 0.0, "Depth_Dfc": 34.0, "Method_Dfc": 1, "Depth_D90": 28.9, "Method_D90": 1.0, "QualCode": 3, "References": "Turnbull and Allibone 2003 (QMAP); Barrell CFM compilation", "Comments": null, "CompiledBy": "D Barrell", "LastUpdate": "12/02/2021", "Shape_Leng": 22813.095268699999, "Shape_Le_1": 22813.095268699999 }, "geometry": { "type": "MultiLineString", "coordinates": [ [ [ 1283909.839300000108778, 4893893.7144 ], [ 1283909.839300000108778, 4901672.480000000447035 ], [ 1284544.840599999763072, 4904847.486399999819696 ], [ 1289624.850700000301003, 4907466.866600000299513 ], [ 1293196.732900000177324, 4912388.126400000415742 ] ] ] } },
{ "type": "Feature", "properties": { "OBJECTID_1": 201, "OBJECTID": 202, "Fault_ID": 653, "Name": "Waikuku", "Name_stat": "published", "Lineage": "Modified", "Fault_stat": "A-LS", "DomainName": "Northeastern Canterbury", "Domain_No": 17, "Dip_pref": 55, "Dip_min": 45.0, "Dip_max": 65.0, "Dip_dir": "SE", "Dom_sense": "reverse", "Sub_sense": null, "Rake_pref": 90, "Rake_minus": 70, "Rake_plus": 110, "SR_pref": 0.125, "SR_min": 0.05, "SR_max": 0.2, "SRT_pref": "120 ka", "SRT_min": "100 ka", "SRT_max": "140 ka", "SRT_gen": "100,000s yrs", "UpdDth_prf": 0.0, "UpdDth_min": 0.0, "UpdDth_max": 0.0, "Depth_Dfc": 23.0, "Method_Dfc": 1, "Depth_D90": 14.0, "Method_D90": 1.0, "QualCode": 1, "References": "Barnes 1996; Barnes et al. 2016", "Comments": "Position & Rake edited following CFM workshop. Fault I of Barnes (1996); North Canterbury Shelf 1 of Litchfield et al. (2014)", "CompiledBy": null, "LastUpdate": null, "Shape_Leng": 21133.047931000001, "Shape_Le_1": 21133.047931000001 }, "geometry": { "type": "MultiLineString", "coordinates": [ [ [ 1579306.6053, 5209169.889399999752641 ], [ 1586333.693799999542534, 5212149.120699999853969 ], [ 1599729.313699999824166, 5213828.662499999627471 ] ] ] } },
{ "type": "Feature", "properties": { "OBJECTID_1": 797, "OBJECTID": 800, "Fault_ID": 294, "Name": "Waimana - Waikaremoana", "Name_stat": "published", "Lineage": "Unmodified", "Fault_stat": "A-LS", "DomainName": "North Island Dextral Fault Belt", "Domain_No": 5, "Dip_pref": 70, "Dip_min": 60.0, "Dip_max": 80.0, "Dip_dir": "W", "Dom_sense": "normal and dextral", "Sub_sense": null, "Rake_pref": -135, "Rake_minus": -155, "Rake_plus": -115, "SR_pref": 2.3, "SR_min": 1.5, "SR_max": 3.1, "SRT_pref": null, "SRT_min": null, "SRT_max": null, "SRT_gen": "10,000s yrs", "UpdDth_prf": 0.0, "UpdDth_min": 0.0, "UpdDth_max": 0.0, "Depth_Dfc": 31.9, "Method_Dfc": 1, "Depth_D90": 26.0, "Method_D90": 1.0, "QualCode": 2, "References": "Lamarche and Barnes 2005; Litchfield et al. 2013, 2014; Mouslopoulou et al. 2007, 2009", "Comments": null, "CompiledBy": null, "LastUpdate": null, "Shape_Leng": 14785.805217900001, "Shape_Le_1": 14785.805217900001 }, "geometry": { "type": "MultiLineString", "coordinates": [ [ [ 1970761.9408, 5814810.237300000153482 ], [ 1970249.059000000357628, 5809925.442200000397861 ], [ 1965697.148, 5801163.072800000198185 ] ] ] } },
{ "type": "Feature", "properties": { "OBJECTID_1": 694, "OBJECTID": 697, "Fault_ID": 269, "Name": "Waimana: North", "Name_stat": "published", "Lineage": "Modified", "Fault_stat": "A-LS", "DomainName": "North Island Dextral Fault Belt", "Domain_No": 5, "Dip_pref": 75, "Dip_min": 65.0, "Dip_max": 85.0, "Dip_dir": "W", "Dom_sense": "dextral", "Sub_sense": "normal", "Rake_pref": -160, "Rake_minus": -180, "Rake_plus": -140, "SR_pref": 1.2, "SR_min": 0.7, "SR_max": 1.7, "SRT_pref": null, "SRT_min": null, "SRT_max": null, "SRT_gen": "10,000s yrs", "UpdDth_prf": 0.0, "UpdDth_min": 0.0, "UpdDth_max": 0.0, "Depth_Dfc": 23.0, "Method_Dfc": 1, "Depth_D90": 17.9, "Method_D90": 1.0, "QualCode": 1, "References": "Litchfield et al. 2013, 2014; Lamarche and Barnes 2005; Mouslopoulou 2006; Mouslopoulou et al. 2007, 2009", "Comments": "Northern end extended by PB subparallel to Waikaremoana", "CompiledBy": null, "LastUpdate": "23/12/2020", "Shape_Leng": 82629.445982999998, "Shape_Le_1": 82629.445982999998 }, "geometry": { "type": "MultiLineString", "coordinates": [ [ [ 1956432.8109, 5726140.895899999886751 ], [ 1957682.935600000433624, 5731249.5696 ], [ 1960417.2533, 5745259.020100000314415 ], [ 1960692.5861, 5754777.94579999987036 ], [ 1959625.858799999579787, 5762904.425800000317395 ], [ 1961102.513299999758601, 5768650.313799999654293 ], [ 1962708.4512, 5772309.306200000457466 ], [ 1961480.6891, 5788128.936300000175834 ], [ 1962947.224100000225008, 5794900.1519 ], [ 1962909.5307, 5799133.060200000181794 ], [ 1966178.240799999795854, 5806892.860600000247359 ] ] ] } },
{ "type": "Feature", "properties": { "OBJECTID_1": 111, "OBJECTID": 112, "Fault_ID": 270, "Name": "Waimana: South", "Name_stat": "published", "Lineage": "Modified", "Fault_stat": "A-LS", "DomainName": "North Island Dextral Fault Belt", "Domain_No": 5, "Dip_pref": 80, "Dip_min": 70.0, "Dip_max": 90.0, "Dip_dir": "NW", "Dom_sense": "dextral", "Sub_sense": "normal", "Rake_pref": -160, "Rake_minus": -180, "Rake_plus": -140, "SR_pref": 1.0, "SR_min": 0.5, "SR_max": 1.5, "SRT_pref": null, "SRT_min": null, "SRT_max": null, "SRT_gen": "1000s yrs", "UpdDth_prf": 0.0, "UpdDth_min": 0.0, "UpdDth_max": 0.0, "Depth_Dfc": 25.3, "Method_Dfc": 1, "Depth_D90": 20.2, "Method_D90": 1.0, "QualCode": 3, "References": "Beanland 1995; Mouslopoulou 2006; Mouslopoulou et al. 2007", "Comments": "Added new source to honour NZAFD (note the name already existed; also see Waiotahi)", "CompiledBy": null, "LastUpdate": null, "Shape_Leng": 61677.400213200002, "Shape_Le_1": 61677.400213200002 }, "geometry": { "type": "MultiLineString", "coordinates": [ [ [ 1956432.8109, 5726140.895899999886751 ], [ 1952696.145100000314415, 5718762.854399999603629 ], [ 1947102.1464, 5706509.7385 ], [ 1941310.508600000292063, 5700971.676400000229478 ], [ 1933537.428000000305474, 5686336.364699999801815 ], [ 1924995.007799999788404, 5673579.755599999800324 ] ] ] } },
{ "type": "Feature", "properties": { "OBJECTID_1": 668, "OBJECTID": 670, "Fault_ID": 381, "Name": "Waimarama 1 & 2", "Name_stat": "published", "Lineage": "Unmodified", "Fault_stat": "A-LS", "DomainName": "Hikurangi accretionary margin", "Domain_No": 7, "Dip_pref": 40, "Dip_min": 30.0, "Dip_max": 50.0, "Dip_dir": "NW", "Dom_sense": "reverse", "Sub_sense": null, "Rake_pref": 90, "Rake_minus": 70, "Rake_plus": 110, "SR_pref": 1.0, "SR_min": 0.5, "SR_max": 1.5, "SRT_pref": null, "SRT_min": null, "SRT_max": null, "SRT_gen": "1000s yrs", "UpdDth_prf": 0.0, "UpdDth_min": 0.0, "UpdDth_max": 0.0, "Depth_Dfc": 16.4, "Method_Dfc": 3, "Depth_D90": 16.4, "Method_D90": 3.0, "QualCode": 2, "References": "Mountjoy and Barnes 2011; Litchfield et al. 2013, 2014", "Comments": "Lengthened to south", "CompiledBy": "P Barnes", "LastUpdate": "21/12/2020", "Shape_Leng": 18610.1678245, "Shape_Le_1": 18610.1678245 }, "geometry": { "type": "MultiLineString", "coordinates": [ [ [ 1951311.918700000271201, 5586120.056599999777973 ], [ 1948680.003999999724329, 5584520.057400000281632 ], [ 1948421.4041, 5581991.100999999791384 ], [ 1945240.627999999560416, 5577114.33600000012666 ], [ 1939924.028400000184774, 5572310.294599999673665 ] ] ] } },
{ "type": "Feature", "properties": { "OBJECTID_1": 669, "OBJECTID": 671, "Fault_ID": 380, "Name": "Waimarama 3 & 4", "Name_stat": "published", "Lineage": "Unmodified", "Fault_stat": "A-LS", "DomainName": "Hikurangi accretionary margin", "Domain_No": 7, "Dip_pref": 40, "Dip_min": 30.0, "Dip_max": 50.0, "Dip_dir": "NW", "Dom_sense": "reverse", "Sub_sense": null, "Rake_pref": 90, "Rake_minus": 70, "Rake_plus": 110, "SR_pref": 1.0, "SR_min": 0.5, "SR_max": 1.5, "SRT_pref": null, "SRT_min": null, "SRT_max": null, "SRT_gen": "1000s yrs", "UpdDth_prf": 0.0, "UpdDth_min": 0.0, "UpdDth_max": 0.0, "Depth_Dfc": 15.9, "Method_Dfc": 3, "Depth_D90": 15.9, "Method_D90": 3.0, "QualCode": 2, "References": "Mountjoy and Barnes 2011; Litchfield et al. 2013, 2014", "Comments": null, "CompiledBy": "P Barnes", "LastUpdate": "21/12/2020", "Shape_Leng": 18188.603286699999, "Shape_Le_1": 18188.603286699999 }, "geometry": { "type": "MultiLineString", "coordinates": [ [ [ 1949925.317800000309944, 5576795.970599999651313 ], [ 1952764.369599999859929, 5581130.349999999627471 ], [ 1953862.847500000149012, 5586024.7292 ], [ 1959262.580699999816716, 5591915.3854 ] ] ] } },
{ "type": "Feature", "properties": { "OBJECTID_1": 491, "OBJECTID": 493, "Fault_ID": 723, "Name": "Waimate", "Name_stat": "published", "Lineage": "New", "Fault_stat": "N-PS", "DomainName": "Central Canterbury", "Domain_No": 18, "Dip_pref": 60, "Dip_min": 50.0, "Dip_max": 70.0, "Dip_dir": "W", "Dom_sense": "reverse", "Sub_sense": "dextral", "Rake_pref": 110, "Rake_minus": 90, "Rake_plus": 130, "SR_pref": 0.05, "SR_min": 0.01, "SR_max": 0.1, "SRT_pref": null, "SRT_min": null, "SRT_max": null, "SRT_gen": "100,000s yrs", "UpdDth_prf": 0.0, "UpdDth_min": 0.0, "UpdDth_max": 0.0, "Depth_Dfc": 21.2, "Method_Dfc": 1, "Depth_D90": 16.8, "Method_D90": 1.0, "QualCode": 3, "References": "Barrell 2016 (CR2015/166) and references therein", "Comments": "Up up to 1 km Late Cenozoic throw.  Hunters Fault dips and rakes applied. Nominal slow SRs aplied. Lack of known deformation on relatively old fans and terraces is basis for slow SRs and QC of 4 in 100 ky timeframe", "CompiledBy": "D Barrell", "LastUpdate": "12/02/2021", "Shape_Leng": 27973.373700299999, "Shape_Le_1": 27973.373700299999 }, "geometry": { "type": "MultiLineString", "coordinates": [ [ [ 1448525.354500000365078, 5020961.0313 ], [ 1446620.350700000301003, 5031438.552299999631941 ], [ 1444821.1804, 5036306.895399999804795 ], [ 1444503.6798, 5040963.571399999782443 ], [ 1442281.1754, 5044667.745400000363588 ], [ 1440164.504499999806285, 5046996.083399999886751 ] ] ] } },
{ "type": "Feature", "properties": { "OBJECTID_1": 341, "OBJECTID": 342, "Fault_ID": 514, "Name": "Waimea Offshore", "Name_stat": "published", "Lineage": "Modified", "Fault_stat": "A-LS", "DomainName": "Northwestern South Island", "Domain_No": 13, "Dip_pref": 60, "Dip_min": 50.0, "Dip_max": 70.0, "Dip_dir": "SE", "Dom_sense": "reverse", "Sub_sense": null, "Rake_pref": 90, "Rake_minus": 70, "Rake_plus": 110, "SR_pref": 0.2, "SR_min": 0.1, "SR_max": 0.3, "SRT_pref": null, "SRT_min": null, "SRT_max": null, "SRT_gen": "≥ 1 Ma", "UpdDth_prf": 0.0, "UpdDth_min": 0.0, "UpdDth_max": 0.0, "Depth_Dfc": 33.3, "Method_Dfc": 1, "Depth_D90": 26.6, "Method_D90": 1.0, "QualCode": 2, "References": "Rattenbury et al. 1998; Ghisetti, Johnston and Wopereis 2020", "Comments": "Previously Manaia. SR unchanged from Litchfield et al. (2014)", "CompiledBy": "F Ghisetti", "LastUpdate": "18/11/2020", "Shape_Leng": 88146.807699099998, "Shape_Le_1": 88146.807699099998 }, "geometry": { "type": "MultiLineString", "coordinates": [ [ [ 1687767.6985, 5511290.02379999961704 ], [ 1686667.755900000222027, 5509957.7286 ], [ 1681674.739699999801815, 5507805.057699999772012 ], [ 1677433.169200000353158, 5505512.3169 ], [ 1675415.557199999690056, 5503838.616100000217557 ], [ 1673650.146800000220537, 5501889.786299999803305 ], [ 1672205.720099999569356, 5499688.755099999718368 ], [ 1670853.002999999560416, 5496868.683899999596179 ], [ 1669642.990899999625981, 5493156.6124 ], [ 1668243.451899999752641, 5488893.1442 ], [ 1666219.385300000198185, 5484051.259499999694526 ], [ 1664387.473799999803305, 5480017.038800000213087 ], [ 1662246.403099999763072, 5476943.4572 ], [ 1658985.099999999627471, 5474429.426099999807775 ], [ 1654926.059500000439584, 5471404.438900000415742 ], [ 1653656.255199999548495, 5469865.030299999751151 ], [ 1652396.4392, 5467131.83530000038445 ], [ 1651335.708200000226498, 5462358.112800000235438 ], [ 1650222.737499999813735, 5459351.00650000013411 ], [ 1648819.763500000350177, 5457020.848199999891222 ], [ 1646724.037899999879301, 5455079.148900000378489 ], [ 1638145.4342, 5449791.545 ], [ 1636101.439299999736249, 5448091.423000000417233 ], [ 1634342.8733, 5445992.480100000277162 ] ] ] } },
{ "type": "Feature", "properties": { "OBJECTID_1": 92, "OBJECTID": 93, "Fault_ID": 262, "Name": "Waiohau: North", "Name_stat": "published", "Lineage": "Unmodified", "Fault_stat": "A-LS", "DomainName": "North Island Dextral Fault Belt", "Domain_No": 5, "Dip_pref": 65, "Dip_min": 60.0, "Dip_max": 70.0, "Dip_dir": "W", "Dom_sense": "normal", "Sub_sense": "dextral", "Rake_pref": -110, "Rake_minus": -130, "Rake_plus": -90, "SR_pref": 0.7, "SR_min": 0.5, "SR_max": 0.9, "SRT_pref": null, "SRT_min": null, "SRT_max": null, "SRT_gen": "10,000s yrs", "UpdDth_prf": 0.0, "UpdDth_min": 0.0, "UpdDth_max": 0.0, "Depth_Dfc": 18.4, "Method_Dfc": 1, "Depth_D90": 14.1, "Method_D90": 1.0, "QualCode": 1, "References": "Abbott et al. 2017 (CR2017/13); Beanland 1989; Mouslopoulou 2006; Mouslopoulou et al. 2007, 2009; Litchfield et al. 2013, 2014", "Comments": null, "CompiledBy": "P Villamor", "LastUpdate": "12/02/2021", "Shape_Leng": 54970.733505199998, "Shape_Le_1": 54970.733505199998 }, "geometry": { "type": "MultiLineString", "coordinates": [ [ [ 1933053.914800000376999, 5782577.835400000214577 ], [ 1935530.634700000286102, 5766859.153699999675155 ], [ 1934173.21169999986887, 5757228.866899999789894 ], [ 1934599.160199999809265, 5741868.145200000144541 ], [ 1936912.86089999973774, 5728095.113800000399351 ] ] ] } },
{ "type": "Feature", "properties": { "OBJECTID_1": 91, "OBJECTID": 92, "Fault_ID": 263, "Name": "Waiohau: South", "Name_stat": "published", "Lineage": "Unmodified", "Fault_stat": "A-LS", "DomainName": "North Island Dextral Fault Belt", "Domain_No": 5, "Dip_pref": 70, "Dip_min": 60.0, "Dip_max": 75.0, "Dip_dir": "W", "Dom_sense": "dextral", "Sub_sense": "normal", "Rake_pref": -160, "Rake_minus": -180, "Rake_plus": -140, "SR_pref": 0.7, "SR_min": 0.5, "SR_max": 0.9, "SRT_pref": null, "SRT_min": null, "SRT_max": null, "SRT_gen": "10,000s yrs", "UpdDth_prf": 0.0, "UpdDth_min": 0.0, "UpdDth_max": 0.0, "Depth_Dfc": 28.9, "Method_Dfc": 1, "Depth_D90": 23.5, "Method_D90": 1.0, "QualCode": 2, "References": "Litchfield et al. 2013, 2014; Mouslopoulou et al. 2007, 2009", "Comments": null, "CompiledBy": null, "LastUpdate": null, "Shape_Leng": 61420.248785099997, "Shape_Le_1": 61420.248785099997 }, "geometry": { "type": "MultiLineString", "coordinates": [ [ [ 1936912.86089999973774, 5728095.113800000399351 ], [ 1934633.2939, 5724141.877399999648333 ], [ 1934349.75800000037998, 5719261.296400000341237 ], [ 1930878.395399999804795, 5710782.351300000213087 ], [ 1930362.491600000299513, 5705318.139600000344217 ], [ 1926116.498599999584258, 5695606.857099999673665 ], [ 1925674.166299999691546, 5691032.843000000342727 ], [ 1923524.454800000414252, 5687430.965400000102818 ], [ 1919998.467899999581277, 5683364.6491 ], [ 1917841.731999999843538, 5677372.721199999563396 ], [ 1913307.3098, 5673176.39740000013262 ] ] ] } },
{ "type": "Feature", "properties": { "OBJECTID_1": 695, "OBJECTID": 698, "Fault_ID": 273, "Name": "Waiotahi: North", "Name_stat": "published", "Lineage": "Modified", "Fault_stat": "A-LS", "DomainName": "North Island Dextral Fault Belt", "Domain_No": 5, "Dip_pref": 80, "Dip_min": 70.0, "Dip_max": 90.0, "Dip_dir": "W", "Dom_sense": "dextral", "Sub_sense": "normal", "Rake_pref": -160, "Rake_minus": -180, "Rake_plus": -140, "SR_pref": 1.1, "SR_min": 0.8, "SR_max": 1.4, "SRT_pref": null, "SRT_min": null, "SRT_max": null, "SRT_gen": "10,000s yrs", "UpdDth_prf": 0.0, "UpdDth_min": 0.0, "UpdDth_max": 0.0, "Depth_Dfc": 26.8, "Method_Dfc": 1, "Depth_D90": 21.4, "Method_D90": 1.0, "QualCode": 1, "References": "Litchfield et al. 2013, 2014; Mouslopoulou et al. 2007, 2009", "Comments": "Previously Waikaremoana. Southern end modified and lengthened to more closely correspond to QMAP", "CompiledBy": "R Van Dissen, N Litchfield", "LastUpdate": "16/10/2020", "Shape_Leng": 77512.671829600004, "Shape_Le_1": 77512.671829600004 }, "geometry": { "type": "MultiLineString", "coordinates": [ [ [ 1965541.654699999839067, 5800808.916799999773502 ], [ 1965223.74930000025779, 5792401.530500000342727 ], [ 1966505.847199999727309, 5779675.572999999858439 ], [ 1966413.348500000312924, 5771311.166500000283122 ], [ 1966056.3388, 5764886.9501 ], [ 1966984.004200000315905, 5754206.399600000120699 ], [ 1964920.258399999700487, 5744121.629499999806285 ], [ 1963893.683000000193715, 5736068.332299999892712 ], [ 1962184.615500000305474, 5731259.536799999885261 ], [ 1959848.331799999810755, 5728090.079900000244379 ], [ 1958562.630599999800324, 5725011.879099999554455 ] ] ] } },
{ "type": "Feature", "properties": { "OBJECTID_1": 399, "OBJECTID": 400, "Fault_ID": 274, "Name": "Waiotahi: South", "Name_stat": "published", "Lineage": "New", "Fault_stat": "A-LS", "DomainName": "North Island Dextral Fault Belt", "Domain_No": 5, "Dip_pref": 80, "Dip_min": 70.0, "Dip_max": 90.0, "Dip_dir": "W", "Dom_sense": "dextral", "Sub_sense": "normal", "Rake_pref": -160, "Rake_minus": -180, "Rake_plus": -140, "SR_pref": 2.0, "SR_min": 1.0, "SR_max": 3.0, "SRT_pref": null, "SRT_min": null, "SRT_max": null, "SRT_gen": null, "UpdDth_prf": 0.0, "UpdDth_min": 0.0, "UpdDth_max": 0.0, "Depth_Dfc": 32.3, "Method_Dfc": 1, "Depth_D90": 26.5, "Method_D90": 1.0, "QualCode": 3, "References": "Mouslopoulou 2006; Mouslopoulou et al. 2007", "Comments": "Previously Waimana South; moved S end towards Mohaka North", "CompiledBy": "R Langridge, R Morgenstern", "LastUpdate": "25/11/2020", "Shape_Leng": 51480.938717899997, "Shape_Le_1": 51480.938717899997 }, "geometry": { "type": "MultiLineString", "coordinates": [ [ [ 1934306.668399999849498, 5681279.0987 ], [ 1938755.703300000168383, 5685518.052500000223517 ], [ 1941741.377999999560416, 5692707.632000000216067 ], [ 1945032.427299999631941, 5697769.274600000120699 ], [ 1951073.068, 5702476.681099999696016 ], [ 1953770.198800000362098, 5711281.385499999858439 ], [ 1956565.931699999608099, 5721627.110600000247359 ], [ 1958562.630599999800324, 5725011.879099999554455 ] ] ] } },
{ "type": "Feature", "properties": { "OBJECTID_1": 55, "OBJECTID": 56, "Fault_ID": 778, "Name": "Waipiata", "Name_stat": "published", "Lineage": "Modified", "Fault_stat": "A-LS", "DomainName": "Otago", "Domain_No": 20, "Dip_pref": 45, "Dip_min": 30.0, "Dip_max": 60.0, "Dip_dir": "SE", "Dom_sense": "reverse", "Sub_sense": "dextral", "Rake_pref": 110, "Rake_minus": 90, "Rake_plus": 130, "SR_pref": 0.1, "SR_min": 0.01, "SR_max": 0.2, "SRT_pref": null, "SRT_min": null, "SRT_max": null, "SRT_gen": "≥ 1 Ma", "UpdDth_prf": 0.0, "UpdDth_min": 0.0, "UpdDth_max": 0.0, "Depth_Dfc": 23.7, "Method_Dfc": 1, "Depth_D90": 20.2, "Method_D90": 1.0, "QualCode": 3, "References": "Barrell 2019 (CR2018/207)", "Comments": "Array of faults in bedrock, and monoclines in Cenzoic strata. Comprises NE Waipiata. Re-interpretations described by Barrell 2019. An inferred back-fault is interpreted to have deformed fluvial terraces of the Kye Burn valley. SR are nominal inferences.", "CompiledBy": "D Barrell", "LastUpdate": "18/11/2020", "Shape_Leng": 34770.096721499998, "Shape_Le_1": 34770.096721499998 }, "geometry": { "type": "MultiLineString", "coordinates": [ [ [ 1381502.368200000375509, 5000153.11699999962002 ], [ 1375924.1382, 4990871.5192 ], [ 1371587.644000000320375, 4986823.455500000156462 ], [ 1366129.659699999727309, 4978114.8827 ], [ 1361446.525299999862909, 4971963.307900000363588 ] ] ] } },
{ "type": "Feature", "properties": { "OBJECTID_1": 508, "OBJECTID": 510, "Fault_ID": 316, "Name": "Waipukaka", "Name_stat": "published", "Lineage": "Modified", "Fault_stat": "A-LS", "DomainName": "North Island Dextral Fault Belt", "Domain_No": 5, "Dip_pref": 70, "Dip_min": 60.0, "Dip_max": 80.0, "Dip_dir": "NW", "Dom_sense": "dextral", "Sub_sense": "reverse", "Rake_pref": 160, "Rake_minus": 140, "Rake_plus": 180, "SR_pref": 0.5, "SR_min": 0.25, "SR_max": 0.75, "SRT_pref": null, "SRT_min": null, "SRT_max": null, "SRT_gen": null, "UpdDth_prf": 0.0, "UpdDth_min": 0.0, "UpdDth_max": 0.0, "Depth_Dfc": 18.2, "Method_Dfc": 3, "Depth_D90": 17.2, "Method_D90": 1.0, "QualCode": 3, "References": "Litchfield et al. 2013, 2014; Stirling et al. 2012; Schermer et al. 1998, 2004", "Comments": "Previously segment of Saunders Road-Waipukaka. Slip rate sharing from Saunders Road to the east", "CompiledBy": "R Langridge", "LastUpdate": "11/12/2020", "Shape_Leng": 20381.090583900001, "Shape_Le_1": 20381.090583900001 }, "geometry": { "type": "MultiLineString", "coordinates": [ [ [ 1878561.30460000038147, 5523415.622000000439584 ], [ 1872706.494699999690056, 5513602.769899999722838 ], [ 1867345.337500000372529, 5509837.573200000450015 ], [ 1865179.270600000396371, 5508796.89740000013262 ] ] ] } },
{ "type": "Feature", "properties": { "OBJECTID_1": 128, "OBJECTID": 129, "Fault_ID": 379, "Name": "Waipukurau - Poukawa", "Name_stat": "published", "Lineage": "Modified", "Fault_stat": "A-LS", "DomainName": "Hikurangi accretionary margin", "Domain_No": 7, "Dip_pref": 60, "Dip_min": 45.0, "Dip_max": 75.0, "Dip_dir": "NW", "Dom_sense": "reverse", "Sub_sense": "dextral", "Rake_pref": 110, "Rake_minus": 90, "Rake_plus": 130, "SR_pref": 2.0, "SR_min": 1.0, "SR_max": 3.0, "SRT_pref": null, "SRT_min": null, "SRT_max": null, "SRT_gen": "10,000s yrs", "UpdDth_prf": 0.0, "UpdDth_min": 0.0, "UpdDth_max": 0.0, "Depth_Dfc": 20.7, "Method_Dfc": 3, "Depth_D90": 19.7, "Method_D90": 1.0, "QualCode": 1, "References": "Beanland 1995; Henderson 1933; Hull 1990; Kelsey et al. 1998; Langridge and Reis 2014; Langridge and Reis 2015", "Comments": "SR re-evalusted up for SiteDB by Rob", "CompiledBy": "R Langridge, R Morgenstern", "LastUpdate": "25/11/2020", "Shape_Leng": 55586.703264000003, "Shape_Le_1": 55586.703264000003 }, "geometry": { "type": "MultiLineString", "coordinates": [ [ [ 1922082.617600000463426, 5597033.844499999657273 ], [ 1911724.530600000172853, 5585409.2177 ], [ 1903628.335799999535084, 5565128.35149999987334 ], [ 1894282.1787, 5553020.070600000210106 ], [ 1892744.0389, 5550580.669099999591708 ] ] ] } },
{ "type": "Feature", "properties": { "OBJECTID_1": 243, "OBJECTID": 244, "Fault_ID": 283, "Name": "Wairarapa: 1", "Name_stat": "published", "Lineage": "Modified", "Fault_stat": "A-LS", "DomainName": "North Island Dextral Fault Belt", "Domain_No": 5, "Dip_pref": 70, "Dip_min": 60.0, "Dip_max": 80.0, "Dip_dir": "NW", "Dom_sense": "dextral", "Sub_sense": "reverse", "Rake_pref": 160, "Rake_minus": 140, "Rake_plus": 180, "SR_pref": 11.0, "SR_min": 8.0, "SR_max": 12.0, "SRT_pref": null, "SRT_min": null, "SRT_max": null, "SRT_gen": "10,000s yrs", "UpdDth_prf": 0.0, "UpdDth_min": 0.0, "UpdDth_max": 0.0, "Depth_Dfc": 22.5, "Method_Dfc": 3, "Depth_D90": 20.8, "Method_D90": 3.0, "QualCode": 2, "References": "Litchfield et al. 2013, 2014; Little et al. 2009; Mountjoy et al. 2009; Robinson et al. 2011", "Comments": "Moved the northern end to approximately the junction with the northern end of the Whrekauhau Thrust", "CompiledBy": "R Van Dissen, N Litchfield", "LastUpdate": "06/10/2020", "Shape_Leng": 49337.915120199999, "Shape_Le_1": 49337.915120199999 }, "geometry": { "type": "MultiLineString", "coordinates": [ [ [ 1778225.576999999582767, 5432180.616600000299513 ], [ 1774524.389000000432134, 5429071.222400000318885 ], [ 1771612.742200000211596, 5424785.27240000013262 ], [ 1756719.606300000101328, 5407921.606800000183284 ], [ 1743696.5883, 5397270.557099999859929 ] ] ] } },
{ "type": "Feature", "properties": { "OBJECTID_1": 244, "OBJECTID": 245, "Fault_ID": 282, "Name": "Wairarapa: 2", "Name_stat": "published", "Lineage": "Modified", "Fault_stat": "A-LS", "DomainName": "North Island Dextral Fault Belt", "Domain_No": 5, "Dip_pref": 70, "Dip_min": 60.0, "Dip_max": 80.0, "Dip_dir": "NW", "Dom_sense": "dextral", "Sub_sense": "reverse", "Rake_pref": 160, "Rake_minus": 140, "Rake_plus": 180, "SR_pref": 12.1, "SR_min": 9.1, "SR_max": 15.0, "SRT_pref": null, "SRT_min": null, "SRT_max": null, "SRT_gen": "10,000s yrs", "UpdDth_prf": 0.0, "UpdDth_min": 0.0, "UpdDth_max": 0.0, "Depth_Dfc": 20.9, "Method_Dfc": 3, "Depth_D90": 18.7, "Method_D90": 3.0, "QualCode": 1, "References": "Litchfield et al. 2013, 2014; Carne et al. 2011; Grapes and Downes 1997; Little et al. 2009; Rodgers and Little 2006; Van Dissen and Berryman 1996; Wang and Grapes 2008", "Comments": "Southrn end moved northwards to approximate junction with northern end of Wharekauhau Thrust", "CompiledBy": "R Van Dissen, N Litchfield", "LastUpdate": "06/10/2020", "Shape_Leng": 35166.933417799999, "Shape_Le_1": 35166.933417799999 }, "geometry": { "type": "MultiLineString", "coordinates": [ [ [ 1804396.332499999552965, 5455088.90639999974519 ], [ 1799404.44620000012219, 5450672.6645 ], [ 1798289.7423, 5449918.258399999700487 ], [ 1789207.60219999961555, 5441144.0663 ], [ 1784436.3767, 5435812.158200000412762 ], [ 1779733.073099999688566, 5432318.376000000163913 ], [ 1778225.576999999582767, 5432180.616600000299513 ] ] ] } },
{ "type": "Feature", "properties": { "OBJECTID_1": 245, "OBJECTID": 246, "Fault_ID": 281, "Name": "Wairarapa: 3", "Name_stat": "published", "Lineage": "Unmodified", "Fault_stat": "A-LS", "DomainName": "North Island Dextral Fault Belt", "Domain_No": 5, "Dip_pref": 70, "Dip_min": 60.0, "Dip_max": 80.0, "Dip_dir": "NW", "Dom_sense": "dextral", "Sub_sense": "reverse", "Rake_pref": 160, "Rake_minus": 140, "Rake_plus": 180, "SR_pref": 6.0, "SR_min": 4.5, "SR_max": 7.5, "SRT_pref": null, "SRT_min": null, "SRT_max": null, "SRT_gen": "10,000s yrs", "UpdDth_prf": 0.0, "UpdDth_min": 0.0, "UpdDth_max": 0.0, "Depth_Dfc": 20.0, "Method_Dfc": 3, "Depth_D90": 17.7, "Method_D90": 3.0, "QualCode": 2, "References": "Litchfield et al. 2013, 2014; Grapes and Downes 1997; Grapes and Wellman 1988; Van Dissen and Berryman 1996; Robinson et al. 2011; Villamor et al. 2008", "Comments": null, "CompiledBy": null, "LastUpdate": null, "Shape_Leng": 37335.875398099997, "Shape_Le_1": 37335.875398099997 }, "geometry": { "type": "MultiLineString", "coordinates": [ [ [ 1828328.832299999892712, 5483562.747700000181794 ], [ 1825300.157599999569356, 5478765.418999999761581 ], [ 1818685.231300000101328, 5470980.526100000366569 ], [ 1810399.214800000190735, 5461475.936499999836087 ], [ 1807999.656499999575317, 5457920.253399999812245 ], [ 1804430.837899999693036, 5455101.403099999763072 ] ] ] } },
{ "type": "Feature", "properties": { "OBJECTID_1": 242, "OBJECTID": 243, "Fault_ID": 284, "Name": "Wairarapa: Needles", "Name_stat": "published", "Lineage": "Modified", "Fault_stat": "A-LS", "DomainName": "North Island Dextral Fault Belt", "Domain_No": 5, "Dip_pref": 70, "Dip_min": 60.0, "Dip_max": 80.0, "Dip_dir": "NW", "Dom_sense": "dextral", "Sub_sense": null, "Rake_pref": 180, "Rake_minus": 160, "Rake_plus": -160, "SR_pref": 11.0, "SR_min": 8.0, "SR_max": 12.0, "SRT_pref": null, "SRT_min": null, "SRT_max": null, "SRT_gen": "10,000s yrs", "UpdDth_prf": 0.0, "UpdDth_min": 0.0, "UpdDth_max": 0.0, "Depth_Dfc": 24.4, "Method_Dfc": 3, "Depth_D90": 22.3, "Method_D90": 3.0, "QualCode": 3, "References": "Litchfield et al. 2013, 2014; Barnes and Audru 1999a,b; Mountjoy et al. 2009; Pondard and Barnes 2010; Robinson et al. 2011", "Comments": "Combined Wairarapa - Needles 1 and 2 into single fault", "CompiledBy": "R Van Dissen, N Litchfield", "LastUpdate": "06/10/2020", "Shape_Leng": 29202.362768300001, "Shape_Le_1": 29202.362768300001 }, "geometry": { "type": "MultiLineString", "coordinates": [ [ [ 1716419.4249, 5386842.985299999825656 ], [ 1730073.181900000199676, 5392067.77489999961108 ], [ 1743696.5883, 5397270.557099999859929 ] ] ] } },
{ "type": "Feature", "properties": { "OBJECTID_1": 160, "OBJECTID": 161, "Fault_ID": 300, "Name": "Wairata", "Name_stat": "published", "Lineage": "Unmodified", "Fault_stat": "A-LS", "DomainName": "North Island Dextral Fault Belt", "Domain_No": 5, "Dip_pref": 60, "Dip_min": 50.0, "Dip_max": 70.0, "Dip_dir": "W", "Dom_sense": "normal", "Sub_sense": null, "Rake_pref": -90, "Rake_minus": -110, "Rake_plus": -70, "SR_pref": 0.5, "SR_min": 0.001, "SR_max": 1.0, "SRT_pref": null, "SRT_min": null, "SRT_max": null, "SRT_gen": null, "UpdDth_prf": 0.0, "UpdDth_min": 0.0, "UpdDth_max": 0.0, "Depth_Dfc": 27.2, "Method_Dfc": 1, "Depth_D90": 22.6, "Method_D90": 1.0, "QualCode": 3, "References": "Litchfield et al. 2013, 2014; Mazengarb and Speden 2000", "Comments": null, "CompiledBy": null, "LastUpdate": null, "Shape_Leng": 7049.7360995199997, "Shape_Le_1": 7049.7360995199997 }, "geometry": { "type": "MultiLineString", "coordinates": [ [ [ 1980058.259800000116229, 5749363.32079999987036 ], [ 1979951.600499999709427, 5756412.25 ] ] ] } },
{ "type": "Feature", "properties": { "OBJECTID_1": 228, "OBJECTID": 229, "Fault_ID": 560, "Name": "Wairau", "Name_stat": "published", "Lineage": "Modified", "Fault_stat": "A-LS", "DomainName": "Marlborough Fault System", "Domain_No": 14, "Dip_pref": 85, "Dip_min": 80.0, "Dip_max": 90.0, "Dip_dir": "SE", "Dom_sense": "dextral", "Sub_sense": null, "Rake_pref": 180, "Rake_minus": 160, "Rake_plus": -160, "SR_pref": 4.9, "SR_min": 4.4, "SR_max": 5.4, "SRT_pref": null, "SRT_min": null, "SRT_max": null, "SRT_gen": "10,000s yrs", "UpdDth_prf": 0.0, "UpdDth_min": 0.0, "UpdDth_max": 0.0, "Depth_Dfc": 26.8, "Method_Dfc": 1, "Depth_D90": 20.1, "Method_D90": 1.0, "QualCode": 1, "References": "Lensen 1968, 1976; Knuepfer 1984, 1988, 1992; Fougere 2002; Nicol et al. 2011; Zinke et al. 2021; Nicol and Van Dissen 2018; Zachariasen et al. 2006", "Comments": "Combined Wairau A & Wairau 1 into single fault. SR taken from Zinke et al. (in prep). Linework modified near coast to more closely align with NZAFD", "CompiledBy": "R Van Dissen, N Litchfield", "LastUpdate": "06/10/2020", "Shape_Leng": 118229.12560699999, "Shape_Le_1": 118229.12560699999 }, "geometry": { "type": "MultiLineString", "coordinates": [ [ [ 1697947.73369999974966, 5417396.69649999961257 ], [ 1682029.986200000159442, 5409634.7138 ], [ 1673569.0844, 5405089.097400000318885 ], [ 1654894.1025, 5400915.3377 ], [ 1622458.006299999542534, 5389421.684299999848008 ], [ 1589146.322999999858439, 5372491.513600000180304 ] ] ] } },
{ "type": "Feature", "properties": { "OBJECTID_1": 230, "OBJECTID": 231, "Fault_ID": 557, "Name": "Wairau 2", "Name_stat": "published", "Lineage": "Unmodified", "Fault_stat": "A-LS", "DomainName": "Marlborough Fault System", "Domain_No": 14, "Dip_pref": 75, "Dip_min": 70.0, "Dip_max": 80.0, "Dip_dir": "S", "Dom_sense": "dextral", "Sub_sense": "normal", "Rake_pref": -160, "Rake_minus": -180, "Rake_plus": -140, "SR_pref": 4.0, "SR_min": 3.0, "SR_max": 5.0, "SRT_pref": null, "SRT_min": null, "SRT_max": null, "SRT_gen": "10,000s yrs", "UpdDth_prf": 0.0, "UpdDth_min": 0.0, "UpdDth_max": 0.0, "Depth_Dfc": 30.0, "Method_Dfc": 3, "Depth_D90": 24.4, "Method_D90": 1.0, "QualCode": 2, "References": "Barnes and Pondard 2010; Litchfield et al. 2013, 2014; Pondard and Barnes 2010; Robinson et al. 2011", "Comments": null, "CompiledBy": null, "LastUpdate": null, "Shape_Leng": 15778.715507000001, "Shape_Le_1": 15778.715507000001 }, "geometry": { "type": "MultiLineString", "coordinates": [ [ [ 1713378.204199999570847, 5420693.4287 ], [ 1697947.73369999974966, 5417396.69649999961257 ] ] ] } },
{ "type": "Feature", "properties": { "OBJECTID_1": 229, "OBJECTID": 230, "Fault_ID": 558, "Name": "Wairau 3", "Name_stat": "published", "Lineage": "Unmodified", "Fault_stat": "A-LS", "DomainName": "Marlborough Fault System", "Domain_No": 14, "Dip_pref": 65, "Dip_min": 60.0, "Dip_max": 70.0, "Dip_dir": "S", "Dom_sense": "normal", "Sub_sense": "dextral", "Rake_pref": -110, "Rake_minus": -130, "Rake_plus": -90, "SR_pref": 4.0, "SR_min": 3.0, "SR_max": 5.0, "SRT_pref": null, "SRT_min": null, "SRT_max": null, "SRT_gen": "10,000s yrs", "UpdDth_prf": 0.0, "UpdDth_min": 0.0, "UpdDth_max": 0.0, "Depth_Dfc": 27.7, "Method_Dfc": 3, "Depth_D90": 23.3, "Method_D90": 1.0, "QualCode": 2, "References": "Barnes and Pondard 2010; Litchfield et al. 2013, 2014; Pondard and Barnes 2010; Robinson et al. 2011", "Comments": null, "CompiledBy": null, "LastUpdate": null, "Shape_Leng": 11234.1426866, "Shape_Le_1": 11234.1426866 }, "geometry": { "type": "MultiLineString", "coordinates": [ [ [ 1724448.7675, 5418783.3004 ], [ 1713378.204199999570847, 5420693.4287 ] ] ] } },
{ "type": "Feature", "properties": { "OBJECTID_1": 58, "OBJECTID": 59, "Fault_ID": 1, "Name": "Wairoa North", "Name_stat": "published", "Lineage": "Unmodified", "Fault_stat": "A-LS", "DomainName": "North Waikato - South Auckland", "Domain_No": 2, "Dip_pref": 60, "Dip_min": 50.0, "Dip_max": 70.0, "Dip_dir": "W", "Dom_sense": "normal", "Sub_sense": null, "Rake_pref": -90, "Rake_minus": -110, "Rake_plus": -70, "SR_pref": 0.09, "SR_min": 0.07, "SR_max": 0.11, "SRT_pref": null, "SRT_min": null, "SRT_max": null, "SRT_gen": "10,000s yrs", "UpdDth_prf": 0.0, "UpdDth_min": 0.0, "UpdDth_max": 0.0, "Depth_Dfc": 22.6, "Method_Dfc": 1, "Depth_D90": 17.0, "Method_D90": 1.0, "QualCode": 2, "References": "Edbrooke 2001; Litchfield et al. 2013, 2014; Wise et al. 2003", "Comments": null, "CompiledBy": null, "LastUpdate": null, "Shape_Leng": 27405.551902200001, "Shape_Le_1": 27405.551902200001 }, "geometry": { "type": "MultiLineString", "coordinates": [ [ [ 1790833.677000000141561, 5881885.137199999764562 ], [ 1784309.179100000299513, 5900347.016800000332296 ], [ 1779545.564799999818206, 5906554.575500000268221 ] ] ] } },
{ "type": "Feature", "properties": { "OBJECTID_1": 387, "OBJECTID": 388, "Fault_ID": 800, "Name": "Waitahuna 1", "Name_stat": "published", "Lineage": "New", "Fault_stat": "N-PS", "DomainName": "Otago", "Domain_No": 20, "Dip_pref": 45, "Dip_min": 30.0, "Dip_max": 60.0, "Dip_dir": "SE", "Dom_sense": "reverse", "Sub_sense": "dextral", "Rake_pref": 110, "Rake_minus": 90, "Rake_plus": 130, "SR_pref": 0.05, "SR_min": 0.01, "SR_max": 0.1, "SRT_pref": null, "SRT_min": null, "SRT_max": null, "SRT_gen": "≥ 1 Ma", "UpdDth_prf": 0.0, "UpdDth_min": 0.0, "UpdDth_max": 0.0, "Depth_Dfc": 28.7, "Method_Dfc": 1, "Depth_D90": 25.0, "Method_D90": 1.0, "QualCode": 3, "References": "Villamor et al. 2018 (GNS MS 124); Barrell 2021 (CR2020/88)", "Comments": "NE limit shortened to allow extension of Waipori Fault; SW end lengthened, about the same net length", "CompiledBy": "D Barrell", "LastUpdate": "12/02/2021", "Shape_Leng": 22616.878459200001, "Shape_Le_1": 22616.878459200001 }, "geometry": { "type": "MultiLineString", "coordinates": [ [ [ 1357225.089800000190735, 4893854.403400000184774 ], [ 1354288.2089, 4898140.661899999715388 ], [ 1354370.469600000418723, 4902171.472299999557436 ], [ 1355478.83629999961704, 4904966.925599999725819 ], [ 1358733.217799999751151, 4909094.433899999596179 ], [ 1359288.84389999974519, 4910920.0625 ], [ 1359606.344600000418723, 4912269.4402 ], [ 1360910.454900000244379, 4913555.352900000289083 ] ] ] } },
{ "type": "Feature", "properties": { "OBJECTID_1": 386, "OBJECTID": 387, "Fault_ID": 803, "Name": "Waitahuna 2", "Name_stat": "published", "Lineage": "New", "Fault_stat": "N-PS", "DomainName": "Otago", "Domain_No": 20, "Dip_pref": 45, "Dip_min": 30.0, "Dip_max": 60.0, "Dip_dir": "SE", "Dom_sense": "reverse", "Sub_sense": "dextral", "Rake_pref": 110, "Rake_minus": 90, "Rake_plus": 130, "SR_pref": 0.05, "SR_min": 0.01, "SR_max": 0.1, "SRT_pref": null, "SRT_min": null, "SRT_max": null, "SRT_gen": "≥ 1 Ma", "UpdDth_prf": 0.0, "UpdDth_min": 0.0, "UpdDth_max": 0.0, "Depth_Dfc": 28.7, "Method_Dfc": 1, "Depth_D90": 25.0, "Method_D90": 1.0, "QualCode": 3, "References": "Villamor et al. 2018 (GNS MS 124); Barrell 2021 (CR2020/88)", "Comments": "Shortened to allow extension of Waipori Fault; Barrell 2019 proposes as a splay of the No. 1 fault, not an independent source", "CompiledBy": "D Barrell", "LastUpdate": "12/02/2021", "Shape_Leng": 8674.33521827, "Shape_Le_1": 8674.33521827 }, "geometry": { "type": "MultiLineString", "coordinates": [ [ [ 1360974.61600000038743, 4901874.786500000394881 ], [ 1363349.855499999597669, 4907344.246799999848008 ], [ 1364815.308500000275671, 4909625.4885 ] ] ] } },
{ "type": "Feature", "properties": { "OBJECTID_1": 490, "OBJECTID": 492, "Fault_ID": 727, "Name": "Waitaki", "Name_stat": "published", "Lineage": "New", "Fault_stat": "N-PS", "DomainName": "Central Canterbury", "Domain_No": 18, "Dip_pref": 60, "Dip_min": 40.0, "Dip_max": 70.0, "Dip_dir": "SW", "Dom_sense": "reverse", "Sub_sense": "sinistral", "Rake_pref": 70, "Rake_minus": 50, "Rake_plus": 90, "SR_pref": 0.05, "SR_min": 0.01, "SR_max": 0.1, "SRT_pref": null, "SRT_min": null, "SRT_max": null, "SRT_gen": "≥ 1 Ma", "UpdDth_prf": 0.0, "UpdDth_min": 0.0, "UpdDth_max": 0.0, "Depth_Dfc": 20.8, "Method_Dfc": 1, "Depth_D90": 17.2, "Method_D90": 1.0, "QualCode": 5, "References": "Barrell and Van Dissen 2003 (CR2003/107); Barrell 2016 (CR2015/166)", "Comments": "Major fault in bedrock, with as much as ~1200 m uplift of the peneplain to the southwest. There is no recognised Late Quaternary deformation, nominal slip rates inferred.", "CompiledBy": "D Barrell", "LastUpdate": "12/02/2021", "Shape_Leng": 35771.2186735, "Shape_Le_1": 35771.2186735 }, "geometry": { "type": "MultiLineString", "coordinates": [ [ [ 1446801.3586, 5009483.005400000140071 ], [ 1443388.226700000464916, 5013293.013000000268221 ], [ 1436641.338200000114739, 5019008.024400000460446 ], [ 1429497.573900000192225, 5024802.411000000312924 ], [ 1419099.4282, 5031946.175300000235438 ] ] ] } },
{ "type": "Feature", "properties": { "OBJECTID_1": 225, "OBJECTID": 226, "Fault_ID": 716, "Name": "Waitangi", "Name_stat": "published", "Lineage": "Modified", "Fault_stat": "A-LS", "DomainName": "Central Canterbury", "Domain_No": 18, "Dip_pref": 70, "Dip_min": 60.0, "Dip_max": 80.0, "Dip_dir": "W", "Dom_sense": "reverse", "Sub_sense": "dextral", "Rake_pref": 110, "Rake_minus": 90, "Rake_plus": 130, "SR_pref": 0.169, "SR_min": 0.1, "SR_max": 0.31, "SRT_pref": null, "SRT_min": null, "SRT_max": null, "SRT_gen": "10,000s yrs", "UpdDth_prf": 0.0, "UpdDth_min": 0.0, "UpdDth_max": 0.0, "Depth_Dfc": 24.4, "Method_Dfc": 1, "Depth_D90": 19.2, "Method_D90": 1.0, "QualCode": 1, "References": "Barrell et al. 2002 (CR2001/125); Barrell et al. 2009 (GSNZ Misc Publ 128B);  Litchfield et al. 2013 (SR2012/19); Barrell 2016 (CR2015/166)", "Comments": "SR and dips from Litchfield et al. 2013. Note that this is a partially reactivated normal fault, hence the prominent topographic expression (higher to NE) is on the Late Quaternary kinematically downthrown side.", "CompiledBy": "D Barrell", "LastUpdate": "12/02/2021", "Shape_Leng": 18114.603525, "Shape_Le_1": 18114.603525 }, "geometry": { "type": "MultiLineString", "coordinates": [ [ [ 1391984.461199999786913, 5047525.3854 ], [ 1391816.82079999987036, 5048397.1151 ], [ 1390475.698200000450015, 5051098.855000000447035 ], [ 1387709.587600000202656, 5058554.843299999833107 ], [ 1386320.522300000302494, 5060274.638399999588728 ], [ 1385526.770700000226498, 5064243.396300000138581 ] ] ] } },
{ "type": "Feature", "properties": { "OBJECTID_1": 131, "OBJECTID": 132, "Fault_ID": 391, "Name": "Waitawhiti", "Name_stat": "published", "Lineage": "Modified", "Fault_stat": "A-LS", "DomainName": "Hikurangi accretionary margin", "Domain_No": 7, "Dip_pref": 70, "Dip_min": 60.0, "Dip_max": 80.0, "Dip_dir": "SE", "Dom_sense": "dextral", "Sub_sense": "reverse", "Rake_pref": 160, "Rake_minus": 140, "Rake_plus": 180, "SR_pref": 0.5, "SR_min": 0.3, "SR_max": 0.7, "SRT_pref": null, "SRT_min": null, "SRT_max": null, "SRT_gen": "10,000s yrs", "UpdDth_prf": 0.0, "UpdDth_min": 0.0, "UpdDth_max": 0.0, "Depth_Dfc": 15.3, "Method_Dfc": 3, "Depth_D90": 15.3, "Method_D90": 3.0, "QualCode": 3, "References": "Litchfield et al. 2013, 2014; Stirling et al. 2012; Beanland 1995; Schermer et al. 1998, 2004", "Comments": "DSM does not show much evidence for the length of fault in Stirling et al. (2012)", "CompiledBy": "R Langridge", "LastUpdate": "11/12/2020", "Shape_Leng": 10063.2063951, "Shape_Le_1": 10063.2063951 }, "geometry": { "type": "MultiLineString", "coordinates": [ [ [ 1865414.374900000169873, 5497946.362999999895692 ], [ 1862693.846900000236928, 5495263.823699999600649 ], [ 1857979.724100000225008, 5491171.552699999883771 ] ] ] } },
{ "type": "Feature", "properties": { "OBJECTID_1": 194, "OBJECTID": 195, "Fault_ID": 42, "Name": "Waitotara 10 & 11", "Name_stat": "published", "Lineage": "Modified", "Fault_stat": "A-LS", "DomainName": "western North Island", "Domain_No": 3, "Dip_pref": 60, "Dip_min": 50.0, "Dip_max": 70.0, "Dip_dir": "NW", "Dom_sense": "normal", "Sub_sense": "dextral", "Rake_pref": -110, "Rake_minus": -130, "Rake_plus": -90, "SR_pref": 0.16, "SR_min": 0.1, "SR_max": 0.3, "SRT_pref": null, "SRT_min": null, "SRT_max": null, "SRT_gen": "100,000s yrs", "UpdDth_prf": 0.0, "UpdDth_min": 0.0, "UpdDth_max": 0.0, "Depth_Dfc": 12.0, "Method_Dfc": 2, "Depth_D90": 12.0, "Method_D90": 2.0, "QualCode": 1, "References": "Litchfield et al. 2013, 2014; McVerry et al. 2005; Pillans 1990", "Comments": "Dfcomb fixed at 12 km depth - likely bending realted faults", "CompiledBy": null, "LastUpdate": null, "Shape_Leng": 55055.466573500002, "Shape_Le_1": 55055.466573500002 }, "geometry": { "type": "MultiLineString", "coordinates": [ [ [ 1730572.301, 5554467.571600000374019 ], [ 1733566.1968, 5559967.0296 ], [ 1736578.6409, 5571016.8125 ], [ 1739531.285500000230968, 5578369.247899999842048 ], [ 1741736.161600000225008, 5582026.05350000038743 ], [ 1746225.8986, 5592865.402800000272691 ], [ 1751073.330799999646842, 5600358.823599999770522 ], [ 1754736.853000000119209, 5602955.668499999679625 ] ] ] } },
{ "type": "Feature", "properties": { "OBJECTID_1": 193, "OBJECTID": 194, "Fault_ID": 44, "Name": "Waitotara 8 & 9", "Name_stat": "published", "Lineage": "Unmodified", "Fault_stat": "A-LS", "DomainName": "western North Island", "Domain_No": 3, "Dip_pref": 60, "Dip_min": 50.0, "Dip_max": 70.0, "Dip_dir": "NW", "Dom_sense": "normal", "Sub_sense": null, "Rake_pref": -90, "Rake_minus": -110, "Rake_plus": -70, "SR_pref": 0.5, "SR_min": 0.2, "SR_max": 0.8, "SRT_pref": null, "SRT_min": null, "SRT_max": null, "SRT_gen": "100,000s yrs", "UpdDth_prf": 0.0, "UpdDth_min": 0.0, "UpdDth_max": 0.0, "Depth_Dfc": 12.0, "Method_Dfc": 2, "Depth_D90": 12.0, "Method_D90": 2.0, "QualCode": 1, "References": "Litchfield et al. 2013, 2014; McVerry et al. 2005", "Comments": "Dfcomb fixed at 12 km depth - likely bending realted faults", "CompiledBy": null, "LastUpdate": null, "Shape_Leng": 48887.255774199999, "Shape_Le_1": 48887.255774199999 }, "geometry": { "type": "MultiLineString", "coordinates": [ [ [ 1719039.332399999722838, 5541700.897199999541044 ], [ 1730540.307799999602139, 5552613.871100000105798 ], [ 1734864.22690000012517, 5556246.583499999716878 ], [ 1739293.951500000432134, 5565415.781700000166893 ], [ 1739463.4189, 5574661.939399999566376 ], [ 1742505.576500000432134, 5582011.728799999691546 ] ] ] } },
{ "type": "Feature", "properties": { "OBJECTID_1": 545, "OBJECTID": 547, "Fault_ID": 515, "Name": "Wakamarama", "Name_stat": "published", "Lineage": "New", "Fault_stat": "A-LS", "DomainName": "Northwestern South Island", "Domain_No": 13, "Dip_pref": 60, "Dip_min": 50.0, "Dip_max": 70.0, "Dip_dir": "NW", "Dom_sense": "reverse", "Sub_sense": null, "Rake_pref": 90, "Rake_minus": 70, "Rake_plus": 110, "SR_pref": 0.2, "SR_min": 0.1, "SR_max": 0.3, "SRT_pref": "2 Ma", "SRT_min": null, "SRT_max": null, "SRT_gen": "≥ 1 Ma", "UpdDth_prf": 0.0, "UpdDth_min": 0.0, "UpdDth_max": 0.0, "Depth_Dfc": 22.4, "Method_Dfc": 1, "Depth_D90": 17.9, "Method_D90": 1.0, "QualCode": 1, "References": "Bishop 1971; Rattenbury et al. 1998; Ghisetti and Sibson 2006; Ghisetti, Sibson and Hamling 2016", "Comments": "Added from Ghisetti et al. CFM update. Only SR min defined", "CompiledBy": "F Ghisetti", "LastUpdate": "18/11/2020", "Shape_Leng": 53038.481930299997, "Shape_Le_1": 53038.481930299997 }, "geometry": { "type": "MultiLineString", "coordinates": [ [ [ 1538737.119099999777973, 5473479.290500000119209 ], [ 1542753.3454, 5473907.359000000171363 ], [ 1546844.28969999961555, 5473940.145700000226498 ], [ 1549551.978699999861419, 5474979.530600000172853 ], [ 1551846.402499999850988, 5476613.194199999794364 ], [ 1553105.57039999961853, 5478127.44620000012219 ], [ 1553425.685399999842048, 5479339.859400000423193 ], [ 1555092.137500000186265, 5480714.682799999602139 ], [ 1556970.479600000195205, 5482121.000300000421703 ], [ 1560221.641800000332296, 5485873.21889999974519 ], [ 1560628.177500000223517, 5487783.308000000193715 ], [ 1562335.043499999679625, 5490673.446399999782443 ], [ 1565966.1585, 5494164.360600000247359 ], [ 1568790.9496, 5497586.31180000025779 ], [ 1569441.580400000326335, 5499193.5653 ], [ 1572008.9254, 5503126.293399999849498 ], [ 1572528.098000000230968, 5504618.60219999961555 ], [ 1572951.796500000171363, 5506391.270399999804795 ], [ 1574005.950400000438094, 5507947.583499999716878 ] ] ] } },
{ "type": "Feature", "properties": { "OBJECTID_1": 546, "OBJECTID": 548, "Fault_ID": 512, "Name": "Wakamarama Offshore", "Name_stat": "published", "Lineage": "New", "Fault_stat": "A-LS", "DomainName": "Northwestern South Island", "Domain_No": 13, "Dip_pref": 60, "Dip_min": 50.0, "Dip_max": 70.0, "Dip_dir": "NW", "Dom_sense": "reverse", "Sub_sense": null, "Rake_pref": 90, "Rake_minus": 70, "Rake_plus": 110, "SR_pref": 0.2, "SR_min": 0.1, "SR_max": 0.3, "SRT_pref": null, "SRT_min": null, "SRT_max": null, "SRT_gen": "≥ 1 Ma", "UpdDth_prf": 0.0, "UpdDth_min": 0.0, "UpdDth_max": 0.0, "Depth_Dfc": 23.1, "Method_Dfc": 1, "Depth_D90": 16.7, "Method_D90": 1.0, "QualCode": 1, "References": "Rattenbury et al. 1998", "Comments": "Added from Ghisetti et al. CFM update. Only SR min defined", "CompiledBy": "F Ghisetti", "LastUpdate": "12/02/2021", "Shape_Leng": 53318.726553699998, "Shape_Le_1": 53318.726553699998 }, "geometry": { "type": "MultiLineString", "coordinates": [ [ [ 1574005.950400000438094, 5507947.583499999716878 ], [ 1574636.011, 5509138.067800000309944 ], [ 1577959.4644, 5512575.928999999538064 ], [ 1580125.643799999728799, 5513875.848299999721348 ], [ 1584013.449699999764562, 5515062.3926 ], [ 1588357.3158, 5516996.003499999642372 ], [ 1591389.982900000177324, 5519162.585799999535084 ], [ 1601874.146800000220537, 5528002.348199999891222 ], [ 1605773.0472999997437, 5532162.262000000104308 ], [ 1607679.027499999850988, 5535022.1294 ], [ 1607938.629300000146031, 5537275.166899999603629 ], [ 1608890.621799999848008, 5544207.6053 ] ] ] } },
{ "type": "Feature", "properties": { "OBJECTID_1": 403, "OBJECTID": 404, "Fault_ID": 306, "Name": "Wakarara", "Name_stat": "published", "Lineage": "New", "Fault_stat": "A-LS", "DomainName": "North Island Dextral Fault Belt", "Domain_No": 5, "Dip_pref": 60, "Dip_min": 45.0, "Dip_max": 75.0, "Dip_dir": "NW", "Dom_sense": "reverse", "Sub_sense": "dextral", "Rake_pref": 110, "Rake_minus": 90, "Rake_plus": 130, "SR_pref": 0.2, "SR_min": 0.1, "SR_max": 0.3, "SRT_pref": null, "SRT_min": null, "SRT_max": null, "SRT_gen": "10,000s yrs", "UpdDth_prf": 0.0, "UpdDth_min": 0.0, "UpdDth_max": 0.0, "Depth_Dfc": 11.6, "Method_Dfc": 3, "Depth_D90": 11.6, "Method_D90": 3.0, "QualCode": 3, "References": "Lee et al. 2011; Langridge and Reis 2014 (CR2013/151); Langridge et al. 2011b", "Comments": "New source following Ruataniwha work", "CompiledBy": "R Langridge, R Morgenstern", "LastUpdate": "25/11/2020", "Shape_Leng": 25787.977354499999, "Shape_Le_1": 25787.977354499999 }, "geometry": { "type": "MultiLineString", "coordinates": [ [ [ 1882307.8277000002563, 5588698.180700000375509 ], [ 1886698.432500000111759, 5593114.8536 ], [ 1888966.126500000245869, 5598217.16509999986738 ], [ 1890018.984400000423193, 5601983.156899999827147 ], [ 1892050.890599999576807, 5607894.156700000166893 ], [ 1893177.558199999853969, 5611539.8673 ] ] ] } },
{ "type": "Feature", "properties": { "OBJECTID_1": 270, "OBJECTID": 271, "Fault_ID": 757, "Name": "Wanaka", "Name_stat": "published", "Lineage": "Modified", "Fault_stat": "N-PS", "DomainName": "Southern Alps", "Domain_No": 19, "Dip_pref": 60, "Dip_min": 40.0, "Dip_max": 70.0, "Dip_dir": "SE", "Dom_sense": "reverse", "Sub_sense": "dextral", "Rake_pref": 110, "Rake_minus": 90, "Rake_plus": 130, "SR_pref": 0.05, "SR_min": 0.01, "SR_max": 0.1, "SRT_pref": null, "SRT_min": null, "SRT_max": null, "SRT_gen": "≥ 1 Ma", "UpdDth_prf": 0.0, "UpdDth_min": 0.0, "UpdDth_max": 0.0, "Depth_Dfc": 26.5, "Method_Dfc": 1, "Depth_D90": 22.5, "Method_D90": 1.0, "QualCode": 3, "References": "Barrell 2019 (CR2018/207)", "Comments": "Indicated fault(s) in bedrock; named 'Makarora Fault in NZAFM; for precedence, name reverts to Wanaka Fault (Turnbull 2000). Nominal slip rates inferred (no known Late Quaternary scarps)", "CompiledBy": "D Barrell", "LastUpdate": "18/11/2020", "Shape_Leng": 67073.069901800001, "Shape_Le_1": 67073.069901800001 }, "geometry": { "type": "MultiLineString", "coordinates": [ [ [ 1288678.0493, 5055259.315700000151992 ], [ 1291694.30530000012368, 5065260.585699999704957 ], [ 1293440.558799999766052, 5080818.1168 ], [ 1295345.562599999830127, 5089152.508500000461936 ], [ 1301695.575299999676645, 5102249.409699999727309 ], [ 1306021.521499999798834, 5113490.916500000283122 ], [ 1308561.526600000448525, 5118729.677000000141561 ] ] ] } },
{ "type": "Feature", "properties": { "OBJECTID_1": 880, "OBJECTID": 883, "Fault_ID": 28, "Name": "Warea", "Name_stat": "informal", "Lineage": "New", "Fault_stat": "N-PS", "DomainName": "western North Island", "Domain_No": 3, "Dip_pref": 60, "Dip_min": 45.0, "Dip_max": 75.0, "Dip_dir": "SE", "Dom_sense": "normal", "Sub_sense": null, "Rake_pref": -90, "Rake_minus": -110, "Rake_plus": -70, "SR_pref": 0.1, "SR_min": 0.05, "SR_max": 0.14, "SRT_pref": null, "SRT_min": null, "SRT_max": null, "SRT_gen": "≥ 1 Ma", "UpdDth_prf": 0.0, "UpdDth_min": 0.0, "UpdDth_max": 0.0, "Depth_Dfc": 26.5, "Method_Dfc": 1, "Depth_D90": 21.5, "Method_D90": 1.0, "QualCode": 3, "References": "Seebeck et al. 2021", "Comments": "Fault defined in seismic reflection offsetting Egmont Volcanics est. <0.5 Ma", "CompiledBy": "H Seebeck", "LastUpdate": "29/04/2021", "Shape_Leng": 15676.8019695, "Shape_Le_1": 15676.8019695 }, "geometry": { "type": "MultiLineString", "coordinates": [ [ [ 1664624.480100000277162, 5653876.438 ], [ 1667765.667399999685585, 5658398.098299999721348 ], [ 1669204.342199999839067, 5660481.6963 ], [ 1670064.324400000274181, 5661517.620000000111759 ], [ 1671059.159699999727309, 5662279.621500000357628 ], [ 1673747.3317, 5663507.2906 ], [ 1675461.835199999623001, 5664692.626299999654293 ] ] ] } },
{ "type": "Feature", "properties": { "OBJECTID_1": 199, "OBJECTID": 200, "Fault_ID": 39, "Name": "Waverley - Okaia 1", "Name_stat": "published", "Lineage": "Modified", "Fault_stat": "A-LS", "DomainName": "western North Island", "Domain_No": 3, "Dip_pref": 60, "Dip_min": 50.0, "Dip_max": 70.0, "Dip_dir": "SE", "Dom_sense": "normal", "Sub_sense": "dextral", "Rake_pref": -110, "Rake_minus": -130, "Rake_plus": -90, "SR_pref": 0.04, "SR_min": 0.02, "SR_max": 0.1, "SRT_pref": null, "SRT_min": null, "SRT_max": null, "SRT_gen": "10,000s yrs", "UpdDth_prf": 0.0, "UpdDth_min": 0.0, "UpdDth_max": 0.0, "Depth_Dfc": 12.0, "Method_Dfc": 2, "Depth_D90": 12.0, "Method_D90": 2.0, "QualCode": 1, "References": "Townsend 1998", "Comments": "Dfcomb fixed at 12 km depth - likely bending realted faults", "CompiledBy": null, "LastUpdate": null, "Shape_Leng": 44117.782524200011, "Shape_Le_1": 44117.782524200011 }, "geometry": { "type": "MultiLineString", "coordinates": [ [ [ 1728662.472299999557436, 5567457.556400000117719 ], [ 1728756.402200000360608, 5573007.412700000219047 ], [ 1732535.399600000120699, 5584045.520600000396371 ], [ 1736246.433500000275671, 5592117.634200000204146 ], [ 1746048.6371, 5607233.3301 ] ] ] } },
{ "type": "Feature", "properties": { "OBJECTID_1": 253, "OBJECTID": 254, "Fault_ID": 289, "Name": "Wellington Hutt Valley: 1", "Name_stat": "published", "Lineage": "Modified", "Fault_stat": "A-LS", "DomainName": "North Island Dextral Fault Belt", "Domain_No": 5, "Dip_pref": 70, "Dip_min": 60.0, "Dip_max": 80.0, "Dip_dir": "NW", "Dom_sense": "dextral", "Sub_sense": "normal", "Rake_pref": -160, "Rake_minus": -180, "Rake_plus": -140, "SR_pref": 5.5, "SR_min": 3.2, "SR_max": 7.8, "SRT_pref": null, "SRT_min": null, "SRT_max": null, "SRT_gen": "10,000s yrs", "UpdDth_prf": 0.0, "UpdDth_min": 0.0, "UpdDth_max": 0.0, "Depth_Dfc": 27.9, "Method_Dfc": 3, "Depth_D90": 22.4, "Method_D90": 3.0, "QualCode": 3, "References": "Litchfield et al. 2013, 2014; Pondard and Barnes 2010; Robinson et al. 2011", "Comments": "SR same as Wellington Hutt Valley 3", "CompiledBy": "R Van Dissen, N Litchfield", "LastUpdate": "15/10/2020", "Shape_Leng": 11721.584432199999, "Shape_Le_1": 11721.584432199999 }, "geometry": { "type": "MultiLineString", "coordinates": [ [ [ 1736936.886599999852479, 5413279.747999999672174 ], [ 1726797.058899999596179, 5407399.319799999706447 ] ] ] } },
{ "type": "Feature", "properties": { "OBJECTID_1": 254, "OBJECTID": 255, "Fault_ID": 288, "Name": "Wellington Hutt Valley: 2", "Name_stat": "published", "Lineage": "Modified", "Fault_stat": "A-LS", "DomainName": "North Island Dextral Fault Belt", "Domain_No": 5, "Dip_pref": 80, "Dip_min": 70.0, "Dip_max": 90.0, "Dip_dir": "NW", "Dom_sense": "dextral", "Sub_sense": "reverse", "Rake_pref": 160, "Rake_minus": 140, "Rake_plus": 180, "SR_pref": 5.5, "SR_min": 3.2, "SR_max": 7.8, "SRT_pref": null, "SRT_min": null, "SRT_max": null, "SRT_gen": "10,000s yrs", "UpdDth_prf": 0.0, "UpdDth_min": 0.0, "UpdDth_max": 0.0, "Depth_Dfc": 26.5, "Method_Dfc": 3, "Depth_D90": 22.1, "Method_D90": 3.0, "QualCode": 3, "References": "Litchfield et al. 2013, 2014; Pondard and Barnes 2010; Robinson et al. 2011", "Comments": "SR same as Wellington Hutt Valley 3", "CompiledBy": "R Van Dissen, N Litchfield", "LastUpdate": "15/10/2020", "Shape_Leng": 9664.5125306499995, "Shape_Le_1": 9664.5125306499995 }, "geometry": { "type": "MultiLineString", "coordinates": [ [ [ 1742041.9742, 5421485.897099999710917 ], [ 1736936.886599999852479, 5413279.747999999672174 ] ] ] } },
{ "type": "Feature", "properties": { "OBJECTID_1": 255, "OBJECTID": 256, "Fault_ID": 287, "Name": "Wellington Hutt Valley: 3", "Name_stat": "published", "Lineage": "Modified", "Fault_stat": "A-LS", "DomainName": "North Island Dextral Fault Belt", "Domain_No": 5, "Dip_pref": 90, "Dip_min": 80.0, "Dip_max": 90.0, "Dip_dir": "Subvertical and variable", "Dom_sense": "dextral", "Sub_sense": null, "Rake_pref": 180, "Rake_minus": 160, "Rake_plus": -160, "SR_pref": 5.5, "SR_min": 3.4, "SR_max": 7.6, "SRT_pref": null, "SRT_min": null, "SRT_max": null, "SRT_gen": "10,000s yrs", "UpdDth_prf": 0.0, "UpdDth_min": 0.0, "UpdDth_max": 0.0, "Depth_Dfc": 25.3, "Method_Dfc": 3, "Depth_D90": 21.8, "Method_D90": 3.0, "QualCode": 3, "References": "Litchfield et al. 2013, 2014; Langridge et al. 2011; Little et al. 2010; Van Dissen and Berryman 1996; Van Dissen et al. 1992; Robinson et al. 2011", "Comments": "N end extended to bend at thorndon and near N end of Aotea F. Net SR is Wellington Hutt Valley 4 minus Aotea- Evans Bay F.", "CompiledBy": "R Van Dissen, N Litchfield", "LastUpdate": "15/10/2020", "Shape_Leng": 11065.7724146, "Shape_Le_1": 11065.7724146 }, "geometry": { "type": "MultiLineString", "coordinates": [ [ [ 1749160.924700000323355, 5429940.6771 ], [ 1745602.970300000160933, 5426131.395600000396371 ], [ 1742041.9742, 5421485.897099999710917 ] ] ] } },
{ "type": "Feature", "properties": { "OBJECTID_1": 257, "OBJECTID": 258, "Fault_ID": 286, "Name": "Wellington Hutt Valley: 4", "Name_stat": "published", "Lineage": "Modified", "Fault_stat": "A-LS", "DomainName": "North Island Dextral Fault Belt", "Domain_No": 5, "Dip_pref": 75, "Dip_min": 65.0, "Dip_max": 85.0, "Dip_dir": "SE", "Dom_sense": "dextral", "Sub_sense": "normal", "Rake_pref": -160, "Rake_minus": -180, "Rake_plus": -140, "SR_pref": 6.9, "SR_min": 5.0, "SR_max": 8.8, "SRT_pref": null, "SRT_min": null, "SRT_max": null, "SRT_gen": "10,000s yrs", "UpdDth_prf": 0.0, "UpdDth_min": 0.0, "UpdDth_max": 0.0, "Depth_Dfc": 23.0, "Method_Dfc": 3, "Depth_D90": 20.7, "Method_D90": 3.0, "QualCode": 3, "References": "Litchfield et al. 2013, 2014; Langridge et al. 2011; Little et al. 2010; Stirling 1992; Van Dissen and Berryman 1996; Robinson et al. 2011", "Comments": "S end moved NE to change in strike at Thorndon, approximately coincident with the N end of the Aotea F. Net SR based on Wellington Hutt Valley 5 SR combined with Akatarawa SR", "CompiledBy": "R Van Dissen, N Litchfield", "LastUpdate": "15/10/2020", "Shape_Leng": 26938.557365199998, "Shape_Le_1": 26938.557365199998 }, "geometry": { "type": "MultiLineString", "coordinates": [ [ [ 1771009.520700000226498, 5445639.238099999725819 ], [ 1756533.343100000172853, 5434449.938799999654293 ], [ 1749160.924700000323355, 5429940.6771 ] ] ] } },
{ "type": "Feature", "properties": { "OBJECTID_1": 256, "OBJECTID": 257, "Fault_ID": 285, "Name": "Wellington Hutt Valley: 5", "Name_stat": "published", "Lineage": "Modified", "Fault_stat": "A-LS", "DomainName": "North Island Dextral Fault Belt", "Domain_No": 5, "Dip_pref": 65, "Dip_min": 55.0, "Dip_max": 75.0, "Dip_dir": "SE", "Dom_sense": "dextral", "Sub_sense": "normal", "Rake_pref": -160, "Rake_minus": -180, "Rake_plus": -140, "SR_pref": 6.3, "SR_min": 4.4, "SR_max": 8.2, "SRT_pref": null, "SRT_min": null, "SRT_max": null, "SRT_gen": "10,000s yrs", "UpdDth_prf": 0.0, "UpdDth_min": 0.0, "UpdDth_max": 0.0, "Depth_Dfc": 16.9, "Method_Dfc": 3, "Depth_D90": 16.9, "Method_D90": 3.0, "QualCode": 1, "References": "Litchfield et al. 2013, 2014; Ninis et al. 2013; Langridge et al. 2009, 2011; Little et al. 2010; Van Dissen and Berryman 1996; Van Dissen et al. 1992; Robinson et al. 2011", "Comments": "SR updated based on strike SR of Ninis et al. (2013) and converted to net SR based on vert SR and dip", "CompiledBy": "R Van Dissen, N Litchfield", "LastUpdate": "15/10/2020", "Shape_Leng": 14252.0811567, "Shape_Le_1": 14252.0811567 }, "geometry": { "type": "MultiLineString", "coordinates": [ [ [ 1784182.488199999555945, 5451112.068699999712408 ], [ 1771021.140800000168383, 5445643.910699999891222 ] ] ] } },
{ "type": "Feature", "properties": { "OBJECTID_1": 94, "OBJECTID": 95, "Fault_ID": 275, "Name": "Wellington: Pahiatua", "Name_stat": "published", "Lineage": "Modified", "Fault_stat": "A-LS", "DomainName": "North Island Dextral Fault Belt", "Domain_No": 5, "Dip_pref": 80, "Dip_min": 70.0, "Dip_max": 90.0, "Dip_dir": "NW", "Dom_sense": "dextral", "Sub_sense": "reverse", "Rake_pref": 160, "Rake_minus": 140, "Rake_plus": 180, "SR_pref": 5.5, "SR_min": 4.9, "SR_max": 6.2, "SRT_pref": null, "SRT_min": null, "SRT_max": null, "SRT_gen": "1000s yrs", "UpdDth_prf": 0.0, "UpdDth_min": 0.0, "UpdDth_max": 0.0, "Depth_Dfc": 26.1, "Method_Dfc": 3, "Depth_D90": 25.5, "Method_D90": 1.0, "QualCode": 1, "References": "Langridge et al. 2005, 2006, 2007; Beanland 1995; Beanland and Berryman 1991; Berryman et al. 2002", "Comments": "SiteDB data t come (Jade/Nicola); have moved N end further S and extended Mohaka F to S", "CompiledBy": "R Langridge, R Morgenstern", "LastUpdate": "25/11/2020", "Shape_Leng": 42478.590609899999, "Shape_Le_1": 42478.590609899999 }, "geometry": { "type": "MultiLineString", "coordinates": [ [ [ 1837246.484299999661744, 5527752.685499999672174 ], [ 1830378.4649, 5519214.590900000184774 ], [ 1826245.1568, 5512493.3607 ], [ 1823691.941800000146031, 5509047.275299999862909 ], [ 1821321.72690000012517, 5505007.638600000180304 ], [ 1819376.388500000350177, 5500994.67090000025928 ], [ 1813612.200199999846518, 5492581.487300000153482 ] ] ] } },
{ "type": "Feature", "properties": { "OBJECTID_1": 264, "OBJECTID": 265, "Fault_ID": 278, "Name": "Wellington: Tararua 1", "Name_stat": "published", "Lineage": "Unmodified", "Fault_stat": "A-LS", "DomainName": "North Island Dextral Fault Belt", "Domain_No": 5, "Dip_pref": 65, "Dip_min": 55.0, "Dip_max": 75.0, "Dip_dir": "NW", "Dom_sense": "normal and dextral", "Sub_sense": null, "Rake_pref": -135, "Rake_minus": -155, "Rake_plus": -115, "SR_pref": 6.1, "SR_min": 4.5, "SR_max": 7.5, "SRT_pref": null, "SRT_min": null, "SRT_max": null, "SRT_gen": "10,000s yrs", "UpdDth_prf": 0.0, "UpdDth_min": 0.0, "UpdDth_max": 0.0, "Depth_Dfc": 22.8, "Method_Dfc": 3, "Depth_D90": 19.5, "Method_D90": 1.0, "QualCode": 2, "References": "Litchfield et al. 2013, 2014; Langridge et al. 2005; Little et al. 2011; Robinson et al. 2011", "Comments": null, "CompiledBy": null, "LastUpdate": null, "Shape_Leng": 3418.8069707599998, "Shape_Le_1": 3418.8069707599998 }, "geometry": { "type": "MultiLineString", "coordinates": [ [ [ 1786336.4956, 5449620.9403 ], [ 1789454.947200000286102, 5451022.190000000409782 ] ] ] } },
{ "type": "Feature", "properties": { "OBJECTID_1": 265, "OBJECTID": 266, "Fault_ID": 277, "Name": "Wellington: Tararua 2", "Name_stat": "published", "Lineage": "Unmodified", "Fault_stat": "A-LS", "DomainName": "North Island Dextral Fault Belt", "Domain_No": 5, "Dip_pref": 70, "Dip_min": 60.0, "Dip_max": 80.0, "Dip_dir": "NW", "Dom_sense": "dextral", "Sub_sense": null, "Rake_pref": 180, "Rake_minus": 160, "Rake_plus": -160, "SR_pref": 6.1, "SR_min": 4.5, "SR_max": 7.5, "SRT_pref": null, "SRT_min": null, "SRT_max": null, "SRT_gen": "10,000s yrs", "UpdDth_prf": 0.0, "UpdDth_min": 0.0, "UpdDth_max": 0.0, "Depth_Dfc": 22.7, "Method_Dfc": 3, "Depth_D90": 19.3, "Method_D90": 1.0, "QualCode": 2, "References": "Litchfield et al. 2013, 2014; Langridge et al. 2005; Little et al. 2011; Robinson et al. 2011", "Comments": null, "CompiledBy": null, "LastUpdate": null, "Shape_Leng": 24932.732759499999, "Shape_Le_1": 24932.732759499999 }, "geometry": { "type": "MultiLineString", "coordinates": [ [ [ 1789577.92090000025928, 5451263.966400000266731 ], [ 1791505.149799999780953, 5452714.944299999624491 ], [ 1800885.573699999600649, 5464087.287899999879301 ], [ 1805343.916299999691546, 5470461.310499999672174 ] ] ] } },
{ "type": "Feature", "properties": { "OBJECTID_1": 266, "OBJECTID": 267, "Fault_ID": 276, "Name": "Wellington: Tararua 3", "Name_stat": "published", "Lineage": "Unmodified", "Fault_stat": "A-LS", "DomainName": "North Island Dextral Fault Belt", "Domain_No": 5, "Dip_pref": 60, "Dip_min": 50.0, "Dip_max": 70.0, "Dip_dir": "NW", "Dom_sense": "dextral and reverse", "Sub_sense": null, "Rake_pref": 135, "Rake_minus": 115, "Rake_plus": 155, "SR_pref": 6.1, "SR_min": 4.5, "SR_max": 7.5, "SRT_pref": null, "SRT_min": null, "SRT_max": null, "SRT_gen": "10,000s yrs", "UpdDth_prf": 0.0, "UpdDth_min": 0.0, "UpdDth_max": 0.0, "Depth_Dfc": 25.7, "Method_Dfc": 3, "Depth_D90": 23.8, "Method_D90": 1.0, "QualCode": 2, "References": "Litchfield et al. 2013, 2014; Langridge et al. 2005; Little et al. 2011; Robinson et al. 2011", "Comments": null, "CompiledBy": null, "LastUpdate": null, "Shape_Leng": 23820.3060429, "Shape_Le_1": 23820.3060429 }, "geometry": { "type": "MultiLineString", "coordinates": [ [ [ 1805343.916299999691546, 5470461.310499999672174 ], [ 1806991.1771, 5473338.102900000289083 ], [ 1811543.690600000321865, 5485949.4622 ], [ 1813027.861499999649823, 5488347.843100000172853 ], [ 1813640.366499999538064, 5492580.677000000141561 ] ] ] } },
{ "type": "Feature", "properties": { "OBJECTID_1": 865, "OBJECTID": 868, "Fault_ID": 821, "Name": "Wendon Valley", "Name_stat": "published", "Lineage": "New", "Fault_stat": "N-PS", "DomainName": "Southern South Island", "Domain_No": 21, "Dip_pref": 60, "Dip_min": 50.0, "Dip_max": 70.0, "Dip_dir": "E", "Dom_sense": "reverse", "Sub_sense": "dextral", "Rake_pref": 110, "Rake_minus": 90, "Rake_plus": 130, "SR_pref": 0.05, "SR_min": 0.025, "SR_max": 0.1, "SRT_pref": null, "SRT_min": null, "SRT_max": null, "SRT_gen": "≥ 1 Ma", "UpdDth_prf": 0.0, "UpdDth_min": 0.0, "UpdDth_max": 0.0, "Depth_Dfc": 34.5, "Method_Dfc": 1, "Depth_D90": 28.9, "Method_D90": 1.0, "QualCode": 3, "References": "Turnbull and Allibone 2003 (QMAP); Barrell CFM compilation", "Comments": "This source is sub-parallel to the Waikaia source. Name is from QMAP, throw has uplifted the Black Umbrella Range, by hundreds of metres relative to Tertiary outliers. No reported evidence for Late Q deformation, nominal slip rates applied.", "CompiledBy": "D Barrell, N Mortimer", "LastUpdate": "12/02/2021", "Shape_Leng": 36999.088566300001, "Shape_Le_1": 36999.088566300001 }, "geometry": { "type": "MultiLineString", "coordinates": [ [ [ 1289759.898699999786913, 4909887.808899999596179 ], [ 1288384.062599999830127, 4915073.652599999681115 ], [ 1287537.394299999810755, 4922905.335 ], [ 1287537.394299999810755, 4933594.523 ], [ 1293675.739900000393391, 4945130.3794 ] ] ] } },
{ "type": "Feature", "properties": { "OBJECTID_1": 329, "OBJECTID": 330, "Fault_ID": 859, "Name": "West Balleny", "Name_stat": "published", "Lineage": "Unmodified", "Fault_stat": "N-PS", "DomainName": "Puysegur Ridge - Bank", "Domain_No": 25, "Dip_pref": 75, "Dip_min": 60.0, "Dip_max": 90.0, "Dip_dir": "E", "Dom_sense": "dextral", "Sub_sense": "reverse", "Rake_pref": 160, "Rake_minus": 140, "Rake_plus": 180, "SR_pref": 2.0, "SR_min": 0.0, "SR_max": 10.0, "SRT_pref": null, "SRT_min": null, "SRT_max": null, "SRT_gen": null, "UpdDth_prf": 0.0, "UpdDth_min": 0.0, "UpdDth_max": 0.0, "Depth_Dfc": 21.1, "Method_Dfc": 3, "Depth_D90": 21.1, "Method_D90": 3.0, "QualCode": 3, "References": "Litchfield et al. 2013, 2014; Lamarche and Lebrun 2000; Melhuish et al. 1999", "Comments": null, "CompiledBy": null, "LastUpdate": null, "Shape_Leng": 81458.867939500022, "Shape_Le_1": 81458.867939500022 }, "geometry": { "type": "MultiLineString", "coordinates": [ [ [ 1039164.959300000220537, 4769098.825400000438094 ], [ 1041819.4161, 4784919.597199999727309 ], [ 1043027.9287, 4798031.124800000339746 ], [ 1044440.3065, 4813224.027099999599159 ], [ 1045029.463399999774992, 4825917.958999999798834 ], [ 1050170.2204, 4849651.429999999701977 ] ] ] } },
{ "type": "Feature", "properties": { "OBJECTID_1": 466, "OBJECTID": 468, "Fault_ID": 764, "Name": "West Wakatipu", "Name_stat": "published", "Lineage": "New", "Fault_stat": "A-LS", "DomainName": "Southern Alps", "Domain_No": 19, "Dip_pref": 60, "Dip_min": 45.0, "Dip_max": 75.0, "Dip_dir": "E", "Dom_sense": "reverse", "Sub_sense": "dextral", "Rake_pref": 110, "Rake_minus": 90, "Rake_plus": 130, "SR_pref": 0.019, "SR_min": 0.01, "SR_max": 0.03, "SRT_pref": null, "SRT_min": null, "SRT_max": null, "SRT_gen": "10,000s yrs", "UpdDth_prf": 0.0, "UpdDth_min": 0.0, "UpdDth_max": 0.0, "Depth_Dfc": 28.3, "Method_Dfc": 1, "Depth_D90": 24.2, "Method_D90": 1.0, "QualCode": 3, "References": "Barrell 2019 (CR2018/207)", "Comments": "Major fault in bedrock; post-glacial scarps near Lake Wakatipu previously attributed to Moonlight Fault attributed to West Wakatipu Fault by Barrell 2019. Min and max SR vary by 50% from the preferred value", "CompiledBy": "D Barrell", "LastUpdate": "18/11/2020", "Shape_Leng": 49967.317649500001, "Shape_Le_1": 49967.317649500001 }, "geometry": { "type": "MultiLineString", "coordinates": [ [ [ 1240620.434399999678135, 4993246.387299999594688 ], [ 1234941.266800000332296, 5011891.2018 ], [ 1232476.722400000318885, 5015320.1332 ], [ 1230762.256699999794364, 5026999.930700000375509 ], [ 1227440.479399999603629, 5033750.639399999752641 ], [ 1226476.092400000430644, 5040608.5022 ] ] ] } },
{ "type": "Feature", "properties": { "OBJECTID_1": 763, "OBJECTID": 766, "Fault_ID": 138, "Name": "Whakaari 4", "Name_stat": "published", "Lineage": "Unmodified", "Fault_stat": "N-PS", "DomainName": "Havre Trough - Taupo Rift", "Domain_No": 4, "Dip_pref": 50, "Dip_min": 40.0, "Dip_max": 60.0, "Dip_dir": "SE", "Dom_sense": "normal", "Sub_sense": null, "Rake_pref": -90, "Rake_minus": -110, "Rake_plus": -70, "SR_pref": 2.6, "SR_min": 1.95, "SR_max": 3.25, "SRT_pref": null, "SRT_min": null, "SRT_max": null, "SRT_gen": null, "UpdDth_prf": 0.0, "UpdDth_min": 0.0, "UpdDth_max": 0.0, "Depth_Dfc": 21.5, "Method_Dfc": 1, "Depth_D90": 16.2, "Method_D90": 1.0, "QualCode": 4, "References": "Lamarche and Barnes 2005; Stirling et al. 2012; Litchfield et al. 2013, 2014", "Comments": null, "CompiledBy": "P Barnes", "LastUpdate": "11/01/2021", "Shape_Leng": 18433.466254700001, "Shape_Le_1": 18433.466254700001 }, "geometry": { "type": "MultiLineString", "coordinates": [ [ [ 1952510.054999999701977, 5834244.674700000323355 ], [ 1954249.910199999809265, 5835771.6371 ], [ 1955083.667899999767542, 5836927.227900000289083 ], [ 1956569.457700000144541, 5837460.5537 ], [ 1957445.7336, 5838175.607200000435114 ], [ 1958724.372499999590218, 5838675.708100000396371 ], [ 1962860.032700000330806, 5841820.520399999804795 ], [ 1963904.8722, 5842886.025000000372529 ], [ 1965064.107900000177324, 5844402.2483 ], [ 1966429.552899999544024, 5845883.516699999570847 ] ] ] } },
{ "type": "Feature", "properties": { "OBJECTID_1": 114, "OBJECTID": 115, "Fault_ID": 267, "Name": "Whakatane: North", "Name_stat": "published", "Lineage": "Modified", "Fault_stat": "A-LS", "DomainName": "North Island Dextral Fault Belt", "Domain_No": 5, "Dip_pref": 65, "Dip_min": 60.0, "Dip_max": 70.0, "Dip_dir": "W", "Dom_sense": "normal", "Sub_sense": "dextral", "Rake_pref": -110, "Rake_minus": -130, "Rake_plus": -90, "SR_pref": 2.2, "SR_min": 1.3, "SR_max": 3.1, "SRT_pref": null, "SRT_min": null, "SRT_max": null, "SRT_gen": "10,000s yrs", "UpdDth_prf": 0.0, "UpdDth_min": 0.0, "UpdDth_max": 0.0, "Depth_Dfc": 20.5, "Method_Dfc": 1, "Depth_D90": 16.0, "Method_D90": 1.0, "QualCode": 1, "References": "Litchfield et al. 2013, 2014; Abbott et al. 2017 (CR2017/13); Mouslopoulou 2006; Mouslopoulou et al. 2007, 2009", "Comments": "Modified northern end as replaced by Keepa Fault cf P Barnes update", "CompiledBy": "P Villamor", "LastUpdate": "12/02/2021", "Shape_Leng": 62530.914816500001, "Shape_Le_1": 62530.914816500001 }, "geometry": { "type": "MultiLineString", "coordinates": [ [ [ 1948555.917399999685585, 5793623.495400000363588 ], [ 1952527.634499999694526, 5778241.7571 ], [ 1952672.501000000163913, 5774065.000199999660254 ], [ 1950259.5318, 5764324.345700000412762 ], [ 1951268.87459999974817, 5742326.328499999828637 ], [ 1950030.22649999987334, 5731991.113199999555945 ] ] ] } },
{ "type": "Feature", "properties": { "OBJECTID_1": 115, "OBJECTID": 116, "Fault_ID": 268, "Name": "Whakatane: South", "Name_stat": "published", "Lineage": "Modified", "Fault_stat": "A-LS", "DomainName": "North Island Dextral Fault Belt", "Domain_No": 5, "Dip_pref": 80, "Dip_min": 70.0, "Dip_max": 90.0, "Dip_dir": "NW", "Dom_sense": "dextral", "Sub_sense": "normal", "Rake_pref": -160, "Rake_minus": -180, "Rake_plus": -140, "SR_pref": 2.2, "SR_min": 1.3, "SR_max": 3.1, "SRT_pref": null, "SRT_min": null, "SRT_max": null, "SRT_gen": "1000s yrs", "UpdDth_prf": 0.0, "UpdDth_min": 0.0, "UpdDth_max": 0.0, "Depth_Dfc": 31.3, "Method_Dfc": 1, "Depth_D90": 25.6, "Method_D90": 1.0, "QualCode": 3, "References": "Mouslopoulou 2006; Mouslopoulou et al. 2007, 2009", "Comments": "Extended S end to junction with Mohaka North", "CompiledBy": "R Langridge, R Morgenstern", "LastUpdate": "25/11/2020", "Shape_Leng": 64448.707183300001, "Shape_Le_1": 64448.707183300001 }, "geometry": { "type": "MultiLineString", "coordinates": [ [ [ 1950030.22649999987334, 5731991.112999999895692 ], [ 1948102.614500000141561, 5726012.102800000458956 ], [ 1946228.373700000345707, 5720134.149799999780953 ], [ 1944262.073099999688566, 5716291.136900000274181 ], [ 1941145.681699999608099, 5713329.500799999572337 ], [ 1938645.68059999961406, 5708295.69539999961853 ], [ 1934333.555800000205636, 5702601.769399999640882 ], [ 1932623.9534, 5698260.1058 ], [ 1929996.174200000241399, 5686273.759800000116229 ], [ 1926832.925300000235438, 5679618.688 ], [ 1924995.007799999788404, 5673579.755599999800324 ] ] ] } },
{ "type": "Feature", "properties": { "OBJECTID_1": 85, "OBJECTID": 86, "Fault_ID": 222, "Name": "Whangamata West", "Name_stat": "published", "Lineage": "Modified", "Fault_stat": "A-LS", "DomainName": "Havre Trough - Taupo Rift", "Domain_No": 4, "Dip_pref": 60, "Dip_min": 50.0, "Dip_max": 70.0, "Dip_dir": "SE", "Dom_sense": "normal", "Sub_sense": null, "Rake_pref": -90, "Rake_minus": -110, "Rake_plus": -70, "SR_pref": 1.9, "SR_min": 1.4, "SR_max": 2.4, "SRT_pref": null, "SRT_min": null, "SRT_max": null, "SRT_gen": "10,000s yrs", "UpdDth_prf": 0.0, "UpdDth_min": 0.0, "UpdDth_max": 0.0, "Depth_Dfc": 12.0, "Method_Dfc": 1, "Depth_D90": 10.3, "Method_D90": 1.0, "QualCode": 2, "References": "Litchfield et al. 2013, 2014; Villamor et al. 2001", "Comments": null, "CompiledBy": null, "LastUpdate": null, "Shape_Leng": 15259.396975899999, "Shape_Le_1": 15259.396975899999 }, "geometry": { "type": "MultiLineString", "coordinates": [ [ [ 1853418.973399999551475, 5723593.437800000421703 ], [ 1864237.530299999751151, 5734354.8514 ] ] ] } },
{ "type": "Feature", "properties": { "OBJECTID_1": 28, "OBJECTID": 29, "Fault_ID": 520, "Name": "Whangamoa", "Name_stat": "published", "Lineage": "Modified", "Fault_stat": "A-LS", "DomainName": "Northwestern South Island", "Domain_No": 13, "Dip_pref": 60, "Dip_min": 50.0, "Dip_max": 70.0, "Dip_dir": "SE", "Dom_sense": "reverse", "Sub_sense": null, "Rake_pref": 90, "Rake_minus": 70, "Rake_plus": 110, "SR_pref": 0.21, "SR_min": 0.16, "SR_max": 0.27, "SRT_pref": null, "SRT_min": null, "SRT_max": null, "SRT_gen": null, "UpdDth_prf": 0.0, "UpdDth_min": 0.0, "UpdDth_max": 0.0, "Depth_Dfc": 26.5, "Method_Dfc": 1, "Depth_D90": 20.6, "Method_D90": 1.0, "QualCode": 3, "References": "Ghisetti CFM compilation", "Comments": "Previously Waimea North. SR unchanged from Litchfield et al. 2013, 2014. Slip rate assigned and assumed to be equal to Flaxmore - Waimea - Tahunanui.", "CompiledBy": "F Ghisetti", "LastUpdate": "12/02/2021", "Shape_Leng": 104478.784918, "Shape_Le_1": 104478.784918 }, "geometry": { "type": "MultiLineString", "coordinates": [ [ [ 1647822.414300000295043, 5454922.990299999713898 ], [ 1644646.1738, 5450998.965400000102818 ], [ 1642405.821000000461936, 5443814.660899999551475 ], [ 1640760.9622, 5441381.1458 ], [ 1633058.741600000299513, 5431193.438799999654293 ], [ 1624319.386699999682605, 5424020.63300000037998 ], [ 1617008.7544, 5416573.047399999573827 ], [ 1605765.017199999652803, 5407298.669099999591708 ], [ 1599681.856499999761581, 5401478.285799999721348 ], [ 1594714.8273, 5393622.052899999544024 ], [ 1594514.477300000376999, 5388288.490199999883771 ], [ 1593546.971400000154972, 5382257.633399999700487 ], [ 1591480.1327, 5377173.572700000368059 ], [ 1589146.322999999858439, 5372491.513600000180304 ] ] ] } },
{ "type": "Feature", "properties": { "OBJECTID_1": 638, "OBJECTID": 640, "Fault_ID": 576, "Name": "Wharanui", "Name_stat": "published", "Lineage": "Modified", "Fault_stat": "A-LS", "DomainName": "Marlborough Fault System", "Domain_No": 14, "Dip_pref": 60, "Dip_min": 50.0, "Dip_max": 70.0, "Dip_dir": "NW", "Dom_sense": "dextral", "Sub_sense": "reverse", "Rake_pref": 160, "Rake_minus": 140, "Rake_plus": 180, "SR_pref": 0.3, "SR_min": 0.1, "SR_max": 0.5, "SRT_pref": null, "SRT_min": null, "SRT_max": null, "SRT_gen": "10,000s yrs", "UpdDth_prf": 0.0, "UpdDth_min": 0.0, "UpdDth_max": 0.0, "Depth_Dfc": 20.7, "Method_Dfc": 3, "Depth_D90": 15.8, "Method_D90": 1.0, "QualCode": 3, "References": "Barnes and Audru 1999; Barnes et al. 2015", "Comments": "Previously Campbell Bank 1. Position clipped and pinned to Chancet. SR lowered to budget with Chancet and Hope -Te Rapa. Dip reduced.", "CompiledBy": "P Barnes", "LastUpdate": "16/12/2020", "Shape_Leng": 17066.124935799999, "Shape_Le_1": 17066.124935799999 }, "geometry": { "type": "MultiLineString", "coordinates": [ [ [ 1721849.933400000445545, 5360912.318199999630451 ], [ 1720804.3531, 5357279.50690000038594 ], [ 1715108.029199999757111, 5353160.4951 ], [ 1709402.469600000418723, 5350593.797399999573827 ] ] ] } },
{ "type": "Feature", "properties": { "OBJECTID_1": 627, "OBJECTID": 629, "Fault_ID": 397, "Name": "Whareama Bank", "Name_stat": "published", "Lineage": "Modified", "Fault_stat": "N-PS", "DomainName": "Hikurangi accretionary margin", "Domain_No": 7, "Dip_pref": 40, "Dip_min": 30.0, "Dip_max": 50.0, "Dip_dir": "NW", "Dom_sense": "dextral and reverse", "Sub_sense": null, "Rake_pref": 135, "Rake_minus": 115, "Rake_plus": 155, "SR_pref": 1.5, "SR_min": 0.5, "SR_max": 2.5, "SRT_pref": null, "SRT_min": null, "SRT_max": null, "SRT_gen": null, "UpdDth_prf": 0.0, "UpdDth_min": 0.0, "UpdDth_max": 0.0, "Depth_Dfc": 12.1, "Method_Dfc": 3, "Depth_D90": 12.1, "Method_D90": 3.0, "QualCode": 3, "References": "Barnes CFM compilation", "Comments": "Apparent left-stepping strike-slip surface structures in the HW on Whareama Bank provide evidence for the revised rake. Fault linework along the reverse fault.", "CompiledBy": "P Barnes", "LastUpdate": "13/11/2020", "Shape_Leng": 67327.364797100003, "Shape_Le_1": 67327.364797100003 }, "geometry": { "type": "MultiLineString", "coordinates": [ [ [ 1867623.895399999804795, 5426422.276100000366569 ], [ 1881038.156499999575317, 5439841.8788 ], [ 1890994.579199999570847, 5447095.032100000418723 ], [ 1902975.208499999716878, 5452832.054700000211596 ], [ 1912352.222900000400841, 5460488.515999999828637 ], [ 1919922.656600000336766, 5467972.92200000025332 ] ] ] } },
{ "type": "Feature", "properties": { "OBJECTID_1": 246, "OBJECTID": 247, "Fault_ID": 328, "Name": "Wharekauhau", "Name_stat": "published", "Lineage": "Modified", "Fault_stat": "A-LS", "DomainName": "North Island Dextral Fault Belt", "Domain_No": 5, "Dip_pref": 45, "Dip_min": 35.0, "Dip_max": 55.0, "Dip_dir": "NW", "Dom_sense": "reverse", "Sub_sense": null, "Rake_pref": 90, "Rake_minus": 70, "Rake_plus": 110, "SR_pref": 2.5, "SR_min": 1.5, "SR_max": 3.5, "SRT_pref": null, "SRT_min": null, "SRT_max": null, "SRT_gen": "10,000s yrs", "UpdDth_prf": 0.0, "UpdDth_min": 0.0, "UpdDth_max": 0.0, "Depth_Dfc": 8.3, "Method_Dfc": 3, "Depth_D90": 8.3, "Method_D90": 3.0, "QualCode": 3, "References": "Litchfield et al. 2013, 2014; Little et al. 2009; Mountjoy et al. 2009; Pondard and Barnes 2010; Schermer et al. 2009", "Comments": "Combined Wharekauhau 1, 2 and 3 into single fault", "CompiledBy": "R Van Dissen, N Litchfield", "LastUpdate": "06/10/2020", "Shape_Leng": 51139.890447899998, "Shape_Le_1": 51139.890447899998 }, "geometry": { "type": "MultiLineString", "coordinates": [ [ [ 1778594.47719999961555, 5430194.0592 ], [ 1778409.547500000335276, 5426385.112099999561906 ], [ 1771831.099100000225008, 5418651.43099999986589 ], [ 1758763.55530000012368, 5399421.604000000283122 ], [ 1746445.901100000366569, 5392929.757799999788404 ] ] ] } },
{ "type": "Feature", "properties": { "OBJECTID_1": 65, "OBJECTID": 66, "Fault_ID": 260, "Name": "Wheao: North", "Name_stat": "published", "Lineage": "Modified", "Fault_stat": "A-LS", "DomainName": "North Island Dextral Fault Belt", "Domain_No": 5, "Dip_pref": 65, "Dip_min": 55.0, "Dip_max": 75.0, "Dip_dir": "NW", "Dom_sense": "normal", "Sub_sense": "dextral", "Rake_pref": -110, "Rake_minus": -130, "Rake_plus": -90, "SR_pref": 0.25, "SR_min": 0.1, "SR_max": 0.4, "SRT_pref": null, "SRT_min": null, "SRT_max": null, "SRT_gen": null, "UpdDth_prf": 0.0, "UpdDth_min": 0.0, "UpdDth_max": 0.0, "Depth_Dfc": 20.9, "Method_Dfc": 1, "Depth_D90": 16.7, "Method_D90": 1.0, "QualCode": 3, "References": "Litchfield et al. 2013, 2014", "Comments": "Location changed to follow SE side of Galatea Basin to intersect with Te Whaiti Fault", "CompiledBy": "R Van Dissen, N Litchfield", "LastUpdate": "16/10/2020", "Shape_Leng": 11180.4367023, "Shape_Le_1": 11180.4367023 }, "geometry": { "type": "MultiLineString", "coordinates": [ [ [ 1929503.305100000463426, 5736101.1464 ], [ 1923624.155600000172853, 5732100.4885 ], [ 1920645.13260000012815, 5729328.517199999652803 ] ] ] } },
{ "type": "Feature", "properties": { "OBJECTID_1": 66, "OBJECTID": 67, "Fault_ID": 261, "Name": "Wheao: South", "Name_stat": "published", "Lineage": "Modified", "Fault_stat": "A-LS", "DomainName": "North Island Dextral Fault Belt", "Domain_No": 5, "Dip_pref": 80, "Dip_min": 70.0, "Dip_max": 90.0, "Dip_dir": "W", "Dom_sense": "dextral", "Sub_sense": "normal", "Rake_pref": -160, "Rake_minus": -180, "Rake_plus": -140, "SR_pref": 0.25, "SR_min": 0.1, "SR_max": 0.4, "SRT_pref": null, "SRT_min": null, "SRT_max": null, "SRT_gen": null, "UpdDth_prf": 0.0, "UpdDth_min": 0.0, "UpdDth_max": 0.0, "Depth_Dfc": 26.0, "Method_Dfc": 1, "Depth_D90": 20.2, "Method_D90": 1.0, "QualCode": 3, "References": "Litchfield et al. 2013, 2014, 2020b", "Comments": "Shortened the southern extent to more closely match NZAFD. Northern extent changed to extend to SW corner of Galatea Basin", "CompiledBy": "R Van Dissen, N Litchfield", "LastUpdate": "16/10/2020", "Shape_Leng": 58214.018108199998, "Shape_Le_1": 58214.018108199998 }, "geometry": { "type": "MultiLineString", "coordinates": [ [ [ 1920645.13260000012815, 5729328.517199999652803 ], [ 1915905.512900000438094, 5722111.914599999785423 ], [ 1914525.237599999643862, 5718085.879200000315905 ], [ 1911442.334800000302494, 5708389.4073 ], [ 1910909.362800000235438, 5697167.166899999603629 ], [ 1912133.473199999891222, 5687758.511199999600649 ], [ 1910063.370500000193715, 5673481.313900000415742 ] ] ] } },
{ "type": "Feature", "properties": { "OBJECTID_1": 31, "OBJECTID": 32, "Fault_ID": 526, "Name": "White Creek", "Name_stat": "published", "Lineage": "Modified", "Fault_stat": "A-LS", "DomainName": "Northwestern South Island", "Domain_No": 13, "Dip_pref": 70, "Dip_min": 60.0, "Dip_max": 80.0, "Dip_dir": "E", "Dom_sense": "reverse", "Sub_sense": "sinistral", "Rake_pref": 70, "Rake_minus": 50, "Rake_plus": 90, "SR_pref": 0.5, "SR_min": 0.3, "SR_max": 0.75, "SRT_pref": "2-4 Ma", "SRT_min": null, "SRT_max": null, "SRT_gen": "≥ 1 Ma", "UpdDth_prf": 0.0, "UpdDth_min": 0.0, "UpdDth_max": 0.0, "Depth_Dfc": 24.9, "Method_Dfc": 1, "Depth_D90": 21.7, "Method_D90": 1.0, "QualCode": 1, "References": "Rattenbury et al. 1998; Nathan et al. 2002; Ghisetti, Sibson and Hamling 2016; Berryman 1980; Henderson 1937", "Comments": "Line work modified as per Ghisetti et al. CFM update. SR modified from Barnes & Ghisetti as per update", "CompiledBy": "F Ghisetti", "LastUpdate": "12/02/2021", "Shape_Leng": 112447.04579600001, "Shape_Le_1": 112447.04579600001 }, "geometry": { "type": "MultiLineString", "coordinates": [ [ [ 1535475.254300000146031, 5419379.775500000454485 ], [ 1534261.8679, 5413676.4528 ], [ 1534329.378700000233948, 5410392.812199999578297 ], [ 1533697.1815, 5408923.51410000026226 ], [ 1534099.377500000409782, 5406233.060499999672174 ], [ 1535481.853400000371039, 5403082.132399999536574 ], [ 1535337.6129, 5399372.142199999652803 ], [ 1534792.980499999597669, 5394373.263799999840558 ], [ 1534686.456799999810755, 5390159.865199999883771 ], [ 1532915.240600000135601, 5379029.0877 ], [ 1532624.507399999536574, 5374971.459599999710917 ], [ 1530457.888799999840558, 5369657.2823 ], [ 1530004.840900000184774, 5367019.322200000286102 ], [ 1529241.069899999536574, 5362507.582399999722838 ], [ 1528296.782200000248849, 5358909.030399999581277 ], [ 1527359.10080000013113, 5357382.2347 ], [ 1526843.162399999797344, 5355227.085099999792874 ], [ 1526495.491100000217557, 5350596.763000000268221 ], [ 1524554.080900000408292, 5344211.798899999819696 ], [ 1523696.142799999564886, 5339859.4221 ], [ 1522179.6025, 5336598.773400000296533 ], [ 1520710.202499999664724, 5334319.7823 ], [ 1517733.900399999693036, 5331253.3109 ], [ 1516242.612099999561906, 5330521.9238 ], [ 1514919.0455, 5329439.116600000299513 ], [ 1512080.700000000186265, 5325749.9715 ], [ 1509329.411000000312924, 5320763.260200000368059 ], [ 1506956.420800000429153, 5314710.4244 ] ] ] } },
{ "type": "Feature", "properties": { "OBJECTID_1": 548, "OBJECTID": 550, "Fault_ID": 535, "Name": "White Creek - buried", "Name_stat": "published", "Lineage": "New", "Fault_stat": "A-LS", "DomainName": "Northwestern South Island", "Domain_No": 13, "Dip_pref": 70, "Dip_min": 60.0, "Dip_max": 80.0, "Dip_dir": "SE", "Dom_sense": "reverse", "Sub_sense": "sinistral", "Rake_pref": 70, "Rake_minus": 50, "Rake_plus": 90, "SR_pref": 0.5, "SR_min": 0.3, "SR_max": 0.75, "SRT_pref": null, "SRT_min": null, "SRT_max": null, "SRT_gen": "≥ 1 Ma", "UpdDth_prf": 0.0, "UpdDth_min": 0.0, "UpdDth_max": 0.0, "Depth_Dfc": 24.9, "Method_Dfc": 1, "Depth_D90": 20.7, "Method_D90": 1.0, "QualCode": 1, "References": "Ghisetti, Barnes and Sibson 2014; Ghisetti, Sibson and Hamling 2016", "Comments": "Added from per Ghisetti et al. CFM update", "CompiledBy": "F Ghisetti", "LastUpdate": "12/02/2021", "Shape_Leng": 19429.982204600001, "Shape_Le_1": 19429.982204600001 }, "geometry": { "type": "MultiLineString", "coordinates": [ [ [ 1496467.1349, 5297721.214800000190735 ], [ 1497877.167399999685585, 5299647.11710000038147 ], [ 1499596.722900000400841, 5300885.197100000455976 ], [ 1500456.503999999724329, 5301985.7127 ], [ 1501316.2785, 5304221.135099999606609 ], [ 1501728.971900000236928, 5305803.126199999824166 ], [ 1503001.4463, 5307625.855200000107288 ], [ 1503758.050800000317395, 5309826.886400000192225 ], [ 1504961.736399999819696, 5312199.873200000263751 ], [ 1506612.509700000286102, 5313781.864400000311434 ] ] ] } },
{ "type": "Feature", "properties": { "OBJECTID_1": 868, "OBJECTID": 871, "Fault_ID": 829, "Name": "White Hill", "Name_stat": "informal", "Lineage": "New", "Fault_stat": "A-LS", "DomainName": "Southern South Island", "Domain_No": 21, "Dip_pref": 60, "Dip_min": 50.0, "Dip_max": 70.0, "Dip_dir": "W", "Dom_sense": "reverse", "Sub_sense": "dextral", "Rake_pref": 110, "Rake_minus": 90, "Rake_plus": 130, "SR_pref": 0.2, "SR_min": 0.05, "SR_max": 0.35, "SRT_pref": null, "SRT_min": null, "SRT_max": null, "SRT_gen": "10,000s yrs", "UpdDth_prf": 0.0, "UpdDth_min": 0.0, "UpdDth_max": 0.0, "Depth_Dfc": 33.2, "Method_Dfc": 1, "Depth_D90": 28.9, "Method_D90": 1.0, "QualCode": 3, "References": "Turnbull and Allibone 2003 (QMAP); Barrell CFM compilation", "Comments": "Uplifts Murihiku basement against Tertiary inlier, and acconts for uplift of Taringatura Hills (several hundred metres of relief). QMAP shows locally preseved Late Q scarp.", "CompiledBy": "D Barrell, N Mortimer", "LastUpdate": "12/02/2021", "Shape_Leng": 34072.7152995, "Shape_Le_1": 34072.7152995 }, "geometry": { "type": "MultiLineString", "coordinates": [ [ [ 1237127.877399999648333, 4891625.654199999757111 ], [ 1237278.753700000233948, 4895850.190700000151992 ], [ 1237179.1009, 4897152.2489 ], [ 1235327.013799999840558, 4901385.590699999593198 ], [ 1232912.686099999584258, 4907801.7494 ], [ 1232846.54009999986738, 4909753.0554 ], [ 1232846.54009999986738, 4912398.894000000320375 ], [ 1233078.051, 4915309.316499999724329 ], [ 1233309.5619, 4916764.527700000442564 ], [ 1234467.11629999987781, 4918682.760700000450015 ], [ 1238424.250900000333786, 4922966.380400000140071 ] ] ] } },
{ "type": "Feature", "properties": { "OBJECTID_1": 794, "OBJECTID": 797, "Fault_ID": 168, "Name": "White Island 1", "Name_stat": "published", "Lineage": "Unmodified", "Fault_stat": "A-LS", "DomainName": "Havre Trough - Taupo Rift", "Domain_No": 4, "Dip_pref": 50, "Dip_min": 40.0, "Dip_max": 60.0, "Dip_dir": "NW", "Dom_sense": "normal", "Sub_sense": "dextral", "Rake_pref": -110, "Rake_minus": -130, "Rake_plus": -90, "SR_pref": 2.5, "SR_min": 1.0, "SR_max": 2.5, "SRT_pref": null, "SRT_min": null, "SRT_max": null, "SRT_gen": "1000s yrs", "UpdDth_prf": 0.0, "UpdDth_min": 0.0, "UpdDth_max": 0.0, "Depth_Dfc": 21.4, "Method_Dfc": 1, "Depth_D90": 17.6, "Method_D90": 1.0, "QualCode": 1, "References": "Lewis and Pantin 1984; Wright 1990; Lamarche 2003; Lamarche and Barnes 2005; Lamarche et al. 2006; Litchfield et al. 2013, 2014", "Comments": "Displ. of marine PGS2/1 surface. See Lamarche et al. (2006) for discussion of rake. SR range adopted from Stirling et al. (2012).", "CompiledBy": "P Barnes", "LastUpdate": "23/12/2020", "Shape_Leng": 28755.772221200001, "Shape_Le_1": 28755.772221200001 }, "geometry": { "type": "MultiLineString", "coordinates": [ [ [ 1965608.879099999554455, 5816738.884200000204146 ], [ 1959081.407800000160933, 5810017.418399999849498 ], [ 1957572.508899999782443, 5806564.341900000348687 ], [ 1955562.920699999667704, 5804977.6091 ], [ 1952956.6217, 5801668.850499999709427 ], [ 1946241.494800000451505, 5795911.2083 ] ] ] } },
{ "type": "Feature", "properties": { "OBJECTID_1": 798, "OBJECTID": 801, "Fault_ID": 160, "Name": "White Island 2", "Name_stat": "published", "Lineage": "Unmodified", "Fault_stat": "A-LS", "DomainName": "Havre Trough - Taupo Rift", "Domain_No": 4, "Dip_pref": 50, "Dip_min": 40.0, "Dip_max": 60.0, "Dip_dir": "NW", "Dom_sense": "normal", "Sub_sense": "dextral", "Rake_pref": -110, "Rake_minus": -130, "Rake_plus": -90, "SR_pref": 2.0, "SR_min": 0.5, "SR_max": 2.0, "SRT_pref": null, "SRT_min": null, "SRT_max": null, "SRT_gen": "10,000s yrs", "UpdDth_prf": 0.0, "UpdDth_min": 0.0, "UpdDth_max": 0.0, "Depth_Dfc": 20.4, "Method_Dfc": 1, "Depth_D90": 15.9, "Method_D90": 1.0, "QualCode": 1, "References": "Lewis and Pantin 1984; Wright 1990; Lamarche and Barnes 2005; Lamarche et al. 2006; Litchfield et al. 2013, 2014", "Comments": "Displ. of marine PGS2/1 surface. See Lamarche et al. (2006) for discussion of rake. SR range adopted from Stirling et al. (2012).", "CompiledBy": "P Barnes", "LastUpdate": "23/12/2020", "Shape_Leng": 15279.5346255, "Shape_Le_1": 15279.5346255 }, "geometry": { "type": "MultiLineString", "coordinates": [ [ [ 1977480.665, 5823652.208499999716878 ], [ 1973320.257799999788404, 5820393.926400000229478 ], [ 1971164.831299999728799, 5817432.314600000157952 ], [ 1966091.238300000317395, 5813643.5225 ] ] ] } },
{ "type": "Feature", "properties": { "OBJECTID_1": 175, "OBJECTID": 176, "Fault_ID": 327, "Name": "Whitemans Valley", "Name_stat": "published", "Lineage": "Unmodified", "Fault_stat": "A-LS", "DomainName": "North Island Dextral Fault Belt", "Domain_No": 5, "Dip_pref": 60, "Dip_min": 50.0, "Dip_max": 70.0, "Dip_dir": "NW", "Dom_sense": "reverse", "Sub_sense": "dextral", "Rake_pref": 110, "Rake_minus": 90, "Rake_plus": 130, "SR_pref": 0.1, "SR_min": 0.05, "SR_max": 0.15, "SRT_pref": null, "SRT_min": null, "SRT_max": null, "SRT_gen": "10,000s yrs", "UpdDth_prf": 0.0, "UpdDth_min": 0.0, "UpdDth_max": 0.0, "Depth_Dfc": 25.7, "Method_Dfc": 3, "Depth_D90": 21.7, "Method_D90": 1.0, "QualCode": 2, "References": "Litchfield et al. 2013, 2014; Begg and Van Dissen 1998; Robinson et al. 2001", "Comments": null, "CompiledBy": null, "LastUpdate": null, "Shape_Leng": 27728.716856899999, "Shape_Le_1": 27728.716856899999 }, "geometry": { "type": "MultiLineString", "coordinates": [ [ [ 1770758.491899999789894, 5442406.605000000447035 ], [ 1769267.555499999783933, 5439664.27240000013262 ], [ 1768968.833999999798834, 5437638.3975 ], [ 1767500.605000000447035, 5435817.217899999581277 ], [ 1764868.267099999822676, 5430700.933299999684095 ], [ 1763050.6579, 5428142.645600000396371 ], [ 1760862.759700000286102, 5423937.104000000283122 ], [ 1759833.916899999603629, 5422849.051099999807775 ], [ 1759629.9002, 5421187.3756 ], [ 1758222.6387, 5418074.72620000038296 ] ] ] } },
{ "type": "Feature", "properties": { "OBJECTID_1": 122, "OBJECTID": 123, "Fault_ID": 313, "Name": "Woodville", "Name_stat": "published", "Lineage": "Modified", "Fault_stat": "A-LS", "DomainName": "North Island Dextral Fault Belt", "Domain_No": 5, "Dip_pref": 70, "Dip_min": 60.0, "Dip_max": 80.0, "Dip_dir": "NW", "Dom_sense": "reverse", "Sub_sense": "dextral", "Rake_pref": 110, "Rake_minus": 90, "Rake_plus": 130, "SR_pref": 0.2, "SR_min": 0.1, "SR_max": 0.3, "SRT_pref": null, "SRT_min": null, "SRT_max": null, "SRT_gen": null, "UpdDth_prf": 0.0, "UpdDth_min": 0.0, "UpdDth_max": 0.0, "Depth_Dfc": 27.4, "Method_Dfc": 3, "Depth_D90": 24.6, "Method_D90": 1.0, "QualCode": 3, "References": "Lee et al. 2011", "Comments": "extended to the N (traces) and S (inferred beneath Woodville) to get more length", "CompiledBy": "R Langridge, R Morgenstern", "LastUpdate": "25/11/2020", "Shape_Leng": 20948.182395399999, "Shape_Le_1": 20948.182395399999 }, "geometry": { "type": "MultiLineString", "coordinates": [ [ [ 1857825.870900000445545, 5542637.133500000461936 ], [ 1856471.201500000432134, 5540859.1299 ], [ 1854622.524000000208616, 5539899.021800000220537 ], [ 1848827.129700000397861, 5533163.970800000242889 ], [ 1847066.613300000317395, 5531369.69539999961853 ], [ 1844412.211500000208616, 5529669.041400000452995 ], [ 1842681.090599999763072, 5528518.938500000163913 ] ] ] } }
]
}
