{
"type": "FeatureCollection",
"name": "JKN_z-1.0",
"crs": { "type": "name", "properties": { "name": "urn:ogc:def:crs:EPSG::2193" } },
"features": [
{ "type": "Feature", "properties": { "name": "Acton", "z_score": null, "sampled_dip": 60.0, "dip_best": 60, "sr_best": 0.2 }, "geometry": { "type": "LineString", "coordinates": [ [ 1238008.862800000235438, 4957244.899299999698997 ], [ 1236979.6316, 4953651.850399999879301 ], [ 1236004.419599999673665, 4952071.182300000451505 ], [ 1233606.187400000169873, 4947143.08739999961108 ], [ 1231225.0756, 4943311.769000000320375 ], [ 1231087.7725, 4942193.3284 ], [ 1230786.019899999722838, 4938874.049700000323355 ], [ 1232375.872399999760091, 4936546.503700000233948 ], [ 1238210.089599999599159, 4926060.901200000196695 ] ] } },
{ "type": "Feature", "properties": { "name": "Aka Aka", "z_score": null, "sampled_dip": 65.0, "dip_best": 65, "sr_best": 0.02 }, "geometry": { "type": "LineString", "coordinates": [ [ 1762136.97580000013113, 5874658.598399999551475 ], [ 1764009.096900000236928, 5875176.8109 ], [ 1765731.772199999541044, 5875502.92339999973774 ], [ 1767120.837500000372529, 5876032.091099999845028 ], [ 1767984.204800000414252, 5876935.764499999582767 ], [ 1770074.460400000214577, 5877300.8936 ] ] } },
{ "type": "Feature", "properties": { "name": "Akatarawa", "z_score": null, "sampled_dip": 75.0, "dip_best": 75, "sr_best": 0.6 }, "geometry": { "type": "LineString", "coordinates": [ [ 1771021.140800000168383, 5445643.910699999891222 ], [ 1773815.546699999831617, 5448004.333499999716878 ], [ 1777631.5499, 5455169.4978 ], [ 1778177.778099999763072, 5457884.56900000013411 ] ] } },
{ "type": "Feature", "properties": { "name": "Akatore", "z_score": null, "sampled_dip": 45.0, "dip_best": 45, "sr_best": 1.2 }, "geometry": { "type": "LineString", "coordinates": [ [ 1388638.470300000160933, 4901835.5756 ], [ 1386257.215599999763072, 4897985.880400000140071 ], [ 1382010.644600000232458, 4892270.869 ], [ 1382169.394899999722838, 4890881.8037 ], [ 1376958.473500000312924, 4885230.325500000268221 ], [ 1376382.56209999974817, 4883355.1392 ], [ 1373041.2516, 4879451.780799999833107 ], [ 1371691.8739, 4878618.341699999757111 ], [ 1370699.684399999678135, 4876554.587500000372529 ], [ 1369786.8701, 4875403.647699999623001 ], [ 1366486.682300000451505, 4869018.606599999591708 ] ] } },
{ "type": "Feature", "properties": { "name": "Albury", "z_score": null, "sampled_dip": 60.0, "dip_best": 60, "sr_best": 0.13 }, "geometry": { "type": "LineString", "coordinates": [ [ 1425765.166799999773502, 5103641.427400000393391 ], [ 1418128.550200000405312, 5119445.903400000184774 ], [ 1417222.889000000432134, 5122437.830900000408292 ] ] } },
{ "type": "Feature", "properties": { "name": "Alexander", "z_score": null, "sampled_dip": 50.0, "dip_best": 50, "sr_best": 0.15 }, "geometry": { "type": "LineString", "coordinates": [ [ 1577973.736499999649823, 5247300.696399999782443 ], [ 1585244.486399999819696, 5250835.3898 ], [ 1593250.700500000268221, 5250905.2867 ], [ 1600814.713200000114739, 5254038.196999999694526 ], [ 1606961.427500000223517, 5259980.229000000283122 ] ] } },
{ "type": "Feature", "properties": { "name": "Alfredton North", "z_score": null, "sampled_dip": 70.0, "dip_best": 70, "sr_best": 2.5 }, "geometry": { "type": "LineString", "coordinates": [ [ 1849023.996299999766052, 5506472.233199999667704 ], [ 1848140.665500000119209, 5503009.2083 ], [ 1842179.974499999545515, 5492971.241600000299513 ] ] } },
{ "type": "Feature", "properties": { "name": "Alfredton South", "z_score": null, "sampled_dip": 70.0, "dip_best": 70, "sr_best": 3.5 }, "geometry": { "type": "LineString", "coordinates": [ [ 1842179.974499999545515, 5492971.241600000299513 ], [ 1837766.677299999631941, 5487718.026100000366569 ], [ 1835644.3958, 5485600.2533 ] ] } },
{ "type": "Feature", "properties": { "name": "Alpine Caswell", "z_score": null, "sampled_dip": 70.0, "dip_best": 70, "sr_best": 31.4 }, "geometry": { "type": "LineString", "coordinates": [ [ 1126024.282999999821186, 4995037.309999999590218 ], [ 1128728.673600000329316, 4995850.376500000245869 ], [ 1130911.263799999840558, 4997636.8098 ], [ 1133650.126500000245869, 5000929.359299999661744 ], [ 1135472.7473, 5003721.299999999813735 ], [ 1140819.069199999794364, 5010897.073400000110269 ] ] } },
{ "type": "Feature", "properties": { "name": "Alpine Caswell - South George", "z_score": null, "sampled_dip": 70.0, "dip_best": 70, "sr_best": 27.2 }, "geometry": { "type": "LineString", "coordinates": [ [ 1140819.069199999794364, 5010897.073400000110269 ], [ 1141766.831399999558926, 5011597.554700000211596 ], [ 1143024.900999999605119, 5013022.2939 ], [ 1145375.3426, 5016621.82880000025034 ], [ 1146525.980899999849498, 5018563.2637 ], [ 1150226.2527, 5023005.245799999684095 ], [ 1152388.556400000117719, 5025487.327200000174344 ], [ 1154869.397199999541044, 5027811.390700000338256 ] ] } },
{ "type": "Feature", "properties": { "name": "Alpine George landward", "z_score": null, "sampled_dip": 70.0, "dip_best": 70, "sr_best": 8.9 }, "geometry": { "type": "LineString", "coordinates": [ [ 1154848.925200000405312, 5027792.9923 ], [ 1156601.896599999628961, 5027681.884600000455976 ], [ 1161699.7319, 5032549.0801 ], [ 1162152.69550000037998, 5033024.917600000277162 ], [ 1163659.449799999594688, 5034371.8531 ], [ 1164701.241600000299513, 5035608.743900000117719 ], [ 1165435.52489999961108, 5036300.790400000289083 ], [ 1167174.321600000374019, 5037814.38219999987632 ] ] } },
{ "type": "Feature", "properties": { "name": "Alpine George seaward", "z_score": null, "sampled_dip": 70.0, "dip_best": 70, "sr_best": 18.3 }, "geometry": { "type": "LineString", "coordinates": [ [ 1167174.321600000374019, 5037814.38219999987632 ], [ 1165428.140700000338256, 5037408.1217 ], [ 1162821.259700000286102, 5034953.591 ], [ 1158335.3931, 5030873.991499999538064 ], [ 1155643.873200000263751, 5028537.955299999564886 ], [ 1154848.925200000405312, 5027792.9923 ] ] } },
{ "type": "Feature", "properties": { "name": "Alpine George to Jacksons", "z_score": null, "sampled_dip": 70.0, "dip_best": 70, "sr_best": 27.2 }, "geometry": { "type": "LineString", "coordinates": [ [ 1167174.321600000374019, 5037814.38219999987632 ], [ 1172272.889399999752641, 5042178.149400000460446 ], [ 1173960.06209999974817, 5043673.7429 ], [ 1182074.723500000312924, 5050308.127000000327826 ], [ 1182692.399299999698997, 5050639.4211 ], [ 1183121.2588, 5051004.573200000450015 ], [ 1184009.497399999760091, 5051360.5449 ], [ 1187831.266699999570847, 5054486.4353 ], [ 1190157.810600000433624, 5057033.72690000012517 ], [ 1193622.912899999879301, 5059257.131099999882281 ], [ 1198554.989, 5063585.892199999652803 ], [ 1199302.981300000101328, 5064480.521099999547005 ], [ 1201430.976300000213087, 5065772.8553 ], [ 1205228.795199999585748, 5069327.482200000435114 ], [ 1211708.839200000278652, 5075869.150999999605119 ], [ 1214860.664900000207126, 5078430.099399999715388 ], [ 1219294.696600000374019, 5082502.254700000397861 ], [ 1220208.377500000409782, 5083605.1541 ], [ 1223052.349700000137091, 5086268.735500000417233 ], [ 1225403.863699999637902, 5088173.650600000284612 ], [ 1226529.497100000269711, 5089693.616399999707937 ], [ 1230863.711199999786913, 5092963.174499999731779 ], [ 1232528.944899999536574, 5094744.714300000108778 ], [ 1239418.4715, 5098802.353900000452995 ], [ 1242413.865500000305474, 5102335.919599999673665 ], [ 1256296.244, 5112205.350499999709427 ] ] } },
{ "type": "Feature", "properties": { "name": "Alpine Jacksons to Kaniere", "z_score": null, "sampled_dip": 50.0, "dip_best": 50, "sr_best": 27.0 }, "geometry": { "type": "LineString", "coordinates": [ [ 1256296.244, 5112205.350499999709427 ], [ 1285547.64740000013262, 5131564.627600000239909 ], [ 1306825.896300000138581, 5146539.8766 ], [ 1331034.364500000141561, 5163044.1135 ], [ 1361323.368599999696016, 5184577.844600000418723 ], [ 1395852.941700000315905, 5211051.11780000012368 ], [ 1417382.0581, 5226100.902300000190735 ], [ 1448649.962899999693036, 5249579.2971 ] ] } },
{ "type": "Feature", "properties": { "name": "Alpine Kaniere to Springs Junction", "z_score": null, "sampled_dip": 60.0, "dip_best": 60, "sr_best": 15.0 }, "geometry": { "type": "LineString", "coordinates": [ [ 1535290.185200000181794, 5310464.981300000101328 ], [ 1518897.4468, 5297107.53969999961555 ], [ 1486240.5932, 5276195.462600000202656 ], [ 1472947.879999999888241, 5267525.404199999757111 ], [ 1459206.154, 5258710.517699999734759 ], [ 1448649.962899999693036, 5249579.2971 ] ] } },
{ "type": "Feature", "properties": { "name": "Alpine Nancy", "z_score": null, "sampled_dip": 70.0, "dip_best": 70, "sr_best": 15.7 }, "geometry": { "type": "LineString", "coordinates": [ [ 1118457.686499999836087, 4985618.972900000400841 ], [ 1121162.0258, 4989181.941100000403821 ], [ 1123145.939899999648333, 4991379.685600000433624 ], [ 1126024.282999999821186, 4995037.309999999590218 ] ] } },
{ "type": "Feature", "properties": { "name": "Alpine Resolution - Charles", "z_score": null, "sampled_dip": 70.0, "dip_best": 70, "sr_best": 15.7 }, "geometry": { "type": "LineString", "coordinates": [ [ 1116950.576399999670684, 4987924.733900000341237 ], [ 1122731.712299999780953, 4996144.58420000039041 ] ] } },
{ "type": "Feature", "properties": { "name": "Alpine Resolution - Dagg", "z_score": null, "sampled_dip": 70.0, "dip_best": 70, "sr_best": 31.4 }, "geometry": { "type": "LineString", "coordinates": [ [ 1116950.576399999670684, 4987924.733900000341237 ], [ 1114340.611399999819696, 4984661.5411 ], [ 1107013.9764, 4973336.155500000342727 ], [ 1105910.688400000333786, 4970932.162700000219047 ], [ 1100329.127399999648333, 4964498.488300000317395 ], [ 1096812.189799999818206, 4961837.035400000400841 ], [ 1091330.7714, 4956036.38300000037998 ], [ 1088573.2089, 4951626.615799999795854 ], [ 1086096.459099999628961, 4947135.502299999818206 ], [ 1084650.425900000147521, 4945133.338600000366569 ], [ 1082413.080199999734759, 4941992.9836 ], [ 1079751.418100000359118, 4937448.096800000406802 ], [ 1077458.793999999761581, 4935098.634999999776483 ] ] } },
{ "type": "Feature", "properties": { "name": "Alpine Resolution - Five Fingers", "z_score": null, "sampled_dip": 70.0, "dip_best": 70, "sr_best": 31.4 }, "geometry": { "type": "LineString", "coordinates": [ [ 1022904.431300000287592, 4878607.781999999657273 ], [ 1036193.845200000330806, 4890238.801799999549985 ], [ 1050204.51659999974072, 4906722.237800000235438 ], [ 1056662.224999999627471, 4915682.792899999767542 ], [ 1067962.167700000107288, 4927982.890800000168383 ], [ 1070309.82079999987036, 4930961.818 ], [ 1072222.9742, 4932219.573800000362098 ], [ 1074999.841300000436604, 4933708.428399999625981 ], [ 1076661.02489999961108, 4935555.124800000339746 ] ] } },
{ "type": "Feature", "properties": { "name": "Alpine Springs Junction to Tophouse", "z_score": null, "sampled_dip": 65.0, "dip_best": 65, "sr_best": 5.5 }, "geometry": { "type": "LineString", "coordinates": [ [ 1535290.185200000181794, 5310464.981300000101328 ], [ 1543686.862099999561906, 5318203.736399999819696 ], [ 1547163.835, 5324275.722299999557436 ], [ 1549278.812199999578297, 5339169.416600000113249 ], [ 1552240.5795, 5342745.752100000157952 ], [ 1567917.591699999757111, 5356510.764600000344217 ], [ 1578512.572300000116229, 5366231.029799999669194 ], [ 1583345.267, 5369819.65500000026077 ], [ 1589146.322999999858439, 5372491.513600000180304 ] ] } },
{ "type": "Feature", "properties": { "name": "AmberBlyth", "z_score": null, "sampled_dip": 45.0, "dip_best": 45, "sr_best": 1.85 }, "geometry": { "type": "LineString", "coordinates": [ [ 1571064.731200000271201, 5223728.58490000013262 ], [ 1580881.294800000265241, 5226387.723399999551475 ], [ 1584944.205, 5228618.9211 ], [ 1588874.9874, 5230292.215300000272691 ], [ 1595250.103799999691546, 5232335.537499999627471 ], [ 1600678.813799999654293, 5234928.30449999962002 ], [ 1607336.5449, 5239921.596300000324845 ], [ 1611553.881099999882281, 5243247.227 ], [ 1624083.279799999669194, 5250062.653599999845028 ] ] } },
{ "type": "Feature", "properties": { "name": "Aotea - Evans Bay", "z_score": null, "sampled_dip": 70.0, "dip_best": 70, "sr_best": 1.4 }, "geometry": { "type": "LineString", "coordinates": [ [ 1750442.492200000211596, 5429314.495299999602139 ], [ 1750473.232099999673665, 5428797.03969999961555 ], [ 1749858.865199999883771, 5427626.5433 ], [ 1749200.026800000108778, 5426666.2029 ], [ 1748893.768799999728799, 5425552.537399999797344 ], [ 1747961.073900000192225, 5420471.438299999572337 ] ] } },
{ "type": "Feature", "properties": { "name": "Ararata", "z_score": null, "sampled_dip": 70.0, "dip_best": 70, "sr_best": 0.02 }, "geometry": { "type": "LineString", "coordinates": [ [ 1713956.99170000012964, 5617461.075299999676645 ], [ 1719911.545599999837577, 5624775.558500000275671 ] ] } },
{ "type": "Feature", "properties": { "name": "Ariel Bank", "z_score": null, "sampled_dip": 30.0, "dip_best": 30, "sr_best": 6.1 }, "geometry": { "type": "LineString", "coordinates": [ [ 2068424.307099999859929, 5702943.7736 ], [ 2065624.776600000448525, 5692867.759800000116229 ], [ 2062386.688, 5690986.6584 ], [ 2058202.9824, 5687091.365500000305474 ] ] } },
{ "type": "Feature", "properties": { "name": "Ariel Bank 2", "z_score": null, "sampled_dip": 30.0, "dip_best": 30, "sr_best": 6.1 }, "geometry": { "type": "LineString", "coordinates": [ [ 2073990.2719, 5719498.969200000166893 ], [ 2075549.194199999794364, 5721494.3898 ], [ 2078771.371600000187755, 5727596.672899999655783 ], [ 2082327.3788, 5731533.680700000375509 ], [ 2088169.3904, 5737058.1919 ], [ 2089591.594200000166893, 5738821.990199999883771 ] ] } },
{ "type": "Feature", "properties": { "name": "Ariel East", "z_score": null, "sampled_dip": 30.0, "dip_best": 30, "sr_best": 1.6 }, "geometry": { "type": "LineString", "coordinates": [ [ 2065825.439000000245869, 5692385.685499999672174 ], [ 2061434.501299999654293, 5686197.575500000268221 ], [ 2055230.3125, 5680347.967299999669194 ] ] } },
{ "type": "Feature", "properties": { "name": "Awahokomo", "z_score": null, "sampled_dip": 60.0, "dip_best": 60, "sr_best": 0.58 }, "geometry": { "type": "LineString", "coordinates": [ [ 1398538.8344, 5034253.129700000397861 ], [ 1395697.385300000198185, 5038989.3037 ], [ 1390760.686700000427663, 5048617.778099999763072 ], [ 1390586.93709999974817, 5049922.794700000435114 ] ] } },
{ "type": "Feature", "properties": { "name": "Awakeri", "z_score": null, "sampled_dip": 60.0, "dip_best": 60, "sr_best": 0.25 }, "geometry": { "type": "LineString", "coordinates": [ [ 1934233.88399999961257, 5775721.0746 ], [ 1934943.954400000162423, 5778178.736399999819696 ], [ 1938680.012699999846518, 5786325.955199999734759 ], [ 1940595.41399999987334, 5791243.486499999649823 ] ] } },
{ "type": "Feature", "properties": { "name": "Awamoa", "z_score": null, "sampled_dip": 45.0, "dip_best": 45, "sr_best": 0.1 }, "geometry": { "type": "LineString", "coordinates": [ [ 1440228.323699999600649, 5011017.327499999664724 ], [ 1439196.446600000374019, 5008239.196899999864399 ], [ 1438442.38260000012815, 5006572.318599999882281 ], [ 1437648.631, 5003556.062599999830127 ], [ 1437450.193199999630451, 5001492.308400000445545 ], [ 1437450.193199999630451, 4999984.1804 ], [ 1440720.795, 4989732.2198 ] ] } },
{ "type": "Feature", "properties": { "name": "Awanui", "z_score": null, "sampled_dip": 30.0, "dip_best": 30, "sr_best": 1.0 }, "geometry": { "type": "LineString", "coordinates": [ [ 1922082.617600000463426, 5597033.844499999657273 ], [ 1923405.561599999666214, 5603967.3942 ], [ 1931938.391099999658763, 5612037.201999999582767 ], [ 1937163.922399999573827, 5618387.214700000360608 ], [ 1937957.673999999649823, 5620834.615399999544024 ], [ 1942323.307699999772012, 5629102.861100000329316 ], [ 1948263.2155, 5639620.06969999987632 ], [ 1955989.0642, 5651261.759600000455976 ] ] } },
{ "type": "Feature", "properties": { "name": "Awatere Northeast 1", "z_score": null, "sampled_dip": 75.0, "dip_best": 75, "sr_best": 6.0 }, "geometry": { "type": "LineString", "coordinates": [ [ 1616103.232599999755621, 5339229.068099999800324 ], [ 1620073.3459, 5340843.46030000038445 ], [ 1628461.205400000326335, 5347351.115500000305474 ], [ 1659939.999900000169873, 5370320.028400000184774 ], [ 1685374.17850000038743, 5390425.674700000323355 ] ] } },
{ "type": "Feature", "properties": { "name": "Awatere Northeast 2", "z_score": null, "sampled_dip": 80.0, "dip_best": 80, "sr_best": 1.5 }, "geometry": { "type": "LineString", "coordinates": [ [ 1685374.17850000038743, 5390425.674700000323355 ], [ 1704563.874200000427663, 5401097.469700000248849 ] ] } },
{ "type": "Feature", "properties": { "name": "Awatere Southwest", "z_score": null, "sampled_dip": 75.0, "dip_best": 75, "sr_best": 5.8 }, "geometry": { "type": "LineString", "coordinates": [ [ 1628396.717899999581277, 5347290.144500000402331 ], [ 1607768.247100000269711, 5338355.036100000143051 ], [ 1594829.4222, 5336221.996899999678135 ], [ 1590175.1941, 5335586.83629999961704 ], [ 1581381.073599999770522, 5332833.9583 ], [ 1571215.1968, 5324856.052400000393391 ], [ 1557153.326399999670684, 5316345.87459999974817 ], [ 1543113.9194, 5312276.232900000177324 ], [ 1535290.185200000181794, 5310464.981300000101328 ] ] } },
{ "type": "Feature", "properties": { "name": "Backbone", "z_score": null, "sampled_dip": 60.0, "dip_best": 60, "sr_best": 0.05 }, "geometry": { "type": "LineString", "coordinates": [ [ 1339524.64989999961108, 4941364.073900000192225 ], [ 1337937.14670000039041, 4941046.573300000280142 ], [ 1335873.3926, 4938109.6924 ], [ 1335873.3926, 4929299.049800000153482 ], [ 1334365.264600000344217, 4924139.6645 ], [ 1333650.8881, 4919853.405899999663234 ] ] } },
{ "type": "Feature", "properties": { "name": "Balmoral", "z_score": null, "sampled_dip": 55.0, "dip_best": 55, "sr_best": 0.42 }, "geometry": { "type": "LineString", "coordinates": [ [ 1579038.85190000012517, 5252478.911899999715388 ], [ 1576434.363699999637902, 5257837.746399999596179 ], [ 1575062.812199999578297, 5260423.9994 ], [ 1574784.184000000357628, 5262088.676400000229478 ], [ 1575591.522699999623001, 5265052.794599999673665 ], [ 1577084.11780000012368, 5267278.808299999684095 ], [ 1577488.507299999706447, 5268760.731499999761581 ], [ 1577208.930800000205636, 5270795.626299999654293 ] ] } },
{ "type": "Feature", "properties": { "name": "Barefell", "z_score": null, "sampled_dip": 60.0, "dip_best": 60, "sr_best": 0.5 }, "geometry": { "type": "LineString", "coordinates": [ [ 1609634.662999999709427, 5322902.2275 ], [ 1610568.513500000350177, 5328753.606300000101328 ], [ 1614714.966699999757111, 5337440.0 ], [ 1616103.232599999755621, 5339229.068099999800324 ] ] } },
{ "type": "Feature", "properties": { "name": "Barn", "z_score": null, "sampled_dip": 30.0, "dip_best": 30, "sr_best": 0.5 }, "geometry": { "type": "LineString", "coordinates": [ [ 1250965.332000000402331, 5141082.2264 ], [ 1228557.284, 5127542.246100000105798 ], [ 1218957.841799999587238, 5119420.116899999789894 ], [ 1206772.979100000113249, 5112773.941599999554455 ], [ 1197172.144899999722838, 5100587.3712 ] ] } },
{ "type": "Feature", "properties": { "name": "Barrier Range", "z_score": null, "sampled_dip": 60.0, "dip_best": 60, "sr_best": 0.05 }, "geometry": { "type": "LineString", "coordinates": [ [ 1357302.316800000146031, 5139870.5784 ], [ 1354742.2703, 5133738.416299999691546 ], [ 1353862.726599999703467, 5128361.1804 ], [ 1351878.347699999809265, 5121217.4161 ], [ 1349364.801, 5115595.00899999961257 ], [ 1346135.087500000372529, 5113121.353000000119209 ], [ 1343315.972900000400841, 5109255.1387 ], [ 1333050.119, 5087347.5949 ] ] } },
{ "type": "Feature", "properties": { "name": "Beacon Hill", "z_score": null, "sampled_dip": 70.0, "dip_best": 70, "sr_best": 0.05 }, "geometry": { "type": "LineString", "coordinates": [ [ 1326548.4008, 4877840.7571 ], [ 1315832.754300000146031, 4884309.832499999552965 ], [ 1309482.741600000299513, 4888873.9041 ] ] } },
{ "type": "Feature", "properties": { "name": "Beaumont River", "z_score": null, "sampled_dip": 60.0, "dip_best": 60, "sr_best": 0.05 }, "geometry": { "type": "LineString", "coordinates": [ [ 1334524.014899999834597, 4918742.153699999675155 ], [ 1338889.6486, 4925171.541500000283122 ], [ 1340318.401499999687076, 4931045.303299999795854 ], [ 1340000.9008, 4933744.0587 ], [ 1340874.027599999681115, 4938744.693699999712408 ], [ 1340159.651100000366569, 4940490.947200000286102 ], [ 1339921.525700000114739, 4945967.833100000396371 ], [ 1340953.402700000442564, 4947872.836900000460446 ], [ 1340318.401499999687076, 4950809.717799999751151 ], [ 1338889.6486, 4952635.3465 ] ] } },
{ "type": "Feature", "properties": { "name": "Ben McLeod", "z_score": null, "sampled_dip": 45.0, "dip_best": 45, "sr_best": 0.9 }, "geometry": { "type": "LineString", "coordinates": [ [ 1442693.697999999858439, 5167302.002899999730289 ], [ 1438213.235299999825656, 5163377.2604 ], [ 1434473.588700000196695, 5162359.640599999576807 ], [ 1430753.735600000247359, 5160599.463700000196695 ], [ 1427107.693900000303984, 5156060.512799999676645 ], [ 1427725.942599999718368, 5152927.525399999693036 ], [ 1426399.686099999584258, 5147150.757299999706447 ], [ 1426960.940399999730289, 5141052.503200000151992 ] ] } },
{ "type": "Feature", "properties": { "name": "Bidwill", "z_score": null, "sampled_dip": 60.0, "dip_best": 60, "sr_best": 0.2 }, "geometry": { "type": "LineString", "coordinates": [ [ 1796690.871399999596179, 5432498.9885 ], [ 1802068.510800000280142, 5435870.268799999728799 ], [ 1807204.8054, 5439429.948200000450015 ], [ 1808189.902900000102818, 5441298.940100000239909 ] ] } },
{ "type": "Feature", "properties": { "name": "Big Ben", "z_score": null, "sampled_dip": 60.0, "dip_best": 60, "sr_best": 0.2 }, "geometry": { "type": "LineString", "coordinates": [ [ 1489166.302199999801815, 5179219.684100000187755 ], [ 1492595.309000000357628, 5187178.36670000012964 ], [ 1493378.477300000376999, 5189083.370500000193715 ], [ 1494453.593999999575317, 5190591.178000000305474 ], [ 1496422.098000000230968, 5193787.350999999791384 ], [ 1497097.0592, 5194915.99210000038147 ], [ 1497689.727, 5195720.326999999582767 ], [ 1498475.268699999898672, 5197152.857800000347197 ], [ 1499702.937800000421703, 5198825.027800000272691 ], [ 1500803.606700000353158, 5200095.030299999751151 ], [ 1501311.607699999585748, 5201068.698900000192225 ], [ 1501650.275100000202656, 5201830.700500000268221 ], [ 1501650.275100000202656, 5202508.0351 ] ] } },
{ "type": "Feature", "properties": { "name": "Billys Ridge", "z_score": null, "sampled_dip": 45.0, "dip_best": 45, "sr_best": 0.05 }, "geometry": { "type": "LineString", "coordinates": [ [ 1405567.581199999898672, 4976282.777499999850988 ], [ 1391808.270600000396371, 4965463.527599999681115 ], [ 1389833.9835, 4962061.270200000144541 ], [ 1388405.219399999827147, 4957242.153900000266731 ], [ 1382859.541600000113249, 4951971.643400000408292 ] ] } },
{ "type": "Feature", "properties": { "name": "Black Hill", "z_score": null, "sampled_dip": 45.0, "dip_best": 45, "sr_best": 0.05 }, "geometry": { "type": "LineString", "coordinates": [ [ 1398409.507299999706447, 5018429.024299999698997 ], [ 1407007.945600000210106, 5028485.418399999849498 ], [ 1411770.455199999734759, 5036026.058500000275671 ] ] } },
{ "type": "Feature", "properties": { "name": "Blue Lake", "z_score": null, "sampled_dip": 70.0, "dip_best": 70, "sr_best": 0.07 }, "geometry": { "type": "LineString", "coordinates": [ [ 1341475.4046, 5056209.676 ], [ 1339570.4008, 5045970.280500000342727 ], [ 1350206.6721, 5023189.610000000335276 ], [ 1354731.056200000457466, 5020252.729100000113249 ] ] } },
{ "type": "Feature", "properties": { "name": "Blue Mountain", "z_score": null, "sampled_dip": 45.0, "dip_best": 45, "sr_best": 0.22 }, "geometry": { "type": "LineString", "coordinates": [ [ 1327539.267300000414252, 4921007.614199999719858 ], [ 1320157.377600000239909, 4917911.983099999837577 ], [ 1317337.39879999961704, 4913943.767900000326335 ], [ 1316654.465599999763072, 4911875.174700000323355 ], [ 1312747.0949, 4905979.586900000460446 ], [ 1310736.235999999567866, 4900466.91509999986738 ], [ 1311043.786399999633431, 4898943.083999999798834 ], [ 1309244.6162, 4894365.783200000412762 ], [ 1309403.366499999538064, 4889285.773 ] ] } },
{ "type": "Feature", "properties": { "name": "Boby Stream", "z_score": null, "sampled_dip": 70.0, "dip_best": 70, "sr_best": 0.3 }, "geometry": { "type": "LineString", "coordinates": [ [ 1581566.0647, 5231607.892300000414252 ], [ 1574887.471900000236928, 5232169.030600000172853 ], [ 1570675.296799999661744, 5231608.112800000235438 ], [ 1565404.786299999803305, 5231004.861600000411272 ], [ 1563605.61600000038743, 5230433.360399999655783 ] ] } },
{ "type": "Feature", "properties": { "name": "BooBoo", "z_score": null, "sampled_dip": 50.0, "dip_best": 50, "sr_best": 8.3 }, "geometry": { "type": "LineString", "coordinates": [ [ 1809947.0532, 5382042.0482 ], [ 1794738.280299999751151, 5384198.7802 ], [ 1777930.32050000037998, 5384429.739799999631941 ], [ 1759220.66370000038296, 5384686.830799999646842 ], [ 1741401.645399999804795, 5379861.74129999987781 ], [ 1722329.692099999636412, 5382431.919200000353158 ], [ 1718371.010099999606609, 5381266.9545 ] ] } },
{ "type": "Feature", "properties": { "name": "Braemar", "z_score": null, "sampled_dip": 45.0, "dip_best": 45, "sr_best": 2.0 }, "geometry": { "type": "LineString", "coordinates": [ [ 1930336.4978, 5795842.462600000202656 ], [ 1925951.7856, 5787490.412700000219047 ], [ 1918313.1096, 5781121.399000000208616 ], [ 1915456.373700000345707, 5777719.5 ], [ 1911622.6201, 5775614.874200000427663 ] ] } },
{ "type": "Feature", "properties": { "name": "Brothers", "z_score": null, "sampled_dip": 60.0, "dip_best": 60, "sr_best": 0.07 }, "geometry": { "type": "LineString", "coordinates": [ [ 1419814.046900000423193, 5128729.635099999606609 ], [ 1423941.555200000293553, 5126083.796500000171363 ], [ 1426269.893199999816716, 5122802.956600000150502 ], [ 1429339.065999999642372, 5115817.942599999718368 ], [ 1430820.735600000247359, 5101318.747000000439584 ], [ 1434524.909699999727309, 5094439.566499999724329 ], [ 1440874.922399999573827, 5083009.543700000271201 ] ] } },
{ "type": "Feature", "properties": { "name": "Browning Pass", "z_score": null, "sampled_dip": 60.0, "dip_best": 60, "sr_best": 2.0 }, "geometry": { "type": "LineString", "coordinates": [ [ 1457777.890999999828637, 5237152.542700000107288 ], [ 1461522.628600000403821, 5241484.343399999663234 ], [ 1467244.89159999974072, 5245119.19469999987632 ], [ 1469956.0833, 5248503.808400000445545 ], [ 1475062.209800000302494, 5250631.4561 ], [ 1478272.5335, 5256973.204699999652803 ], [ 1480098.200199999846518, 5258937.0757 ] ] } },
{ "type": "Feature", "properties": { "name": "Calypso 2", "z_score": null, "sampled_dip": 45.0, "dip_best": 45, "sr_best": 2.3 }, "geometry": { "type": "LineString", "coordinates": [ [ 1960520.896499999798834, 5826782.794700000435114 ], [ 1967288.07010000012815, 5832428.727900000289083 ], [ 1970674.48589999973774, 5835995.2198 ] ] } },
{ "type": "Feature", "properties": { "name": "Campbell Bank", "z_score": null, "sampled_dip": 50.0, "dip_best": 50, "sr_best": 3.0 }, "geometry": { "type": "LineString", "coordinates": [ [ 1741437.417100000195205, 5379939.271099999547005 ], [ 1733714.099299999885261, 5371042.542700000107288 ], [ 1730711.443300000391901, 5365086.790500000119209 ] ] } },
{ "type": "Feature", "properties": { "name": "Campbell Hills", "z_score": null, "sampled_dip": 45.0, "dip_best": 45, "sr_best": 0.05 }, "geometry": { "type": "LineString", "coordinates": [ [ 1417824.230700000189245, 5041697.678899999707937 ], [ 1423274.658300000242889, 5047783.107699999585748 ], [ 1423909.659599999897182, 5052968.951399999670684 ], [ 1426079.2472, 5056726.042299999855459 ], [ 1420840.4868, 5067182.396499999798834 ] ] } },
{ "type": "Feature", "properties": { "name": "Cape Egmont Central", "z_score": null, "sampled_dip": 60.0, "dip_best": 60, "sr_best": 0.35 }, "geometry": { "type": "LineString", "coordinates": [ [ 1648574.428100000135601, 5620084.75690000038594 ], [ 1649891.125, 5623741.0 ], [ 1652274.633399999700487, 5627682.28249999973923 ], [ 1653332.875, 5629068.0 ], [ 1655581.931699999608099, 5631230.352099999785423 ] ] } },
{ "type": "Feature", "properties": { "name": "Cape Egmont North", "z_score": null, "sampled_dip": 60.0, "dip_best": 60, "sr_best": 0.17 }, "geometry": { "type": "LineString", "coordinates": [ [ 1664207.0, 5641408.0 ], [ 1662474.25, 5639238.5 ], [ 1659640.75, 5636793.414099999703467 ], [ 1656177.875, 5634009.0 ], [ 1654649.2736, 5632160.364400000311434 ] ] } },
{ "type": "Feature", "properties": { "name": "Cape Egmont South", "z_score": null, "sampled_dip": 60.0, "dip_best": 60, "sr_best": 0.43 }, "geometry": { "type": "LineString", "coordinates": [ [ 1622278.75, 5587766.335900000296533 ], [ 1624838.375, 5589869.9688 ], [ 1627198.75, 5592412.414099999703467 ], [ 1629338.75, 5597570.375 ], [ 1633252.3766, 5605006.122600000351667 ], [ 1636951.25899999961257, 5611434.1875 ], [ 1639374.125, 5613874.5 ], [ 1642396.25, 5617103.0 ], [ 1644429.721900000236928, 5618384.80559999961406 ], [ 1648739.792999999597669, 5620170.7467 ], [ 1652869.625, 5620202.0 ], [ 1657681.082899999804795, 5620330.108099999837577 ] ] } },
{ "type": "Feature", "properties": { "name": "Cape Foulwind 1", "z_score": null, "sampled_dip": 60.0, "dip_best": 60, "sr_best": 0.5 }, "geometry": { "type": "LineString", "coordinates": [ [ 1427527.940999999642372, 5266097.594700000248849 ], [ 1429679.838399999774992, 5274428.300200000405312 ], [ 1435773.824400000274181, 5277748.237599999643862 ], [ 1436695.704, 5279493.427000000141561 ], [ 1436714.567900000140071, 5285125.035799999721348 ], [ 1443649.636599999852479, 5294745.768799999728799 ], [ 1446252.0477, 5302485.5494 ], [ 1453476.084699999541044, 5312421.916600000113249 ], [ 1455394.93790000025183, 5319312.120400000363588 ], [ 1455723.769299999810755, 5323392.017300000414252 ], [ 1454680.74930000025779, 5327258.534900000318885 ], [ 1458504.621799999848008, 5335667.532100000418723 ] ] } },
{ "type": "Feature", "properties": { "name": "Cape Foulwind 2", "z_score": null, "sampled_dip": 60.0, "dip_best": 60, "sr_best": 0.75 }, "geometry": { "type": "LineString", "coordinates": [ [ 1506077.046500000171363, 5417894.10869999974966 ], [ 1500533.977900000289083, 5414024.467000000178814 ], [ 1498911.295099999755621, 5411840.768199999816716 ], [ 1495858.499800000339746, 5409664.548100000247359 ], [ 1493956.998100000433624, 5408862.543800000101328 ], [ 1492787.750300000421703, 5407216.1058 ], [ 1489656.709699999541044, 5405158.7006 ], [ 1486138.276800000108778, 5404221.991100000217557 ], [ 1483179.643500000238419, 5400228.845499999821186 ], [ 1477666.660000000149012, 5396011.014499999582767 ], [ 1476147.5461, 5394672.724100000225008 ], [ 1474716.479899999685585, 5392334.591300000436604 ], [ 1470752.311599999666214, 5382365.920800000429153 ], [ 1468416.085199999623001, 5373623.2072 ], [ 1467509.818099999800324, 5365540.488800000399351 ], [ 1465958.946600000374019, 5358545.904299999587238 ], [ 1464453.197200000286102, 5348928.176900000311434 ], [ 1461023.318699999712408, 5341945.780799999833107 ], [ 1458504.621799999848008, 5335667.532100000418723 ] ] } },
{ "type": "Feature", "properties": { "name": "Cape Foulwind 4", "z_score": null, "sampled_dip": 60.0, "dip_best": 60, "sr_best": 0.25 }, "geometry": { "type": "LineString", "coordinates": [ [ 1491977.485100000165403, 5419163.506400000303984 ], [ 1494324.214999999850988, 5420846.841400000266731 ], [ 1496009.175900000147521, 5422904.062300000339746 ], [ 1497606.158599999733269, 5425552.259100000374019 ], [ 1499865.211799999698997, 5428449.151100000366569 ], [ 1501174.114299999549985, 5429272.66370000038296 ], [ 1505021.0356, 5434720.997000000439584 ], [ 1506190.624099999666214, 5440170.024299999698997 ], [ 1508337.4271, 5444469.5905 ], [ 1511682.191100000403821, 5454301.58559999987483 ], [ 1514720.3788, 5458812.052899999544024 ], [ 1515698.737700000405312, 5461753.618599999696016 ], [ 1516655.052500000223517, 5468171.740500000305474 ], [ 1520607.58600000012666, 5474641.1601 ], [ 1524867.83669999986887, 5480608.043600000441074 ] ] } },
{ "type": "Feature", "properties": { "name": "Cardrona - Hawea", "z_score": null, "sampled_dip": 60.0, "dip_best": 60, "sr_best": 0.05 }, "geometry": { "type": "LineString", "coordinates": [ [ 1294759.895200000144541, 5040195.3437 ], [ 1301043.762000000104308, 5049521.9249 ], [ 1305078.665900000371039, 5058253.1924 ] ] } },
{ "type": "Feature", "properties": { "name": "Carterton", "z_score": null, "sampled_dip": 75.0, "dip_best": 75, "sr_best": 2.4 }, "geometry": { "type": "LineString", "coordinates": [ [ 1862675.234000000171363, 5471988.978500000201166 ], [ 1860923.519299999810755, 5470213.731499999761581 ], [ 1858803.766699999570847, 5468750.682199999690056 ], [ 1843199.456600000150502, 5464632.481499999761581 ], [ 1822637.078200000338256, 5457216.439899999648333 ], [ 1813263.375900000333786, 5458314.57079999987036 ], [ 1811664.381099999882281, 5458098.269500000402331 ], [ 1806839.284199999645352, 5456354.7171 ], [ 1804430.839999999850988, 5455115.4046 ] ] } },
{ "type": "Feature", "properties": { "name": "Caswell 211", "z_score": null, "sampled_dip": 60.0, "dip_best": 60, "sr_best": 0.7 }, "geometry": { "type": "LineString", "coordinates": [ [ 1038274.40639999974519, 4914971.682199999690056 ], [ 1039818.1584, 4922067.335199999623001 ], [ 1040315.795599999837577, 4929739.404799999669194 ], [ 1042044.381299999542534, 4935226.4139 ], [ 1042181.913499999791384, 4939123.7697 ] ] } },
{ "type": "Feature", "properties": { "name": "Caswell High 1", "z_score": null, "sampled_dip": 60.0, "dip_best": 60, "sr_best": 0.7 }, "geometry": { "type": "LineString", "coordinates": [ [ 1010921.877600000239909, 4890462.552899999544024 ], [ 1023177.3914, 4910858.404299999587238 ], [ 1028464.3629, 4922145.600700000301003 ], [ 1034401.787700000219047, 4936898.242999999783933 ], [ 1036447.528099999763072, 4940098.131 ], [ 1043355.188, 4959144.6403 ] ] } },
{ "type": "Feature", "properties": { "name": "Caswell High 10", "z_score": null, "sampled_dip": 60.0, "dip_best": 60, "sr_best": 0.8 }, "geometry": { "type": "LineString", "coordinates": [ [ 1125517.543200000189245, 5054648.257500000298023 ], [ 1120052.260599999688566, 5049682.167899999767542 ], [ 1117547.245500000193715, 5046065.041199999861419 ], [ 1114861.148299999535084, 5044043.340300000272691 ], [ 1112664.347799999639392, 5041573.506099999882281 ], [ 1110759.182799999602139, 5039927.629599999636412 ], [ 1108501.416899999603629, 5035626.623999999836087 ], [ 1108144.78000000026077, 5034437.937699999660254 ], [ 1107329.588499999605119, 5033394.3109 ] ] } },
{ "type": "Feature", "properties": { "name": "Caswell High 3", "z_score": null, "sampled_dip": 60.0, "dip_best": 60, "sr_best": 0.7 }, "geometry": { "type": "LineString", "coordinates": [ [ 1042942.71889999974519, 4943146.744199999608099 ], [ 1048223.839800000190735, 4951303.653699999675155 ], [ 1051635.562199999578297, 4958437.813299999572337 ], [ 1051797.782999999821186, 4966725.012799999676645 ] ] } },
{ "type": "Feature", "properties": { "name": "Caswell High 4", "z_score": null, "sampled_dip": 60.0, "dip_best": 60, "sr_best": 0.7 }, "geometry": { "type": "LineString", "coordinates": [ [ 1041731.0192, 4947804.565399999730289 ], [ 1046835.6573, 4955138.443400000222027 ], [ 1049245.3695, 4964978.1727 ], [ 1058628.877100000157952, 4977741.7654 ], [ 1060712.981100000441074, 4983970.32909999974072 ], [ 1064673.296500000171363, 4991055.577600000426173 ] ] } },
{ "type": "Feature", "properties": { "name": "Caswell High 5", "z_score": null, "sampled_dip": 60.0, "dip_best": 60, "sr_best": 0.5 }, "geometry": { "type": "LineString", "coordinates": [ [ 1085423.914900000207126, 5004929.061300000175834 ], [ 1068494.8558, 4985681.206199999898672 ], [ 1064996.708499999716878, 4982963.650700000114739 ], [ 1062054.0005, 4978750.660799999721348 ], [ 1056844.9178, 4972071.944299999624491 ] ] } },
{ "type": "Feature", "properties": { "name": "Caswell High 67", "z_score": null, "sampled_dip": 60.0, "dip_best": 60, "sr_best": 0.8 }, "geometry": { "type": "LineString", "coordinates": [ [ 1072100.670300000347197, 4996630.4666 ], [ 1075152.8679, 4998312.409599999897182 ], [ 1080911.074099999852479, 5004290.958999999798834 ], [ 1083766.8454, 5010089.666500000283122 ], [ 1087196.2165, 5018780.231800000183284 ], [ 1087083.993200000375509, 5020631.6815 ], [ 1090883.2352, 5026066.941700000315905 ], [ 1100361.0587, 5032091.487099999561906 ] ] } },
{ "type": "Feature", "properties": { "name": "Caswell High 8", "z_score": null, "sampled_dip": 60.0, "dip_best": 60, "sr_best": 0.7 }, "geometry": { "type": "LineString", "coordinates": [ [ 1090822.471, 5044679.9244 ], [ 1099945.463999999687076, 5046109.2867 ], [ 1109080.905600000172853, 5054155.336400000378489 ], [ 1121493.6831, 5061552.46059999987483 ] ] } },
{ "type": "Feature", "properties": { "name": "Caswell High 9", "z_score": null, "sampled_dip": 60.0, "dip_best": 60, "sr_best": 0.8 }, "geometry": { "type": "LineString", "coordinates": [ [ 1101427.862599999643862, 5034501.347299999557436 ], [ 1108621.974100000225008, 5042656.636599999852479 ], [ 1110517.9041, 5046500.638899999670684 ], [ 1114000.8339, 5050659.6009 ] ] } },
{ "type": "Feature", "properties": { "name": "Catherine", "z_score": null, "sampled_dip": 60.0, "dip_best": 60, "sr_best": 0.05 }, "geometry": { "type": "LineString", "coordinates": [ [ 1441912.901200000196695, 5146340.994900000281632 ], [ 1441476.337799999862909, 5143285.051300000399351 ], [ 1442627.277599999681115, 5140348.170400000177324 ], [ 1443294.029, 5138755.3756 ], [ 1444458.197999999858439, 5136850.371799999848008 ], [ 1444966.199, 5134119.86629999987781 ], [ 1446088.034599999897182, 5130987.193400000222027 ], [ 1446318.222500000149012, 5128481.58420000039041 ], [ 1446596.0356, 5127092.518899999558926 ] ] } },
{ "type": "Feature", "properties": { "name": "CenPeg1n2", "z_score": null, "sampled_dip": 55.0, "dip_best": 55, "sr_best": 0.1 }, "geometry": { "type": "LineString", "coordinates": [ [ 1606079.208499999716878, 5193571.217400000430644 ], [ 1597614.449500000104308, 5194977.911899999715388 ], [ 1590551.832700000144541, 5195312.9973 ], [ 1582993.763399999588728, 5195113.096699999645352 ], [ 1577872.784699999727309, 5192692.017400000244379 ] ] } },
{ "type": "Feature", "properties": { "name": "Central Balleny", "z_score": null, "sampled_dip": 70.0, "dip_best": 70, "sr_best": 2.0 }, "geometry": { "type": "LineString", "coordinates": [ [ 1052948.127000000327826, 4821362.006799999624491 ], [ 1051855.263500000350177, 4806877.838399999774992 ], [ 1051370.464999999850988, 4791190.3432 ], [ 1053564.479500000365078, 4755415.63329999987036 ] ] } },
{ "type": "Feature", "properties": { "name": "Central Wedge 1 & 2 & 3", "z_score": null, "sampled_dip": 30.0, "dip_best": 30, "sr_best": 0.4 }, "geometry": { "type": "LineString", "coordinates": [ [ 1097018.1201, 5005882.74210000038147 ], [ 1100159.043399999849498, 5013169.0817 ], [ 1103812.5472999997437, 5028438.4644 ], [ 1107627.5307, 5032323.194899999536574 ] ] } },
{ "type": "Feature", "properties": { "name": "Central Wedge 4 - South Wedge 411", "z_score": null, "sampled_dip": 30.0, "dip_best": 30, "sr_best": 3.0 }, "geometry": { "type": "LineString", "coordinates": [ [ 1097042.2111, 5012106.6086 ], [ 1083070.970300000160933, 4991602.294700000435114 ], [ 1077220.2511, 4979410.241399999707937 ] ] } },
{ "type": "Feature", "properties": { "name": "Chamberlain", "z_score": null, "sampled_dip": 60.0, "dip_best": 60, "sr_best": 0.05 }, "geometry": { "type": "LineString", "coordinates": [ [ 1414471.216799999587238, 5104578.420099999755621 ], [ 1417670.937400000169873, 5101820.270700000226498 ], [ 1418244.240799999795854, 5099646.729799999855459 ], [ 1418885.5537, 5094419.6837 ], [ 1420388.389999999664724, 5091138.8438 ], [ 1420938.724499999545515, 5089085.673000000417233 ], [ 1423034.228699999861419, 5087413.502999999560416 ], [ 1424159.6475, 5084482.610399999655783 ], [ 1425261.475200000219047, 5082287.254200000315905 ], [ 1426839.094100000336766, 5077770.39130000025034 ], [ 1430093.475599999539554, 5070071.000900000333786 ], [ 1431125.352699999697506, 5065387.866499999538064 ] ] } },
{ "type": "Feature", "properties": { "name": "Chancet", "z_score": null, "sampled_dip": 50.0, "dip_best": 50, "sr_best": 3.0 }, "geometry": { "type": "LineString", "coordinates": [ [ 1730711.443300000391901, 5365086.790500000119209 ], [ 1727872.181599999777973, 5363033.434600000269711 ], [ 1722242.137699999846518, 5360979.848299999721348 ], [ 1719418.3936, 5360502.219700000248849 ], [ 1700038.330299999564886, 5353900.705 ], [ 1696808.209099999628961, 5352778.66440000012517 ] ] } },
{ "type": "Feature", "properties": { "name": "Cheeseman", "z_score": null, "sampled_dip": 60.0, "dip_best": 60, "sr_best": 0.2 }, "geometry": { "type": "LineString", "coordinates": [ [ 1489329.5258, 5206256.5696 ], [ 1490883.956000000238419, 5207314.90500000026077 ], [ 1492620.28760000038892, 5209100.846099999733269 ], [ 1493910.133899999782443, 5214111.403 ], [ 1493910.133899999782443, 5214872.081600000150502 ], [ 1493159.637000000104308, 5218197.845599999651313 ], [ 1495043.474100000225008, 5220547.3503 ], [ 1498768.814799999818206, 5223531.856300000101328 ], [ 1499657.816599999554455, 5224484.358199999667704 ], [ 1500038.8174, 5225331.026499999687076 ], [ 1500504.485000000335276, 5227109.0301 ] ] } },
{ "type": "Feature", "properties": { "name": "Clarence Central", "z_score": null, "sampled_dip": 70.0, "dip_best": 70, "sr_best": 3.0 }, "geometry": { "type": "LineString", "coordinates": [ [ 1582661.385700000450015, 5305904.31900000013411 ], [ 1585183.7977, 5307094.11739999987185 ], [ 1590340.419200000353158, 5311072.039099999703467 ], [ 1597445.877299999818206, 5314479.972400000318885 ], [ 1602240.1639, 5317907.694500000216067 ], [ 1603845.644899999722838, 5319939.792899999767542 ], [ 1612204.324199999682605, 5324217.20920000039041 ], [ 1618556.329699999652803, 5325897.2467 ], [ 1625841.785299999639392, 5329238.057 ], [ 1632369.557300000451505, 5329480.406600000336766 ] ] } },
{ "type": "Feature", "properties": { "name": "Clarence Northeast", "z_score": null, "sampled_dip": 60.0, "dip_best": 60, "sr_best": 4.32 }, "geometry": { "type": "LineString", "coordinates": [ [ 1682365.381400000303984, 5364869.097400000318885 ], [ 1675503.844399999827147, 5362562.865399999544024 ], [ 1667061.467299999669194, 5356823.91579999960959 ], [ 1655574.013399999588728, 5344491.0669 ], [ 1632452.759700000286102, 5329524.996600000187755 ] ] } },
{ "type": "Feature", "properties": { "name": "Clarence Southwest", "z_score": null, "sampled_dip": 70.0, "dip_best": 70, "sr_best": 4.2 }, "geometry": { "type": "LineString", "coordinates": [ [ 1582661.385700000450015, 5305904.31900000013411 ], [ 1571614.278300000354648, 5302987.8158 ], [ 1545682.8032, 5289157.186300000175834 ], [ 1527399.848399999551475, 5282218.068400000222027 ], [ 1519359.467400000430644, 5280893.574199999682605 ], [ 1506490.685200000181794, 5280607.752999999560416 ] ] } },
{ "type": "Feature", "properties": { "name": "Clear Hills - Waikopiro", "z_score": null, "sampled_dip": 75.0, "dip_best": 75, "sr_best": 0.2 }, "geometry": { "type": "LineString", "coordinates": [ [ 1873273.50899999961257, 5540111.54619999974966 ], [ 1876579.484299999661744, 5543230.990000000223517 ], [ 1879114.9386, 5549640.176900000311434 ], [ 1882992.0844, 5553563.955500000156462 ], [ 1885543.112300000153482, 5557604.200500000268221 ] ] } },
{ "type": "Feature", "properties": { "name": "Clifton", "z_score": null, "sampled_dip": 70.0, "dip_best": 70, "sr_best": 0.09 }, "geometry": { "type": "LineString", "coordinates": [ [ 1328165.669599999673665, 4881611.077100000344217 ], [ 1338749.0241, 4877311.5894 ] ] } },
{ "type": "Feature", "properties": { "name": "Cloudy 1", "z_score": null, "sampled_dip": 70.0, "dip_best": 70, "sr_best": 1.5 }, "geometry": { "type": "LineString", "coordinates": [ [ 1706862.440399999730289, 5408086.682099999859929 ], [ 1699101.357099999673665, 5400805.7972 ] ] } },
{ "type": "Feature", "properties": { "name": "Cloudy 2", "z_score": null, "sampled_dip": 70.0, "dip_best": 70, "sr_best": 1.5 }, "geometry": { "type": "LineString", "coordinates": [ [ 1710725.598399999551475, 5408701.618800000287592 ], [ 1706862.440399999730289, 5408086.682099999859929 ] ] } },
{ "type": "Feature", "properties": { "name": "Cloudy 3", "z_score": null, "sampled_dip": 70.0, "dip_best": 70, "sr_best": 1.5 }, "geometry": { "type": "LineString", "coordinates": [ [ 1720160.902900000102818, 5406136.413599999621511 ], [ 1710725.598399999551475, 5408701.618800000287592 ] ] } },
{ "type": "Feature", "properties": { "name": "Cluden", "z_score": null, "sampled_dip": 60.0, "dip_best": 60, "sr_best": 0.1 }, "geometry": { "type": "LineString", "coordinates": [ [ 1312115.69510000012815, 5029603.643699999898672 ], [ 1318463.062, 5033630.610100000165403 ], [ 1323424.009399999864399, 5032307.690700000151992 ], [ 1326995.89159999974072, 5033233.734299999661744 ], [ 1329972.46, 5034953.529400000348687 ], [ 1333015.1744, 5036078.010800000280142 ], [ 1335330.283200000412762, 5037731.659900000318885 ] ] } },
{ "type": "Feature", "properties": { "name": "Conway Trough East", "z_score": null, "sampled_dip": 55.0, "dip_best": 55, "sr_best": 2.0 }, "geometry": { "type": "LineString", "coordinates": [ [ 1647679.6381, 5262151.348500000312924 ], [ 1650487.401999999769032, 5265840.450400000438094 ], [ 1654710.239500000141561, 5282465.738800000399351 ] ] } },
{ "type": "Feature", "properties": { "name": "Conway Trough West", "z_score": null, "sampled_dip": 55.0, "dip_best": 55, "sr_best": 0.25 }, "geometry": { "type": "LineString", "coordinates": [ [ 1642298.9446, 5264962.657800000160933 ], [ 1647877.501299999654293, 5290844.655399999581277 ] ] } },
{ "type": "Feature", "properties": { "name": "Cross Eden", "z_score": null, "sampled_dip": 60.0, "dip_best": 60, "sr_best": 0.05 }, "geometry": { "type": "LineString", "coordinates": [ [ 1363740.9084, 4997206.81319999974221 ], [ 1367233.415400000289083, 4999667.443099999800324 ], [ 1368582.793100000359118, 5001969.322700000368059 ], [ 1370170.29619999974966, 5007763.709300000220537 ], [ 1372472.175800000317395, 5013240.595300000160933 ] ] } },
{ "type": "Feature", "properties": { "name": "Dalgety", "z_score": null, "sampled_dip": 60.0, "dip_best": 60, "sr_best": 0.26 }, "geometry": { "type": "LineString", "coordinates": [ [ 1413183.516200000420213, 5082858.1025 ], [ 1410836.762699999846518, 5097725.232800000347197 ], [ 1412612.7736, 5115163.3256 ] ] } },
{ "type": "Feature", "properties": { "name": "Darran", "z_score": null, "sampled_dip": 75.0, "dip_best": 75, "sr_best": 1.0 }, "geometry": { "type": "LineString", "coordinates": [ [ 1205895.264700000174344, 5066716.723500000312924 ], [ 1207278.173600000329316, 5059947.204199999570847 ], [ 1209055.257799999788404, 5054426.783200000412762 ], [ 1210964.5, 5048052.07660000026226 ], [ 1212600.9523, 5040432.17090000025928 ], [ 1214709.853799999691546, 5031436.063699999824166 ] ] } },
{ "type": "Feature", "properties": { "name": "Dingle", "z_score": null, "sampled_dip": 60.0, "dip_best": 60, "sr_best": 0.05 }, "geometry": { "type": "LineString", "coordinates": [ [ 1331013.61699999962002, 5104184.840599999763072 ], [ 1330186.792500000447035, 5101605.148 ], [ 1327658.85010000038892, 5097035.495000000111759 ], [ 1326683.708499999716878, 5094485.665900000371039 ], [ 1325424.282999999821186, 5092377.785799999721348 ], [ 1323461.776600000448525, 5085135.966400000266731 ], [ 1322107.301300000399351, 5081874.092199999839067 ], [ 1320317.814399999566376, 5076840.098500000312924 ], [ 1319166.87459999974817, 5072196.651700000278652 ], [ 1318492.1858, 5071006.024299999698997 ], [ 1314959.9912, 5067910.3931 ] ] } },
{ "type": "Feature", "properties": { "name": "Doctors", "z_score": null, "sampled_dip": 55.0, "dip_best": 55, "sr_best": 0.38 }, "geometry": { "type": "LineString", "coordinates": [ [ 1569086.918399999849498, 5255957.896499999798834 ], [ 1569811.752500000409782, 5245966.744800000451505 ], [ 1569144.327200000174344, 5243187.532100000418723 ], [ 1568066.387900000438094, 5241146.672899999655783 ], [ 1566582.458800000138581, 5238918.5767 ], [ 1565372.97580000013113, 5236321.362499999813735 ], [ 1564852.64809999987483, 5235501.259999999776483 ], [ 1564111.813299999572337, 5233225.8388 ], [ 1563226.231100000441074, 5229512.7357 ], [ 1563847.052799999713898, 5224229.8125 ] ] } },
{ "type": "Feature", "properties": { "name": "Double Hill", "z_score": null, "sampled_dip": 70.0, "dip_best": 70, "sr_best": 0.7 }, "geometry": { "type": "LineString", "coordinates": [ [ 1485316.965599999763072, 5199380.5066 ], [ 1481136.540500000119209, 5198480.921400000341237 ], [ 1477644.033599999733269, 5199115.9227 ], [ 1473357.775000000372529, 5200544.675599999725819 ], [ 1467907.347400000318885, 5202555.512900000438094 ], [ 1461874.83530000038445, 5203931.349000000394881 ], [ 1456371.49100000038743, 5204566.3503 ], [ 1444177.381699999794364, 5204916.892099999822676 ] ] } },
{ "type": "Feature", "properties": { "name": "Dreyers Rock", "z_score": null, "sampled_dip": 70.0, "dip_best": 70, "sr_best": 5.0 }, "geometry": { "type": "LineString", "coordinates": [ [ 1828776.648, 5483688.60149999987334 ], [ 1831444.126899999566376, 5484387.5773 ], [ 1835644.3958, 5485600.2533 ] ] } },
{ "type": "Feature", "properties": { "name": "Dromedary", "z_score": null, "sampled_dip": 60.0, "dip_best": 60, "sr_best": 0.5 }, "geometry": { "type": "LineString", "coordinates": [ [ 1332732.6184, 5085654.2582 ], [ 1333579.286799999885261, 5082267.584699999541044 ], [ 1333790.9539, 5078034.2429 ], [ 1337071.793700000271201, 5072636.732099999673665 ], [ 1335272.623499999754131, 5053375.0269 ], [ 1334933.4074, 5047455.116899999789894 ] ] } },
{ "type": "Feature", "properties": { "name": "Drury", "z_score": null, "sampled_dip": 65.0, "dip_best": 65, "sr_best": 0.01 }, "geometry": { "type": "LineString", "coordinates": [ [ 1778631.921500000171363, 5878231.334499999880791 ], [ 1776745.784699999727309, 5884037.7456 ], [ 1776494.8701, 5886734.214700000360608 ], [ 1775582.1612, 5895581.376299999654293 ], [ 1774040.885200000368059, 5899905.171 ] ] } },
{ "type": "Feature", "properties": { "name": "Dry River - Huangarua 1", "z_score": null, "sampled_dip": 65.0, "dip_best": 65, "sr_best": 0.7 }, "geometry": { "type": "LineString", "coordinates": [ [ 1806814.699900000356138, 5429717.695899999700487 ], [ 1798885.6667, 5423226.102400000207126 ], [ 1795290.236999999731779, 5418280.279 ], [ 1785633.1574, 5408677.48450000025332 ], [ 1773947.703499999828637, 5396515.7017 ] ] } },
{ "type": "Feature", "properties": { "name": "Dry River - Huangarua 2", "z_score": null, "sampled_dip": 65.0, "dip_best": 65, "sr_best": 0.7 }, "geometry": { "type": "LineString", "coordinates": [ [ 1806896.720499999821186, 5429788.682799999602139 ], [ 1815016.599299999885261, 5433832.9002 ] ] } },
{ "type": "Feature", "properties": { "name": "Dry River - Huangarua 3", "z_score": null, "sampled_dip": 65.0, "dip_best": 65, "sr_best": 0.7 }, "geometry": { "type": "LineString", "coordinates": [ [ 1815016.599299999885261, 5433832.9002 ], [ 1818150.023, 5440407.403900000266731 ] ] } },
{ "type": "Feature", "properties": { "name": "Dryburgh", "z_score": null, "sampled_dip": 60.0, "dip_best": 60, "sr_best": 0.05 }, "geometry": { "type": "LineString", "coordinates": [ [ 1387481.035799999721348, 5060633.724700000137091 ], [ 1398725.192499999888241, 5045569.142099999822676 ] ] } },
{ "type": "Feature", "properties": { "name": "Dunback Hill", "z_score": null, "sampled_dip": 45.0, "dip_best": 45, "sr_best": 0.05 }, "geometry": { "type": "LineString", "coordinates": [ [ 1412442.66330000013113, 4972207.017199999652803 ], [ 1405275.825000000186265, 4964597.780500000342727 ], [ 1402904.053899999707937, 4961187.714200000278652 ], [ 1403115.673999999649823, 4958599.583399999886751 ], [ 1398168.5746, 4954364.615600000135601 ], [ 1397329.604399999603629, 4952113.280899999663234 ], [ 1390324.114799999631941, 4947433.691700000315905 ], [ 1388195.909799999557436, 4944952.0778 ] ] } },
{ "type": "Feature", "properties": { "name": "Dunstan", "z_score": null, "sampled_dip": 45.0, "dip_best": 45, "sr_best": 0.5 }, "geometry": { "type": "LineString", "coordinates": [ [ 1306777.1645, 4984048.917100000195205 ], [ 1309423.003100000321865, 4986694.755800000391901 ], [ 1312416.463600000366569, 4991089.790400000289083 ], [ 1313671.86089999973774, 4994675.331000000238419 ], [ 1322539.034900000318885, 5002671.044499999843538 ], [ 1339750.324400000274181, 5019532.887699999846518 ], [ 1345723.909, 5029896.0088 ] ] } },
{ "type": "Feature", "properties": { "name": "EarthquakeFlat - Tumunui", "z_score": null, "sampled_dip": 45.0, "dip_best": 45, "sr_best": 2.3 }, "geometry": { "type": "LineString", "coordinates": [ [ 1903264.786600000225008, 5765081.82660000026226 ], [ 1895421.971800000406802, 5761792.097199999727309 ], [ 1892820.208599999547005, 5760128.4698 ], [ 1889680.581000000238419, 5759465.520600000396371 ], [ 1885114.986999999731779, 5757601.757500000298023 ] ] } },
{ "type": "Feature", "properties": { "name": "Edgecumbe 1987", "z_score": null, "sampled_dip": 45.0, "dip_best": 45, "sr_best": 2.6 }, "geometry": { "type": "LineString", "coordinates": [ [ 1924888.624699999578297, 5780276.983199999667704 ], [ 1926285.210199999623001, 5781331.555800000205636 ], [ 1928101.1256, 5781877.918600000441074 ], [ 1930927.12540000025183, 5783844.7741 ], [ 1933510.964800000190735, 5785472.423999999649823 ], [ 1935798.707600000314415, 5787061.863199999555945 ], [ 1937510.295099999755621, 5788477.350599999539554 ], [ 1937860.5466, 5789915.786999999545515 ], [ 1940595.41399999987334, 5791243.486499999649823 ] ] } },
{ "type": "Feature", "properties": { "name": "Edgecumbe Coastal", "z_score": null, "sampled_dip": 45.0, "dip_best": 45, "sr_best": 3.2 }, "geometry": { "type": "LineString", "coordinates": [ [ 1946241.494800000451505, 5795911.2083 ], [ 1940595.41399999987334, 5791243.486499999649823 ] ] } },
{ "type": "Feature", "properties": { "name": "Edith", "z_score": null, "sampled_dip": 60.0, "dip_best": 60, "sr_best": 0.05 }, "geometry": { "type": "LineString", "coordinates": [ [ 1453404.9359, 5130958.7506 ], [ 1452313.527499999850988, 5132843.9106 ], [ 1451288.264999999664724, 5133571.51630000025034 ], [ 1449700.761800000444055, 5134993.654500000178814 ], [ 1447517.945000000298023, 5137573.347199999727309 ], [ 1445698.9309, 5141145.229299999773502 ], [ 1444243.719700000248849, 5144981.695299999788404 ], [ 1444409.084599999710917, 5147263.731200000271201 ] ] } },
{ "type": "Feature", "properties": { "name": "Elliott", "z_score": null, "sampled_dip": 60.0, "dip_best": 60, "sr_best": 1.0 }, "geometry": { "type": "LineString", "coordinates": [ [ 1632369.557300000451505, 5329480.406600000336766 ], [ 1630225.070000000298023, 5328176.785299999639392 ], [ 1626628.480700000189245, 5324399.1053 ], [ 1619653.26630000025034, 5316768.350999999791384 ], [ 1617331.239199999719858, 5314992.489900000393391 ], [ 1614111.318099999800324, 5312080.592400000430644 ], [ 1608371.75069999974221, 5307621.872700000181794 ], [ 1590481.534199999645352, 5304991.566499999724329 ], [ 1584170.852300000376999, 5305086.6842 ], [ 1580466.68099999986589, 5305319.4008 ] ] } },
{ "type": "Feature", "properties": { "name": "Esk North", "z_score": null, "sampled_dip": 55.0, "dip_best": 55, "sr_best": 0.55 }, "geometry": { "type": "LineString", "coordinates": [ [ 1541134.293700000271201, 5244737.500900000333786 ], [ 1543475.86089999973774, 5247158.443300000391901 ], [ 1546184.959099999628961, 5249432.661899999715388 ], [ 1547970.900100000202656, 5251615.478699999861419 ], [ 1551400.347199999727309, 5253449.6343 ], [ 1553683.568900000303984, 5257588.597199999727309 ], [ 1555833.312800000421703, 5264864.653400000184774 ], [ 1558892.563699999824166, 5266518.3026 ], [ 1561408.415500000119209, 5269068.713999999687076 ], [ 1563011.7122, 5271474.577100000344217 ], [ 1563359.7215, 5273285.519299999810755 ], [ 1562995.918700000271201, 5276080.186300000175834 ], [ 1562466.750900000333786, 5281338.7906 ] ] } },
{ "type": "Feature", "properties": { "name": "Esk South", "z_score": null, "sampled_dip": 45.0, "dip_best": 45, "sr_best": 0.15 }, "geometry": { "type": "LineString", "coordinates": [ [ 1537896.69649999961257, 5246090.816200000233948 ], [ 1530058.399600000120699, 5245429.356499999761581 ], [ 1528570.115299999713898, 5244569.458999999798834 ], [ 1526288.0795, 5242221.277200000360608 ], [ 1525262.817099999636412, 5238417.884200000204146 ], [ 1521155.209300000220537, 5234050.346199999563396 ], [ 1515320.640100000426173, 5228269.24100000038743 ], [ 1510192.418800000101328, 5223062.483300000429153 ], [ 1509543.206399999558926, 5221315.928000000305474 ], [ 1509225.387799999676645, 5219738.05489999987185 ], [ 1509552.7199, 5218135.899299999698997 ] ] } },
{ "type": "Feature", "properties": { "name": "Falstone", "z_score": null, "sampled_dip": 60.0, "dip_best": 60, "sr_best": 0.05 }, "geometry": { "type": "LineString", "coordinates": [ [ 1372813.516099999658763, 5092586.942599999718368 ], [ 1373977.685100000351667, 5088565.267900000326335 ], [ 1373907.805700000375509, 5085412.2188 ], [ 1373772.867999999783933, 5080567.68819999974221 ], [ 1375378.892, 5071873.462500000372529 ], [ 1374055.972699999809265, 5066220.187300000339746 ] ] } },
{ "type": "Feature", "properties": { "name": "Farewell", "z_score": null, "sampled_dip": 60.0, "dip_best": 60, "sr_best": 0.1 }, "geometry": { "type": "LineString", "coordinates": [ [ 1532474.48340000025928, 5503118.866499999538064 ], [ 1538939.985399999655783, 5505735.603699999861419 ], [ 1546476.253499999642372, 5511256.3564 ], [ 1551447.060200000181794, 5514545.715800000354648 ], [ 1555849.122600000351667, 5518214.101099999621511 ], [ 1561626.8295, 5521057.099700000137091 ], [ 1567863.084599999710917, 5526192.839200000278652 ], [ 1571898.308400000445545, 5530044.643799999728799 ], [ 1575566.693799999542534, 5537106.2856 ], [ 1579235.07909999974072, 5545451.862300000153482 ] ] } },
{ "type": "Feature", "properties": { "name": "Fern Gully", "z_score": null, "sampled_dip": 75.0, "dip_best": 75, "sr_best": 0.55 }, "geometry": { "type": "LineString", "coordinates": [ [ 1361729.750900000333786, 5068587.779900000430644 ], [ 1363500.164200000464916, 5066823.088999999687076 ], [ 1365153.813299999572337, 5064706.418100000359118 ], [ 1367336.630199999548495, 5060406.93030000012368 ], [ 1368328.81969999987632, 5060010.05449999962002 ], [ 1369387.1551, 5059844.689600000157952 ], [ 1373455.132000000216067, 5058554.843299999833107 ], [ 1374281.956600000150502, 5057860.310600000433624 ], [ 1376622.086900000460446, 5057289.042399999685585 ], [ 1378779.88219999987632, 5057231.923999999649823 ], [ 1379772.071700000204146, 5056901.1941 ], [ 1381624.158699999563396, 5055975.150600000284612 ], [ 1383476.245799999684095, 5055313.690899999812245 ], [ 1386066.757299999706447, 5053110.53899999987334 ], [ 1388749.0027, 5051534.7199 ], [ 1389925.477400000207126, 5050319.6705 ] ] } },
{ "type": "Feature", "properties": { "name": "Fidget", "z_score": null, "sampled_dip": 90.0, "dip_best": 90, "sr_best": 2.0 }, "geometry": { "type": "LineString", "coordinates": [ [ 1667518.067099999636412, 5339043.904799999669194 ], [ 1662007.965800000354648, 5337927.097900000400841 ], [ 1649577.696000000461936, 5333950.1979 ], [ 1642712.70409999974072, 5332884.735399999655783 ], [ 1635348.689500000327826, 5330704.784699999727309 ] ] } },
{ "type": "Feature", "properties": { "name": "Fisherman 1", "z_score": null, "sampled_dip": 75.0, "dip_best": 75, "sr_best": 1.0 }, "geometry": { "type": "LineString", "coordinates": [ [ 1742008.307199999690056, 5461778.388299999758601 ], [ 1734782.7791, 5446993.44579999987036 ] ] } },
{ "type": "Feature", "properties": { "name": "Fisherman 2", "z_score": null, "sampled_dip": 75.0, "dip_best": 75, "sr_best": 1.0 }, "geometry": { "type": "LineString", "coordinates": [ [ 1742008.307199999690056, 5461778.388299999758601 ], [ 1748070.704199999570847, 5472636.03249999973923 ], [ 1760583.495000000111759, 5488007.8766 ] ] } },
{ "type": "Feature", "properties": { "name": "Fisherman 3", "z_score": null, "sampled_dip": 75.0, "dip_best": 75, "sr_best": 0.35 }, "geometry": { "type": "LineString", "coordinates": [ [ 1774310.246500000357628, 5515499.396099999547005 ], [ 1772726.9353, 5510833.0378 ], [ 1767533.608300000429153, 5503373.24349999986589 ], [ 1766832.977900000289083, 5500124.483900000341237 ], [ 1765756.062199999578297, 5497052.20990000013262 ], [ 1763494.212299999780953, 5489952.0756 ], [ 1762037.451100000180304, 5488040.880900000222027 ] ] } },
{ "type": "Feature", "properties": { "name": "Five Fingers", "z_score": null, "sampled_dip": 80.0, "dip_best": 80, "sr_best": 0.3 }, "geometry": { "type": "LineString", "coordinates": [ [ 1097983.677199999801815, 4931513.468100000172853 ], [ 1097619.8744, 4921889.230100000277162 ], [ 1087947.056200000457466, 4909400.862499999813735 ], [ 1075398.3706, 4896064.833599999547005 ] ] } },
{ "type": "Feature", "properties": { "name": "Flat Stream - Glenpark", "z_score": null, "sampled_dip": 45.0, "dip_best": 45, "sr_best": 0.05 }, "geometry": { "type": "LineString", "coordinates": [ [ 1418005.910699999891222, 4966461.844600000418723 ], [ 1414057.68680000025779, 4963195.881699999794364 ], [ 1404750.062300000339746, 4952163.792299999855459 ], [ 1398513.451299999840558, 4947703.031600000336766 ], [ 1395216.37569999974221, 4941108.251899999566376 ], [ 1384670.667399999685585, 4937786.996299999766052 ] ] } },
{ "type": "Feature", "properties": { "name": "Flaxmore - Waimea - Tahunanui", "z_score": null, "sampled_dip": 65.0, "dip_best": 65, "sr_best": 0.21 }, "geometry": { "type": "LineString", "coordinates": [ [ 1566348.518400000408292, 5355627.285799999721348 ], [ 1571338.280399999581277, 5361047.7319 ], [ 1575704.2582, 5366778.568799999542534 ], [ 1579057.391699999570847, 5370131.7023 ], [ 1583408.2368, 5373487.393299999646842 ], [ 1590071.601099999621511, 5386602.4698 ], [ 1594577.98369999974966, 5401659.322200000286102 ], [ 1602698.080500000156462, 5411556.0707 ], [ 1608526.86089999973774, 5416346.792999999597669 ], [ 1616265.3602, 5422139.5784 ], [ 1619845.251199999824166, 5426051.6513 ], [ 1621181.8048, 5430761.222500000149012 ], [ 1634342.8733, 5445992.480100000277162 ] ] } },
{ "type": "Feature", "properties": { "name": "Fowlers", "z_score": null, "sampled_dip": 90.0, "dip_best": 90, "sr_best": 0.5 }, "geometry": { "type": "LineString", "coordinates": [ [ 1527558.1305, 5304164.602 ], [ 1537706.839800000190735, 5304999.8361 ], [ 1544795.4956, 5308030.34499999973923 ], [ 1572026.066599999554455, 5315020.227900000289083 ], [ 1580515.734199999831617, 5315781.3065 ], [ 1586746.623800000175834, 5319716.131799999624491 ], [ 1601705.6458, 5325018.354899999685585 ], [ 1605969.3092, 5329470.279500000178814 ] ] } },
{ "type": "Feature", "properties": { "name": "Fox Peak", "z_score": null, "sampled_dip": 45.0, "dip_best": 45, "sr_best": 0.9 }, "geometry": { "type": "LineString", "coordinates": [ [ 1413519.638899999670684, 5118642.2006 ], [ 1414724.652200000360608, 5123307.800099999643862 ], [ 1425774.964700000360608, 5140280.530600000172853 ], [ 1426126.735100000165403, 5147328.869300000369549 ], [ 1427323.424700000323355, 5152917.1108 ], [ 1426556.316800000146031, 5156601.908900000154972 ], [ 1431307.925699999555945, 5170615.628700000233948 ] ] } },
{ "type": "Feature", "properties": { "name": "Gable End North", "z_score": null, "sampled_dip": 30.0, "dip_best": 30, "sr_best": 6.0 }, "geometry": { "type": "LineString", "coordinates": [ [ 2073584.5499, 5707947.9704 ], [ 2073532.4199, 5716415.833599999547005 ], [ 2072858.633600000292063, 5719415.273900000378489 ], [ 2072870.786600000225008, 5728684.411899999715388 ], [ 2073927.915, 5732219.775399999693036 ], [ 2075923.33559999987483, 5736335.330400000326335 ] ] } },
{ "type": "Feature", "properties": { "name": "Gable End South", "z_score": null, "sampled_dip": 30.0, "dip_best": 30, "sr_best": 3.8 }, "geometry": { "type": "LineString", "coordinates": [ [ 2059767.132500000298023, 5709833.8481 ], [ 2055672.5152000002563, 5709516.9869 ], [ 2049282.861499999649823, 5706196.0718 ], [ 2041729.931599999777973, 5699983.494599999859929 ] ] } },
{ "type": "Feature", "properties": { "name": "Galloway", "z_score": null, "sampled_dip": 45.0, "dip_best": 45, "sr_best": 0.1 }, "geometry": { "type": "LineString", "coordinates": [ [ 1327097.2051, 4989996.762400000356138 ], [ 1326303.453499999828637, 4989150.093999999575317 ], [ 1324874.7007, 4988197.5921 ], [ 1322652.19620000012219, 4987086.3399 ], [ 1321329.2769, 4986133.838000000454485 ], [ 1319371.356300000101328, 4984334.667700000107288 ], [ 1317254.685399999842048, 4983170.498700000345707 ], [ 1316037.599700000137091, 4982641.331000000238419 ], [ 1313815.095200000330806, 4982694.2478 ], [ 1310481.338600000366569, 4982059.246500000357628 ], [ 1308523.417999999597669, 4980895.077499999664724 ], [ 1307412.16579999960959, 4979466.3246 ] ] } },
{ "type": "Feature", "properties": { "name": "Garibaldi", "z_score": null, "sampled_dip": 45.0, "dip_best": 45, "sr_best": 0.05 }, "geometry": { "type": "LineString", "coordinates": [ [ 1365477.240000000223517, 5015989.621600000187755 ], [ 1360185.562699999660254, 5009375.025000000372529 ], [ 1355489.199199999682605, 4999717.714100000448525 ], [ 1353306.382299999706447, 4995550.518199999816716 ], [ 1349073.040500000119209, 4989795.819199999794364 ], [ 1347419.3914, 4988737.483799999579787 ] ] } },
{ "type": "Feature", "properties": { "name": "Garvie", "z_score": null, "sampled_dip": 45.0, "dip_best": 45, "sr_best": 0.05 }, "geometry": { "type": "LineString", "coordinates": [ [ 1289059.932, 4979592.96129999961704 ], [ 1283503.67090000025928, 4972025.862800000235438 ], [ 1278463.348299999721348, 4959627.463000000454485 ], [ 1276598.032100000418723, 4956015.893299999646842 ], [ 1274391.779900000430644, 4952522.6606 ], [ 1271379.147599999792874, 4944658.75870000012219 ], [ 1267817.014399999752641, 4940707.555100000463426 ], [ 1264562.63289999961853, 4935336.5027 ], [ 1263742.423000000417233, 4930150.659 ] ] } },
{ "type": "Feature", "properties": { "name": "Gibson", "z_score": null, "sampled_dip": 45.0, "dip_best": 45, "sr_best": 0.05 }, "geometry": { "type": "LineString", "coordinates": [ [ 1384925.0778, 5083147.380900000222027 ], [ 1388814.46059999987483, 5077868.932799999602139 ], [ 1388716.560200000181794, 5076529.0197 ], [ 1388973.210900000296533, 5072630.172399999573827 ], [ 1388338.209599999710917, 5070645.793399999849498 ], [ 1386591.9561, 5068423.28899999987334 ], [ 1385044.14049999974668, 5066200.7845 ], [ 1384925.0778, 5063065.465699999593198 ], [ 1382067.572100000455976, 5057072.641200000420213 ] ] } },
{ "type": "Feature", "properties": { "name": "Gimmerburn", "z_score": null, "sampled_dip": 45.0, "dip_best": 45, "sr_best": 0.4 }, "geometry": { "type": "LineString", "coordinates": [ [ 1370011.54590000025928, 5013319.9704 ], [ 1365804.662499999627471, 5007446.208700000308454 ], [ 1359375.274600000120699, 4994746.183299999684095 ], [ 1358343.397599999792874, 4987364.293499999679625 ], [ 1353819.013500000350177, 4973076.764899999834597 ] ] } },
{ "type": "Feature", "properties": { "name": "Glenbrook", "z_score": null, "sampled_dip": 65.0, "dip_best": 65, "sr_best": 0.04 }, "geometry": { "type": "LineString", "coordinates": [ [ 1749687.623200000263751, 5885370.929399999789894 ], [ 1752701.017, 5886152.4238 ], [ 1755148.417700000107288, 5887409.197200000286102 ], [ 1757860.402300000190735, 5888335.2407 ], [ 1761513.108900000341237, 5889209.4221 ] ] } },
{ "type": "Feature", "properties": { "name": "Goodger", "z_score": null, "sampled_dip": 60.0, "dip_best": 60, "sr_best": 0.05 }, "geometry": { "type": "LineString", "coordinates": [ [ 1311782.319500000216067, 5037136.346199999563396 ], [ 1319918.273199999704957, 5042626.461400000378489 ], [ 1324746.9287, 5044081.672600000165403 ], [ 1330435.481800000183284, 5045140.008100000210106 ] ] } },
{ "type": "Feature", "properties": { "name": "Grampian", "z_score": null, "sampled_dip": 45.0, "dip_best": 45, "sr_best": 0.05 }, "geometry": { "type": "LineString", "coordinates": [ [ 1397837.652200000360608, 5078492.4688 ], [ 1405973.605999999679625, 5082791.956600000150502 ], [ 1406965.7955, 5084710.189600000157952 ], [ 1407098.08739999961108, 5087752.904 ], [ 1404814.642199999652803, 5094857.86849999986589 ], [ 1401798.386199999600649, 5099302.877399999648333 ], [ 1398411.7127, 5101313.714800000190735 ] ] } },
{ "type": "Feature", "properties": { "name": "Grandview", "z_score": null, "sampled_dip": 60.0, "dip_best": 60, "sr_best": 0.1 }, "geometry": { "type": "LineString", "coordinates": [ [ 1311253.151700000278652, 5029860.29 ], [ 1310988.567900000140071, 5034424.361600000411272 ], [ 1310260.9622, 5037599.367999999783933 ], [ 1306728.426300000399351, 5046678.565100000239909 ], [ 1306027.620400000363588, 5058501.49309999961406 ] ] } },
{ "type": "Feature", "properties": { "name": "Green Island", "z_score": null, "sampled_dip": 45.0, "dip_best": 45, "sr_best": 1.2 }, "geometry": { "type": "LineString", "coordinates": [ [ 1388916.2834, 4902391.2017 ], [ 1389590.972199999727309, 4903343.703599999658763 ], [ 1390375.086799999698997, 4903686.42960000038147 ], [ 1392937.957100000232458, 4904329.174200000241399 ], [ 1394591.607200000435114, 4905209.019799999892712 ], [ 1396638.777300000190735, 4905749.934999999590218 ], [ 1398322.239699999801815, 4906359.959599999710917 ], [ 1398914.5855, 4907307.473399999551475 ], [ 1399289.982900000177324, 4907690.424800000153482 ], [ 1399800.594499999657273, 4907892.371399999596179 ], [ 1400569.561300000175834, 4908102.62459999974817 ], [ 1401417.870900000445545, 4908264.963399999774992 ], [ 1401973.497000000439584, 4909257.152900000102818 ], [ 1402324.4907, 4909827.306400000117719 ], [ 1403203.812, 4910963.7188 ] ] } },
{ "type": "Feature", "properties": { "name": "Greendale", "z_score": null, "sampled_dip": 85.0, "dip_best": 85, "sr_best": 0.2 }, "geometry": { "type": "LineString", "coordinates": [ [ 1521622.9819, 5174739.787200000137091 ], [ 1522907.9359, 5173424.510700000450015 ], [ 1525217.913499999791384, 5172392.556099999696016 ], [ 1536546.052299999631941, 5172565.740799999795854 ], [ 1541791.887000000104308, 5173707.706799999810755 ], [ 1546622.4342, 5174548.545599999837577 ], [ 1549577.450899999588728, 5175079.074400000274181 ] ] } },
{ "type": "Feature", "properties": { "name": "Hanmer", "z_score": null, "sampled_dip": 60.0, "dip_best": 60, "sr_best": 2.3 }, "geometry": { "type": "LineString", "coordinates": [ [ 1597171.965599999763072, 5290217.945000000298023 ], [ 1593443.084699999541044, 5291340.415300000458956 ], [ 1590422.509399999864399, 5290663.471199999563396 ], [ 1581521.7336, 5292791.441599999554455 ], [ 1578346.35149999987334, 5292939.308799999766052 ] ] } },
{ "type": "Feature", "properties": { "name": "Hariki", "z_score": null, "sampled_dip": 50.0, "dip_best": 50, "sr_best": 0.05 }, "geometry": { "type": "LineString", "coordinates": [ [ 2020953.538200000301003, 5809494.748800000175834 ], [ 2012941.161399999633431, 5810090.235399999655783 ], [ 1997343.754200000315905, 5816031.772599999792874 ], [ 1986593.658099999651313, 5825734.240799999795854 ] ] } },
{ "type": "Feature", "properties": { "name": "Hauroko North", "z_score": null, "sampled_dip": 70.0, "dip_best": 70, "sr_best": 1.2 }, "geometry": { "type": "LineString", "coordinates": [ [ 1158962.694799999706447, 4885506.570600000210106 ], [ 1165582.181400000117719, 4902146.720700000412762 ], [ 1176443.967199999839067, 4919906.75069999974221 ], [ 1187051.2374, 4936167.003399999812245 ] ] } },
{ "type": "Feature", "properties": { "name": "Hauroko South", "z_score": null, "sampled_dip": 70.0, "dip_best": 70, "sr_best": 0.3 }, "geometry": { "type": "LineString", "coordinates": [ [ 1158075.64989999961108, 4885050.966 ], [ 1151577.5323, 4879435.809100000187755 ], [ 1124699.776999999769032, 4853437.791199999861419 ], [ 1117150.034900000318885, 4842145.485399999655783 ], [ 1104916.614799999631941, 4828182.959699999541044 ] ] } },
{ "type": "Feature", "properties": { "name": "Hawkdun", "z_score": null, "sampled_dip": 70.0, "dip_best": 70, "sr_best": 0.07 }, "geometry": { "type": "LineString", "coordinates": [ [ 1350727.020399999804795, 5063547.027499999850988 ], [ 1354695.778300000354648, 5052963.673000000417233 ], [ 1355489.529900000430644, 5050979.293999999761581 ], [ 1355621.8218, 5048201.163499999791384 ], [ 1356283.281499999575317, 5045423.0329 ], [ 1360648.915199999697506, 5033516.759100000374019 ], [ 1363030.17, 5026108.410899999551475 ], [ 1365411.424700000323355, 5021875.0691 ], [ 1367924.971400000154972, 5018700.062800000421703 ], [ 1371364.561599999666214, 5016583.391900000162423 ], [ 1373745.816399999894202, 5016318.808000000193715 ], [ 1376656.238900000229478, 5016583.391900000162423 ] ] } },
{ "type": "Feature", "properties": { "name": "Hawke Bay 1", "z_score": null, "sampled_dip": 30.0, "dip_best": 30, "sr_best": 0.05 }, "geometry": { "type": "LineString", "coordinates": [ [ 1957121.461900000460446, 5640125.659599999897182 ], [ 1960822.962500000372529, 5642887.71100000012666 ], [ 1962450.24129999987781, 5644370.747899999842048 ], [ 1965768.2599, 5646691.742700000293553 ], [ 1967842.0866, 5647878.372100000269711 ], [ 1971874.0044, 5651633.317699999548495 ], [ 1973152.045, 5653408.400299999862909 ], [ 1974945.908099999651313, 5656353.148 ], [ 1975732.4863, 5659346.991600000299513 ], [ 1977441.061599999666214, 5662389.69469999987632 ] ] } },
{ "type": "Feature", "properties": { "name": "Hawke Bay 4", "z_score": null, "sampled_dip": 30.0, "dip_best": 30, "sr_best": 0.3 }, "geometry": { "type": "LineString", "coordinates": [ [ 1989335.301300000399351, 5664934.676699999719858 ], [ 1986874.05489999987185, 5661654.0197 ], [ 1984411.917600000277162, 5656444.981200000271201 ], [ 1982178.632000000216067, 5653982.5152000002563 ] ] } },
{ "type": "Feature", "properties": { "name": "Hawke Bay 5 & 11", "z_score": null, "sampled_dip": 30.0, "dip_best": 30, "sr_best": 0.3 }, "geometry": { "type": "LineString", "coordinates": [ [ 1991093.037399999797344, 5653038.186200000345707 ], [ 1987890.853000000119209, 5650841.980000000447035 ], [ 1988069.849700000137091, 5648211.6124 ], [ 1986774.300499999895692, 5643669.343299999833107 ] ] } },
{ "type": "Feature", "properties": { "name": "Hawke Bay 8", "z_score": null, "sampled_dip": 30.0, "dip_best": 30, "sr_best": 0.2 }, "geometry": { "type": "LineString", "coordinates": [ [ 1944040.776499999687076, 5608435.822700000368059 ], [ 1944431.488199999555945, 5610263.85259999986738 ], [ 1947082.796400000341237, 5614050.637900000438094 ] ] } },
{ "type": "Feature", "properties": { "name": "Hawkswood", "z_score": null, "sampled_dip": 45.0, "dip_best": 45, "sr_best": 1.5 }, "geometry": { "type": "LineString", "coordinates": [ [ 1638174.801099999807775, 5288680.072999999858439 ], [ 1631704.183299999684095, 5280014.21750000026077 ], [ 1628266.638000000268221, 5274847.043399999849498 ], [ 1628248.500799999572337, 5270405.339700000360608 ], [ 1628507.690000000409782, 5267072.92119999974966 ], [ 1623976.8657, 5258576.636599999852479 ], [ 1622461.395899999886751, 5253399.568099999800324 ] ] } },
{ "type": "Feature", "properties": { "name": "Hedgehope", "z_score": null, "sampled_dip": 60.0, "dip_best": 60, "sr_best": 0.05 }, "geometry": { "type": "LineString", "coordinates": [ [ 1283614.664800000376999, 4892376.509100000374019 ], [ 1280545.49199999962002, 4889307.33629999961704 ], [ 1275994.649500000290573, 4888619.4183 ], [ 1271920.0581, 4882481.072700000368059 ], [ 1266892.964700000360608, 4876977.72829999960959 ], [ 1260384.2017, 4876078.143199999816716 ], [ 1258108.780399999581277, 4874861.057400000281632 ], [ 1255092.524400000460446, 4873432.30460000038147 ], [ 1250647.51549999974668, 4871844.801400000229478 ] ] } },
{ "type": "Feature", "properties": { "name": "High Peak - Sheffield", "z_score": null, "sampled_dip": 60.0, "dip_best": 60, "sr_best": 0.2 }, "geometry": { "type": "LineString", "coordinates": [ [ 1526368.6349, 5202976.136900000274181 ], [ 1522194.824500000104308, 5199834.203599999658763 ], [ 1519760.653, 5196817.947499999776483 ], [ 1517868.8783, 5195270.13190000038594 ], [ 1509765.997499999590218, 5193847.993700000457466 ], [ 1501777.4375, 5189215.091799999587238 ], [ 1496697.427299999631941, 5187680.505400000140071 ], [ 1494739.506699999794364, 5186675.08669999986887 ], [ 1493257.837100000120699, 5184770.082899999804795 ] ] } },
{ "type": "Feature", "properties": { "name": "Hillfoot", "z_score": null, "sampled_dip": 75.0, "dip_best": 75, "sr_best": 0.05 }, "geometry": { "type": "LineString", "coordinates": [ [ 1282436.082700000144541, 4893771.7725 ], [ 1288118.917700000107288, 4890305.964300000108778 ], [ 1293939.7626, 4887765.95920000039041 ], [ 1298384.771499999798834, 4887488.146200000308454 ], [ 1315847.306400000117719, 4879590.317900000140071 ], [ 1319935.127100000157952, 4875502.4972 ], [ 1330510.544099999591708, 4871454.364099999889731 ], [ 1342482.963899999856949, 4863781.432099999859929 ], [ 1352669.442599999718368, 4856108.500099999830127 ] ] } },
{ "type": "Feature", "properties": { "name": "Himatangi", "z_score": null, "sampled_dip": 60.0, "dip_best": 60, "sr_best": 0.2 }, "geometry": { "type": "LineString", "coordinates": [ [ 1796072.97649999987334, 5512710.176400000229478 ], [ 1800126.2314, 5521703.304100000299513 ], [ 1801795.998100000433624, 5536595.701000000350177 ], [ 1799843.2966, 5541801.1721 ] ] } },
{ "type": "Feature", "properties": { "name": "Hohonu South", "z_score": null, "sampled_dip": 40.0, "dip_best": 40, "sr_best": 0.25 }, "geometry": { "type": "LineString", "coordinates": [ [ 1339976.1091, 5188804.561300000175834 ], [ 1344263.534400000236928, 5191441.2133 ], [ 1357515.576500000432134, 5195740.102300000376999 ], [ 1364749.1738, 5200944.623999999836087 ], [ 1368302.9221, 5203455.175300000235438 ], [ 1370251.751799999736249, 5205163.267199999652803 ], [ 1372796.6941, 5207765.528 ], [ 1375316.411799999885261, 5209644.3514 ], [ 1378001.215800000354648, 5211330.740000000223517 ], [ 1380280.99349999986589, 5212341.89809999987483 ], [ 1384694.708100000396371, 5213624.7801 ], [ 1389691.4156, 5215815.945299999788404 ], [ 1395610.252600000239909, 5219203.654799999669194 ], [ 1399369.3185, 5221397.298499999567866 ], [ 1401997.6628, 5223630.363300000317395 ], [ 1404431.559999999590218, 5226755.164300000295043 ], [ 1408065.8558, 5231989.726800000295043 ], [ 1411892.0104, 5236017.400999999605119 ], [ 1414982.657100000418723, 5240092.78969999961555 ], [ 1416347.061099999584258, 5242679.964800000190735 ], [ 1417151.738199999555945, 5245250.216 ], [ 1417711.469399999827147, 5246649.0494 ], [ 1418725.910400000400841, 5247942.796400000341237 ], [ 1419534.706399999558926, 5248416.120000000111759 ], [ 1421288.1628, 5248839.980100000277162 ], [ 1423123.034900000318885, 5248537.5746 ], [ 1424775.605100000277162, 5248447.829699999652803 ], [ 1426705.768699999898672, 5248652.418800000101328 ], [ 1430290.143899999558926, 5249837.328300000168383 ], [ 1433008.226800000295043, 5251215.526499999687076 ], [ 1437383.145200000144541, 5253270.5932 ], [ 1439750.424599999561906, 5254971.516800000332296 ], [ 1440942.598600000143051, 5255336.778900000266731 ], [ 1442196.827200000174344, 5256093.984199999831617 ], [ 1443270.968999999575317, 5257704.611200000159442 ], [ 1443876.449, 5259479.286600000225008 ], [ 1444588.455799999646842, 5260066.090099999681115 ], [ 1445743.605100000277162, 5260191.7385 ], [ 1447168.2895, 5259757.205799999646842 ], [ 1449146.572200000286102, 5260199.322999999858439 ], [ 1450825.742600000463426, 5261286.392099999822676 ], [ 1453543.5543, 5264188.766800000332296 ], [ 1457299.33490000013262, 5267052.921400000341237 ], [ 1458073.8597, 5268043.124900000169873 ], [ 1459313.54839999973774, 5270073.521300000138581 ] ] } },
{ "type": "Feature", "properties": { "name": "Hokonui", "z_score": null, "sampled_dip": 75.0, "dip_best": 75, "sr_best": 0.05 }, "geometry": { "type": "LineString", "coordinates": [ [ 1229863.130199999548495, 4931485.5318 ], [ 1235855.954699999652803, 4925968.9583 ], [ 1242721.905899999663234, 4918190.192699999548495 ], [ 1252215.1376, 4908027.984199999831617 ], [ 1259652.57799999974668, 4901566.797399999573827 ], [ 1273174.4835, 4898138.310200000181794 ], [ 1282436.082700000144541, 4893771.7725 ] ] } },
{ "type": "Feature", "properties": { "name": "Hollyford", "z_score": null, "sampled_dip": 70.0, "dip_best": 70, "sr_best": 1.0 }, "geometry": { "type": "LineString", "coordinates": [ [ 1220415.005300000309944, 5070931.894000000320375 ], [ 1217380.194899999536574, 5063219.39850000012666 ], [ 1214641.256799999624491, 5055941.087600000202656 ], [ 1213132.157999999821186, 5050616.5548 ], [ 1213004.125, 5044175.2325 ] ] } },
{ "type": "Feature", "properties": { "name": "Honeycomb", "z_score": null, "sampled_dip": 30.0, "dip_best": 30, "sr_best": 1.0 }, "geometry": { "type": "LineString", "coordinates": [ [ 1832870.005199999548495, 5396828.583800000138581 ], [ 1845121.610600000247359, 5407538.494400000199676 ], [ 1862972.349000000394881, 5418937.158699999563396 ] ] } },
{ "type": "Feature", "properties": { "name": "Hope Conway", "z_score": null, "sampled_dip": 80.0, "dip_best": 80, "sr_best": 15.8 }, "geometry": { "type": "LineString", "coordinates": [ [ 1654721.2917, 5314036.7939 ], [ 1650906.684299999848008, 5312097.704800000414252 ], [ 1641829.1623, 5310229.7812 ], [ 1638961.410500000230968, 5308347.374099999666214 ], [ 1626600.963499999605119, 5304254.637799999676645 ], [ 1603508.370400000363588, 5292609.215800000354648 ], [ 1597171.965599999763072, 5290217.945000000298023 ] ] } },
{ "type": "Feature", "properties": { "name": "Hope Hanmer NW", "z_score": null, "sampled_dip": 70.0, "dip_best": 70, "sr_best": 15.0 }, "geometry": { "type": "LineString", "coordinates": [ [ 1571141.676199999637902, 5286267.997399999760091 ], [ 1580768.74210000038147, 5292775.546400000341237 ] ] } },
{ "type": "Feature", "properties": { "name": "Hope Hanmer SE", "z_score": null, "sampled_dip": 70.0, "dip_best": 70, "sr_best": 13.5 }, "geometry": { "type": "LineString", "coordinates": [ [ 1581923.908800000324845, 5285980.2643 ], [ 1589089.36670000012964, 5287644.2802 ], [ 1596417.063400000333786, 5289933.0554 ], [ 1597142.7324, 5290206.9128 ], [ 1597171.965599999763072, 5290217.945000000298023 ] ] } },
{ "type": "Feature", "properties": { "name": "Hope Hanmer SW", "z_score": null, "sampled_dip": 70.0, "dip_best": 70, "sr_best": 2.3 }, "geometry": { "type": "LineString", "coordinates": [ [ 1581923.908800000324845, 5285980.2643 ], [ 1573963.8574, 5287022.8717 ], [ 1571141.676199999637902, 5286267.997399999760091 ] ] } },
{ "type": "Feature", "properties": { "name": "Hope Hope River", "z_score": null, "sampled_dip": 70.0, "dip_best": 70, "sr_best": 10.9 }, "geometry": { "type": "LineString", "coordinates": [ [ 1565008.574400000274181, 5284786.731999999843538 ], [ 1546684.17949999962002, 5282476.588600000366569 ], [ 1538257.078200000338256, 5279996.953300000168383 ], [ 1517305.731700000353158, 5272100.483099999837577 ] ] } },
{ "type": "Feature", "properties": { "name": "Hope Hurunui", "z_score": null, "sampled_dip": 70.0, "dip_best": 70, "sr_best": 17.3 }, "geometry": { "type": "LineString", "coordinates": [ [ 1503829.421, 5267021.321000000461936 ], [ 1517305.731700000353158, 5272100.483099999837577 ] ] } },
{ "type": "Feature", "properties": { "name": "Hope Kakapo-2-Hamner", "z_score": null, "sampled_dip": 70.0, "dip_best": 70, "sr_best": 17.3 }, "geometry": { "type": "LineString", "coordinates": [ [ 1571141.676199999637902, 5286267.997399999760091 ], [ 1568237.784400000236928, 5285250.192599999718368 ], [ 1565008.574400000274181, 5284786.731999999843538 ] ] } },
{ "type": "Feature", "properties": { "name": "Hope Seaward", "z_score": null, "sampled_dip": 80.0, "dip_best": 80, "sr_best": 4.0 }, "geometry": { "type": "LineString", "coordinates": [ [ 1654721.2917, 5314036.7939 ], [ 1657959.230899999849498, 5316766.894799999892712 ], [ 1682558.201100000180304, 5327533.644799999892712 ] ] } },
{ "type": "Feature", "properties": { "name": "Hope Taramakau", "z_score": null, "sampled_dip": 70.0, "dip_best": 70, "sr_best": 4.3 }, "geometry": { "type": "LineString", "coordinates": [ [ 1503829.421, 5267021.321000000461936 ], [ 1497903.357599999755621, 5265250.370799999684095 ], [ 1488082.366899999789894, 5265104.696100000292063 ], [ 1473127.8454, 5267531.375199999660254 ] ] } },
{ "type": "Feature", "properties": { "name": "Hope Te Rapa", "z_score": null, "sampled_dip": 80.0, "dip_best": 80, "sr_best": 3.0 }, "geometry": { "type": "LineString", "coordinates": [ [ 1724989.74280000012368, 5353200.714999999850988 ], [ 1683973.881099999882281, 5330848.402900000102818 ] ] } },
{ "type": "Feature", "properties": { "name": "Hopkins", "z_score": null, "sampled_dip": 60.0, "dip_best": 60, "sr_best": 0.45 }, "geometry": { "type": "LineString", "coordinates": [ [ 1332626.784900000318885, 5102397.125 ], [ 1335907.624800000339746, 5113594.314000000245869 ], [ 1341728.469700000248849, 5122378.4983 ], [ 1347549.3147, 5128940.178100000135601 ], [ 1353024.11629999987781, 5136008.675699999555945 ], [ 1356439.332499999552965, 5142931.372700000181794 ] ] } },
{ "type": "Feature", "properties": { "name": "Hororata", "z_score": null, "sampled_dip": 50.0, "dip_best": 50, "sr_best": 0.45 }, "geometry": { "type": "LineString", "coordinates": [ [ 1536844.2626, 5193728.535199999809265 ], [ 1523671.658900000154972, 5188964.458399999886751 ], [ 1518596.3366, 5184832.343100000172853 ], [ 1513385.393299999646842, 5181249.860100000165403 ], [ 1504270.291899999603629, 5177978.93790000025183 ], [ 1498270.319199999794364, 5174002.739699999801815 ] ] } },
{ "type": "Feature", "properties": { "name": "Horse Flat", "z_score": null, "sampled_dip": 45.0, "dip_best": 45, "sr_best": 0.05 }, "geometry": { "type": "LineString", "coordinates": [ [ 1380015.7653, 4955607.245299999602139 ], [ 1386446.349299999885261, 4961946.972500000149012 ], [ 1389716.688500000163913, 4969471.89780000038445 ], [ 1397905.7275, 4977443.60950000025332 ], [ 1401775.2665, 4982636.067800000309944 ] ] } },
{ "type": "Feature", "properties": { "name": "Houtunui", "z_score": null, "sampled_dip": 30.0, "dip_best": 30, "sr_best": 3.0 }, "geometry": { "type": "LineString", "coordinates": [ [ 2114722.602300000376999, 5803016.989500000141561 ], [ 2106318.774400000460446, 5783617.993300000205636 ], [ 2099129.719499999657273, 5775801.272300000302494 ], [ 2094765.477400000207126, 5766987.06319999974221 ], [ 2086241.520499999634922, 5759628.262199999764562 ] ] } },
{ "type": "Feature", "properties": { "name": "Hump Ridge", "z_score": null, "sampled_dip": 70.0, "dip_best": 70, "sr_best": 0.5 }, "geometry": { "type": "LineString", "coordinates": [ [ 1170623.203499999828637, 4798705.800300000235438 ], [ 1174313.574500000104308, 4818696.845200000330806 ], [ 1174631.0751, 4833196.040900000371039 ], [ 1163306.885800000280142, 4853833.5822 ], [ 1159292.101300000213087, 4866475.4501 ], [ 1159076.130099999718368, 4881917.384100000374019 ] ] } },
{ "type": "Feature", "properties": { "name": "Hundalee", "z_score": null, "sampled_dip": 55.0, "dip_best": 55, "sr_best": 1.2 }, "geometry": { "type": "LineString", "coordinates": [ [ 1649859.578200000338256, 5297524.466199999675155 ], [ 1639382.244300000369549, 5292664.801900000311434 ], [ 1634824.4359, 5285587.097400000318885 ], [ 1629177.389000000432134, 5282639.480600000359118 ], [ 1625370.559000000357628, 5278937.3514 ], [ 1624424.325400000438094, 5274637.555499999783933 ], [ 1623612.535799999721348, 5273910.931300000287592 ], [ 1621566.251400000415742, 5273438.874699999578297 ] ] } },
{ "type": "Feature", "properties": { "name": "Hunter Valley", "z_score": null, "sampled_dip": 60.0, "dip_best": 60, "sr_best": 0.32 }, "geometry": { "type": "LineString", "coordinates": [ [ 1305793.042299999855459, 5060475.6968 ], [ 1306127.355000000447035, 5065913.446399999782443 ], [ 1307185.690499999560416, 5069723.454 ], [ 1310360.6968, 5074697.630599999800324 ], [ 1312265.7006, 5079036.80599999986589 ], [ 1317874.878499999642372, 5093959.335799999535084 ], [ 1323907.390599999576807, 5107717.696700000204146 ], [ 1326235.7286, 5112056.872000000439584 ] ] } },
{ "type": "Feature", "properties": { "name": "Hunters", "z_score": null, "sampled_dip": 60.0, "dip_best": 60, "sr_best": 0.13 }, "geometry": { "type": "LineString", "coordinates": [ [ 1439417.055100000463426, 5040576.617499999701977 ], [ 1439655.180499999783933, 5050736.637799999676645 ], [ 1439130.275999999605119, 5055185.790699999779463 ], [ 1438464.5532, 5062801.661899999715388 ], [ 1433146.417500000447035, 5074469.810200000181794 ], [ 1427963.229899999685585, 5091052.8931 ], [ 1425028.1129, 5096164.653300000354648 ], [ 1421191.6469, 5099921.744199999608099 ] ] } },
{ "type": "Feature", "properties": { "name": "Hurunui Peak", "z_score": null, "sampled_dip": 50.0, "dip_best": 50, "sr_best": 0.6 }, "geometry": { "type": "LineString", "coordinates": [ [ 1562067.511599999852479, 5248048.0636 ], [ 1561811.55530000012368, 5251572.0345 ], [ 1562740.046900000423193, 5253331.2818 ], [ 1563371.2489, 5255189.5313 ], [ 1563767.088899999856949, 5257597.67960000038147 ], [ 1564792.502100000157952, 5262054.216300000436604 ], [ 1566405.145499999634922, 5262884.971900000236928 ], [ 1569532.69620000012219, 5263935.633500000461936 ], [ 1571756.189299999736249, 5265352.80489999987185 ], [ 1574072.120299999602139, 5270229.355600000359118 ] ] } },
{ "type": "Feature", "properties": { "name": "Hutt Peel", "z_score": null, "sampled_dip": 45.0, "dip_best": 45, "sr_best": 0.9 }, "geometry": { "type": "LineString", "coordinates": [ [ 1485994.043200000189245, 5199541.451299999840558 ], [ 1486888.977800000458956, 5178449.366100000217557 ], [ 1475321.7429, 5170282.5115 ], [ 1473561.1826, 5163768.553000000305474 ], [ 1469373.629200000315905, 5157947.5795 ], [ 1467502.01659999974072, 5144022.006 ], [ 1461791.230700000189245, 5141498.2182 ], [ 1457618.358099999837577, 5132834.9759 ], [ 1455489.132799999788404, 5129560.789900000207126 ], [ 1454846.347799999639392, 5126648.170400000177324 ], [ 1453821.909199999645352, 5125081.38190000038594 ], [ 1449021.108799999579787, 5121847.369900000281632 ] ] } },
{ "type": "Feature", "properties": { "name": "Huxley", "z_score": null, "sampled_dip": 60.0, "dip_best": 60, "sr_best": 0.05 }, "geometry": { "type": "LineString", "coordinates": [ [ 1354698.811599999666214, 5146808.8492 ], [ 1349896.614500000141561, 5141530.401200000196695 ], [ 1344737.2292, 5136490.078599999658763 ], [ 1342395.661999999545515, 5133791.323200000450015 ], [ 1340414.6135, 5129635.187400000169873 ], [ 1337465.4063, 5126178.18709999974817 ] ] } },
{ "type": "Feature", "properties": { "name": "Hyde North", "z_score": null, "sampled_dip": 45.0, "dip_best": 45, "sr_best": 0.25 }, "geometry": { "type": "LineString", "coordinates": [ [ 1386906.021099999547005, 4990879.608 ], [ 1381853.619099999777973, 4974024.07799999974668 ], [ 1380266.3185, 4970817.480000000447035 ], [ 1377233.076399999670684, 4967930.088899999856949 ], [ 1374894.275600000284612, 4963953.574799999594688 ], [ 1370253.2961, 4955256.937300000339746 ], [ 1370074.532800000160933, 4953025.485600000247359 ], [ 1367452.114, 4949962.0142 ], [ 1363156.421400000341237, 4946463.206899999640882 ], [ 1359963.6267, 4944857.920300000347197 ] ] } },
{ "type": "Feature", "properties": { "name": "Hyde South - The Twins", "z_score": null, "sampled_dip": 45.0, "dip_best": 45, "sr_best": 0.13 }, "geometry": { "type": "LineString", "coordinates": [ [ 1355155.7714, 4924828.368300000205636 ], [ 1354520.5142, 4927770.520899999886751 ], [ 1354317.720700000412762, 4929617.0274 ], [ 1354474.689500000327826, 4932219.543100000359118 ], [ 1354949.737499999813735, 4933350.967199999839067 ], [ 1355518.3772, 4935413.2506 ], [ 1358864.447300000116229, 4939623.3525 ], [ 1359565.052500000223517, 4941690.198300000280142 ], [ 1359710.83490000013262, 4944662.76659999974072 ] ] } },
{ "type": "Feature", "properties": { "name": "Ihaia", "z_score": null, "sampled_dip": 65.0, "dip_best": 65, "sr_best": 0.8 }, "geometry": { "type": "LineString", "coordinates": [ [ 1682398.477900000289083, 5643230.8284 ], [ 1678113.296900000423193, 5637759.9896 ], [ 1673685.245900000445545, 5631690.993700000457466 ] ] } },
{ "type": "Feature", "properties": { "name": "Inangahua", "z_score": null, "sampled_dip": 60.0, "dip_best": 60, "sr_best": 0.35 }, "geometry": { "type": "LineString", "coordinates": [ [ 1511071.894000000320375, 5364061.67090000025928 ], [ 1511786.212299999780953, 5366117.474299999885261 ], [ 1513147.8213, 5367883.567499999888241 ], [ 1514713.025999999605119, 5369271.75829999987036 ], [ 1515875.3536, 5373164.598600000143051 ], [ 1517317.900000000372529, 5374903.678299999795854 ], [ 1518732.9572, 5378021.243599999696016 ], [ 1519044.721199999563396, 5380074.9074 ], [ 1520082.365500000305474, 5381692.848000000230968 ] ] } },
{ "type": "Feature", "properties": { "name": "Inglewood", "z_score": null, "sampled_dip": 60.0, "dip_best": 60, "sr_best": 0.3 }, "geometry": { "type": "LineString", "coordinates": [ [ 1714293.600499999709427, 5669818.36670000012964 ], [ 1706025.0449, 5665860.722299999557436 ], [ 1700926.707600000314415, 5665928.00719999987632 ], [ 1697415.012400000356138, 5661532.588999999687076 ] ] } },
{ "type": "Feature", "properties": { "name": "Irishman Creek", "z_score": null, "sampled_dip": 45.0, "dip_best": 45, "sr_best": 0.79 }, "geometry": { "type": "LineString", "coordinates": [ [ 1409415.1584, 5149775.3936 ], [ 1402585.740299999713898, 5139442.5274 ], [ 1396503.465900000184774, 5131148.6897 ], [ 1390381.3481, 5128107.739099999889731 ], [ 1384454.669599999673665, 5124509.3986 ], [ 1375670.485399999655783, 5122816.0619 ] ] } },
{ "type": "Feature", "properties": { "name": "Jordan", "z_score": -1.0, "sampled_dip": 29.5, "dip_best": 37, "sr_best": 20.0 }, "geometry": { "type": "LineString", "coordinates": [ [ 1654721.2917, 5314036.7939 ], [ 1655359.300099999643862, 5317841.1234 ], [ 1657911.331799999810755, 5319474.578300000168383 ], [ 1659003.372600000351667, 5321113.656700000166893 ], [ 1660027.523699999786913, 5328683.408800000324845 ], [ 1667518.067099999636412, 5339043.904799999669194 ] ] } },
{ "type": "Feature", "properties": { "name": "Kahurangi", "z_score": null, "sampled_dip": 50.0, "dip_best": 50, "sr_best": 0.35 }, "geometry": { "type": "LineString", "coordinates": [ [ 1570247.535000000149012, 5569754.91509999986738 ], [ 1566304.0208, 5566269.949099999852479 ], [ 1563277.602900000289083, 5561684.467400000430644 ], [ 1560801.442800000309944, 5553614.019600000232458 ], [ 1558018.4112, 5548817.727900000289083 ], [ 1553366.595800000242889, 5544165.446899999864399 ], [ 1549143.007500000298023, 5539883.088499999605119 ], [ 1545348.990299999713898, 5535601.3893 ], [ 1542116.089200000278652, 5533957.023900000378489 ], [ 1541141.766200000420213, 5532084.869800000451505 ], [ 1540035.299499999731779, 5527235.46999999973923 ], [ 1538208.939899999648333, 5525740.551900000311434 ], [ 1536388.019999999552965, 5523690.1771 ], [ 1531908.21860000025481, 5518840.371799999848008 ], [ 1530097.645600000396371, 5516048.392400000244379 ], [ 1529311.665400000289083, 5509565.284199999645352 ], [ 1525798.3142, 5493989.000300000421703 ], [ 1522687.4194, 5481745.15610000025481 ] ] } },
{ "type": "Feature", "properties": { "name": "Kaiapo", "z_score": null, "sampled_dip": 45.0, "dip_best": 45, "sr_best": 1.8 }, "geometry": { "type": "LineString", "coordinates": [ [ 1859083.010599999688566, 5710078.001899999566376 ], [ 1867355.5642, 5723139.283200000412762 ] ] } },
{ "type": "Feature", "properties": { "name": "Kaikorai", "z_score": null, "sampled_dip": 45.0, "dip_best": 45, "sr_best": 0.05 }, "geometry": { "type": "LineString", "coordinates": [ [ 1405657.16260000038892, 4919015.312400000169873 ], [ 1404915.837899999693036, 4917879.89850000012666 ], [ 1404151.369099999777973, 4917485.0608 ], [ 1403910.251899999566376, 4916921.366399999707937 ], [ 1402946.263500000350177, 4914666.47759999986738 ], [ 1402687.8734, 4914019.662499999627471 ], [ 1401812.250900000333786, 4913703.455400000326335 ], [ 1400782.869599999859929, 4913265.598399999551475 ], [ 1399539.280899999663234, 4911961.92200000025332 ], [ 1398917.553399999625981, 4908939.652300000190735 ], [ 1397607.863300000317395, 4906756.835400000214577 ] ] } },
{ "type": "Feature", "properties": { "name": "Kaikoura - Mangamaunu", "z_score": null, "sampled_dip": 90.0, "dip_best": 90, "sr_best": 0.7 }, "geometry": { "type": "LineString", "coordinates": [ [ 1689523.9161, 5323376.581399999558926 ], [ 1671166.408099999651313, 5316923.5214 ], [ 1657687.202600000426173, 5315196.550499999895692 ] ] } },
{ "type": "Feature", "properties": { "name": "Kairakau 2", "z_score": null, "sampled_dip": 30.0, "dip_best": 30, "sr_best": 1.0 }, "geometry": { "type": "LineString", "coordinates": [ [ 1953559.469600000418723, 5575593.518299999646842 ], [ 1954202.696700000204146, 5572496.13260000012815 ], [ 1953645.4973, 5569227.471800000406802 ], [ 1952527.137799999676645, 5566732.669800000265241 ], [ 1949946.3081, 5564237.86780000012368 ], [ 1943752.316999999806285, 5561140.8723 ] ] } },
{ "type": "Feature", "properties": { "name": "Kairakau North", "z_score": null, "sampled_dip": 30.0, "dip_best": 30, "sr_best": 1.0 }, "geometry": { "type": "LineString", "coordinates": [ [ 1953559.469600000418723, 5575593.518299999646842 ], [ 1948569.8657, 5567592.946399999782443 ], [ 1942289.846800000406802, 5562345.259399999864399 ] ] } },
{ "type": "Feature", "properties": { "name": "Kairakau South", "z_score": null, "sampled_dip": 30.0, "dip_best": 30, "sr_best": 3.0 }, "geometry": { "type": "LineString", "coordinates": [ [ 1943752.316999999806285, 5561140.8723 ], [ 1928004.4463, 5538754.7056 ], [ 1922847.596800000406802, 5534816.409799999557436 ] ] } },
{ "type": "Feature", "properties": { "name": "Kaiwara North", "z_score": null, "sampled_dip": 50.0, "dip_best": 50, "sr_best": 0.42 }, "geometry": { "type": "LineString", "coordinates": [ [ 1612675.715099999681115, 5261938.047799999825656 ], [ 1615546.727300000376999, 5265818.733900000341237 ], [ 1618717.862300000153482, 5278580.856300000101328 ], [ 1622282.045099999755621, 5282271.7281 ], [ 1622289.172899999655783, 5284492.541199999861419 ] ] } },
{ "type": "Feature", "properties": { "name": "Kaiwara South", "z_score": null, "sampled_dip": 50.0, "dip_best": 50, "sr_best": 0.45 }, "geometry": { "type": "LineString", "coordinates": [ [ 1605852.629200000315905, 5252323.2922 ], [ 1600136.048999999649823, 5249364.5482 ], [ 1595710.954800000414252, 5246662.206899999640882 ], [ 1573792.1771, 5243047.152200000360608 ] ] } },
{ "type": "Feature", "properties": { "name": "Kakapo", "z_score": null, "sampled_dip": 80.0, "dip_best": 80, "sr_best": 6.4 }, "geometry": { "type": "LineString", "coordinates": [ [ 1517305.731700000353158, 5272100.483099999837577 ], [ 1527762.8788, 5272208.9655 ], [ 1538105.060399999842048, 5272703.1392 ], [ 1547719.177899999544024, 5277891.4534 ], [ 1560715.949799999594688, 5282255.065999999642372 ], [ 1565008.574400000274181, 5284786.731999999843538 ] ] } },
{ "type": "Feature", "properties": { "name": "Kaumingi", "z_score": null, "sampled_dip": 70.0, "dip_best": 70, "sr_best": 1.0 }, "geometry": { "type": "LineString", "coordinates": [ [ 1831053.0526, 5450943.267099999822676 ], [ 1833024.438900000415742, 5451042.3843 ], [ 1841261.097400000318885, 5453173.595599999651313 ], [ 1845405.6793, 5453755.32120000012219 ], [ 1850391.0006, 5455205.55530000012368 ], [ 1854941.208999999798834, 5457226.049700000323355 ] ] } },
{ "type": "Feature", "properties": { "name": "Kaweka", "z_score": null, "sampled_dip": 75.0, "dip_best": 75, "sr_best": 1.0 }, "geometry": { "type": "LineString", "coordinates": [ [ 1856476.3673, 5615268.955799999646842 ], [ 1865662.03870000038296, 5621781.143299999646842 ], [ 1872329.038099999539554, 5628574.197300000116229 ], [ 1884507.6354, 5633819.243300000205636 ], [ 1900448.54, 5653224.9956 ] ] } },
{ "type": "Feature", "properties": { "name": "Kekerengu 1", "z_score": -1.0, "sampled_dip": 50.0, "dip_best": 60, "sr_best": 23.0 }, "geometry": { "type": "LineString", "coordinates": [ [ 1689692.809500000439584, 5354993.5702 ], [ 1681515.6574, 5351367.727900000289083 ], [ 1675916.996100000105798, 5347379.329400000162423 ], [ 1667518.067099999636412, 5339043.904799999669194 ] ] } },
{ "type": "Feature", "properties": { "name": "Kekerengu Bank", "z_score": null, "sampled_dip": 45.0, "dip_best": 45, "sr_best": 3.0 }, "geometry": { "type": "LineString", "coordinates": [ [ 1780755.228199999779463, 5356659.046699999831617 ], [ 1777262.721199999563396, 5354436.5422 ], [ 1764774.3629, 5349991.533300000242889 ], [ 1751824.34360000025481, 5343584.997000000439584 ], [ 1745218.406700000166893, 5342584.619800000451505 ], [ 1739564.471099999733269, 5339741.148400000296533 ], [ 1726878.249099999666214, 5329621.4792 ], [ 1720910.753499999642372, 5321323.85259999986738 ], [ 1710618.557900000363588, 5311023.862800000235438 ], [ 1707937.640700000338256, 5309145.980000000447035 ], [ 1700305.268899999558926, 5305919.0948 ], [ 1694818.389600000344217, 5301731.43680000025779 ] ] } },
{ "type": "Feature", "properties": { "name": "Kelly", "z_score": null, "sampled_dip": 70.0, "dip_best": 70, "sr_best": 13.0 }, "geometry": { "type": "LineString", "coordinates": [ [ 1448649.962899999693036, 5249579.2971 ], [ 1459198.3421, 5249848.361100000329316 ], [ 1470645.286999999545515, 5253969.270899999886751 ], [ 1478149.519999999552965, 5258482.929999999701977 ], [ 1498188.082000000402331, 5263629.713399999774992 ], [ 1503829.421, 5267021.321000000461936 ] ] } },
{ "type": "Feature", "properties": { "name": "Kerepehi Awaiti", "z_score": null, "sampled_dip": 60.0, "dip_best": 60, "sr_best": 0.15 }, "geometry": { "type": "LineString", "coordinates": [ [ 1819395.94620000012219, 5879733.907999999821186 ], [ 1833350.081000000238419, 5851937.949500000104308 ] ] } },
{ "type": "Feature", "properties": { "name": "Kerepehi Elstow", "z_score": null, "sampled_dip": 60.0, "dip_best": 60, "sr_best": 0.23 }, "geometry": { "type": "LineString", "coordinates": [ [ 1831992.402099999599159, 5844182.737499999813735 ], [ 1829708.519399999640882, 5850203.9156 ], [ 1827611.1283, 5853397.665699999779463 ] ] } },
{ "type": "Feature", "properties": { "name": "Kerepehi Offshore", "z_score": null, "sampled_dip": 60.0, "dip_best": 60, "sr_best": 0.1 }, "geometry": { "type": "LineString", "coordinates": [ [ 1817415.612200000323355, 5878798.717799999751151 ], [ 1814769.7736, 5893615.414099999703467 ] ] } },
{ "type": "Feature", "properties": { "name": "Kerepehi Okoroire", "z_score": null, "sampled_dip": 60.0, "dip_best": 60, "sr_best": 0.14 }, "geometry": { "type": "LineString", "coordinates": [ [ 1847293.082000000402331, 5797798.345700000412762 ], [ 1844318.014499999582767, 5802234.669099999591708 ] ] } },
{ "type": "Feature", "properties": { "name": "Kerepehi Te Poi", "z_score": null, "sampled_dip": 60.0, "dip_best": 60, "sr_best": 0.4 }, "geometry": { "type": "LineString", "coordinates": [ [ 1850667.30460000038147, 5804293.369800000451505 ], [ 1845199.5422, 5817575.978500000201166 ], [ 1838206.84389999974519, 5828016.7972 ] ] } },
{ "type": "Feature", "properties": { "name": "Kerepehi Waitoa", "z_score": null, "sampled_dip": 60.0, "dip_best": 60, "sr_best": 0.35 }, "geometry": { "type": "LineString", "coordinates": [ [ 1827261.042100000195205, 5849747.075199999846518 ], [ 1833750.223500000312924, 5834712.147099999710917 ], [ 1844725.390999999828637, 5826194.678100000135601 ], [ 1845681.823099999688566, 5822892.537899999879301 ] ] } },
{ "type": "Feature", "properties": { "name": "Kereu", "z_score": null, "sampled_dip": 60.0, "dip_best": 60, "sr_best": 0.1 }, "geometry": { "type": "LineString", "coordinates": [ [ 2015075.1694, 5816301.7983 ], [ 2017756.737999999895692, 5814548.122100000269711 ], [ 2019452.809899999760091, 5813007.505599999800324 ], [ 2023800.1184, 5811371.810399999842048 ], [ 2026512.772900000214577, 5810843.625199999660254 ], [ 2030633.235000000335276, 5809182.846099999733269 ] ] } },
{ "type": "Feature", "properties": { "name": "Kidnappers Ridge", "z_score": null, "sampled_dip": 30.0, "dip_best": 30, "sr_best": 1.5 }, "geometry": { "type": "LineString", "coordinates": [ [ 1998813.31969999987632, 5629256.021599999628961 ], [ 1984927.277599999681115, 5616345.995799999684095 ], [ 1968510.867200000211596, 5600768.36089999973774 ], [ 1953778.1897, 5594931.733300000429153 ] ] } },
{ "type": "Feature", "properties": { "name": "Kiri", "z_score": null, "sampled_dip": 65.0, "dip_best": 65, "sr_best": 0.65 }, "geometry": { "type": "LineString", "coordinates": [ [ 1687023.63329999987036, 5638058.289200000464916 ], [ 1682512.722799999639392, 5634744.889600000344217 ], [ 1676724.087799999862909, 5628250.288599999621511 ] ] } },
{ "type": "Feature", "properties": { "name": "Kirkliston", "z_score": null, "sampled_dip": 50.0, "dip_best": 50, "sr_best": 0.15 }, "geometry": { "type": "LineString", "coordinates": [ [ 1412389.764700000174344, 5081932.059000000357628 ], [ 1412852.786399999633431, 5075119.024600000120699 ], [ 1408619.4446, 5064535.670099999755621 ], [ 1404584.540699999779463, 5055010.650999999605119 ], [ 1402864.794499999843538, 5052767.318900000303984 ], [ 1398966.36089999973774, 5047664.896999999880791 ] ] } },
{ "type": "Feature", "properties": { "name": "Klondyke Moor", "z_score": null, "sampled_dip": 75.0, "dip_best": 75, "sr_best": 0.12 }, "geometry": { "type": "LineString", "coordinates": [ [ 1459416.655299999751151, 5146078.240299999713898 ], [ 1457804.150500000454485, 5152525.774299999698997 ], [ 1456805.489199999719858, 5155282.308400000445545 ], [ 1455375.229299999773502, 5159325.744199999608099 ], [ 1455068.542100000195205, 5167282.419300000183284 ], [ 1452432.527900000102818, 5170928.743599999696016 ] ] } },
{ "type": "Feature", "properties": { "name": "Knowles Top", "z_score": null, "sampled_dip": 60.0, "dip_best": 60, "sr_best": 0.55 }, "geometry": { "type": "LineString", "coordinates": [ [ 1551532.592199999839067, 5222282.419200000353158 ], [ 1549592.4517, 5219223.967299999669194 ], [ 1547698.115899999625981, 5217966.664800000376999 ], [ 1543694.295300000347197, 5216395.428299999795854 ], [ 1542835.928299999795854, 5215144.17879999987781 ], [ 1540841.626199999824166, 5214312.105499999597669 ], [ 1537046.625799999572337, 5213286.567900000140071 ], [ 1534367.714200000278652, 5209714.685700000263751 ], [ 1530266.664300000295043, 5207531.868900000117719 ] ] } },
{ "type": "Feature", "properties": { "name": "Kohaihai", "z_score": null, "sampled_dip": 70.0, "dip_best": 70, "sr_best": 0.35 }, "geometry": { "type": "LineString", "coordinates": [ [ 1533336.392099999822676, 5420251.280799999833107 ], [ 1533386.603799999691546, 5422071.481999999843538 ], [ 1533478.549200000241399, 5423934.154299999587238 ], [ 1532798.336400000378489, 5425855.900500000454485 ], [ 1533065.0685, 5428700.600200000219047 ], [ 1534317.0006, 5430701.040400000289083 ], [ 1535282.868200000375509, 5433302.747100000269711 ], [ 1535976.323200000450015, 5435709.572499999776483 ], [ 1536350.339100000448525, 5437428.745500000193715 ], [ 1536076.229299999773502, 5439942.1272 ], [ 1535718.909199999645352, 5442494.99100000038743 ], [ 1535128.8514, 5444147.788499999791384 ], [ 1535055.402499999850988, 5446814.047399999573827 ], [ 1534925.689600000157952, 5449145.459699999541044 ], [ 1534865.637299999594688, 5450937.614299999549985 ], [ 1534645.39049999974668, 5452539.871399999596179 ], [ 1534802.762699999846518, 5454743.297600000165403 ], [ 1535262.67850000038743, 5456341.9825 ], [ 1535128.405899999663234, 5458278.0548 ], [ 1534668.528300000354648, 5460079.214700000360608 ], [ 1534580.463600000366569, 5461868.8438 ], [ 1535138.905600000172853, 5464810.850200000219047 ] ] } },
{ "type": "Feature", "properties": { "name": "Kohaihai South", "z_score": null, "sampled_dip": 70.0, "dip_best": 70, "sr_best": 0.35 }, "geometry": { "type": "LineString", "coordinates": [ [ 1526112.273900000378489, 5408185.468299999833107 ], [ 1527144.007299999706447, 5409056.709800000302494 ], [ 1529253.3289, 5410592.846199999563396 ], [ 1531339.723000000230968, 5412702.1678 ], [ 1533128.0609, 5415155.400500000454485 ], [ 1534641.269799999892712, 5417860.834699999541044 ], [ 1534893.471300000324845, 5419488.680700000375509 ], [ 1536016.914300000295043, 5422033.622999999672174 ] ] } },
{ "type": "Feature", "properties": { "name": "Kongahau", "z_score": null, "sampled_dip": 60.0, "dip_best": 60, "sr_best": 0.3 }, "geometry": { "type": "LineString", "coordinates": [ [ 1503031.884700000286102, 5389326.42119999974966 ], [ 1507273.716699999757111, 5398484.8383 ], [ 1513052.9435, 5409155.105399999767542 ], [ 1518042.611399999819696, 5419704.8366 ], [ 1518458.365899999625981, 5421701.185600000433624 ], [ 1518526.8344, 5425238.50069999974221 ], [ 1519347.323900000192225, 5428159.521099999547005 ], [ 1520758.188299999572337, 5429917.7665 ], [ 1523851.470499999821186, 5446976.8185 ], [ 1524835.2977, 5456264.700299999676645 ], [ 1523719.9183, 5459623.3744 ], [ 1521526.95920000039041, 5468208.933400000445545 ], [ 1521561.245299999602139, 5470980.816700000315905 ], [ 1522447.375900000333786, 5473622.781999999657273 ], [ 1524182.198300000280142, 5475628.370799999684095 ], [ 1533588.214700000360608, 5493945.721699999645352 ], [ 1543149.985000000335276, 5500672.384399999864399 ] ] } },
{ "type": "Feature", "properties": { "name": "Kotare - Moutuhora", "z_score": null, "sampled_dip": 80.0, "dip_best": 80, "sr_best": 0.5 }, "geometry": { "type": "LineString", "coordinates": [ [ 1982590.511400000192225, 5801829.291899999603629 ], [ 1985268.301199999637902, 5789248.39130000025034 ], [ 1985874.258500000461936, 5773937.209499999880791 ], [ 1989186.5115, 5765989.007299999706447 ], [ 1989344.045699999667704, 5754663.03110000025481 ], [ 1990973.780399999581277, 5748462.960699999704957 ] ] } },
{ "type": "Feature", "properties": { "name": "Kowai - View Hill", "z_score": null, "sampled_dip": 60.0, "dip_best": 60, "sr_best": 0.2 }, "geometry": { "type": "LineString", "coordinates": [ [ 1527325.1349, 5206870.2451 ], [ 1522141.907700000330806, 5204279.212500000372529 ], [ 1517696.89879999961704, 5202585.87569999974221 ], [ 1511558.5532, 5201157.122899999842048 ], [ 1506637.293399999849498, 5198722.951299999840558 ], [ 1501821.86710000038147, 5196024.195899999700487 ], [ 1495509.55599999986589, 5190915.4841 ], [ 1494705.221099999733269, 5188819.979899999685585 ] ] } },
{ "type": "Feature", "properties": { "name": "Kututaruhe", "z_score": null, "sampled_dip": 60.0, "dip_best": 60, "sr_best": 0.02 }, "geometry": { "type": "LineString", "coordinates": [ [ 1794783.114799999631941, 5805320.5778 ], [ 1795051.61699999962002, 5807912.6563 ], [ 1795584.9468, 5810060.9836 ], [ 1796374.71860000025481, 5812556.204400000162423 ], [ 1797130.1524, 5814261.6535 ], [ 1798936.947100000455976, 5817392.101099999621511 ], [ 1799737.313299999572337, 5819118.510800000280142 ], [ 1801496.7012, 5821635.181400000117719 ], [ 1802498.420800000429153, 5823283.371500000357628 ] ] } },
{ "type": "Feature", "properties": { "name": "Lachlan 1 & 2", "z_score": null, "sampled_dip": 30.0, "dip_best": 30, "sr_best": 2.5 }, "geometry": { "type": "LineString", "coordinates": [ [ 1991118.850200000219047, 5596935.376899999566376 ], [ 1994679.134399999864399, 5602479.225999999791384 ], [ 2000541.817300000227988, 5605175.810399999842048 ], [ 2004218.474899999797344, 5605892.0938 ], [ 2008647.20409999974072, 5611176.776499999687076 ], [ 2010618.553600000217557, 5612269.5483 ], [ 2014826.162200000137091, 5613795.714100000448525 ], [ 2018180.8257, 5616266.9353 ], [ 2019538.46059999987483, 5619999.945600000210106 ], [ 2022791.38329999987036, 5624411.4276 ] ] } },
{ "type": "Feature", "properties": { "name": "Lachlan 3", "z_score": null, "sampled_dip": 30.0, "dip_best": 30, "sr_best": 4.5 }, "geometry": { "type": "LineString", "coordinates": [ [ 2023710.392699999734759, 5622325.162700000219047 ], [ 2025195.919099999591708, 5626086.63910000026226 ], [ 2029560.439000000245869, 5631873.533800000324845 ], [ 2028880.7506, 5634788.892 ], [ 2029291.2621, 5637574.790699999779463 ], [ 2029258.040199999697506, 5639947.828099999576807 ], [ 2032464.744300000369549, 5653012.218100000172853 ], [ 2036970.908699999563396, 5659921.953700000420213 ], [ 2039112.141200000420213, 5665419.677699999883771 ], [ 2046542.9995, 5675100.246299999766052 ], [ 2051747.934000000357628, 5683766.966099999845028 ] ] } },
{ "type": "Feature", "properties": { "name": "Lake Heron", "z_score": null, "sampled_dip": 65.0, "dip_best": 65, "sr_best": 1.4 }, "geometry": { "type": "LineString", "coordinates": [ [ 1445320.402700000442564, 5165741.780299999751151 ], [ 1445396.895999999716878, 5166695.674200000241399 ], [ 1448787.9222999997437, 5171403.118599999696016 ], [ 1450817.042500000447035, 5177004.4391 ], [ 1446528.9518, 5193760.791199999861419 ], [ 1446782.916799999773502, 5200433.5192 ] ] } },
{ "type": "Feature", "properties": { "name": "Lake Onslow", "z_score": null, "sampled_dip": 60.0, "dip_best": 60, "sr_best": 0.05 }, "geometry": { "type": "LineString", "coordinates": [ [ 1334206.5142, 4967875.376899999566376 ], [ 1335106.099399999715388, 4965599.955699999816716 ], [ 1335106.099399999715388, 4963112.86739999987185 ], [ 1335370.683199999853969, 4959673.277200000360608 ], [ 1334894.432300000451505, 4949566.173700000159442 ], [ 1333941.9304, 4944750.747399999760091 ] ] } },
{ "type": "Feature", "properties": { "name": "Leader Central", "z_score": null, "sampled_dip": 70.0, "dip_best": 70, "sr_best": 0.18 }, "geometry": { "type": "LineString", "coordinates": [ [ 1620535.2456, 5295766.742200000211596 ], [ 1621902.827100000344217, 5292081.564600000157952 ], [ 1623602.261699999682605, 5289155.2078 ], [ 1623261.056800000369549, 5286506.057500000111759 ] ] } },
{ "type": "Feature", "properties": { "name": "Leader North", "z_score": null, "sampled_dip": 55.0, "dip_best": 55, "sr_best": 0.18 }, "geometry": { "type": "LineString", "coordinates": [ [ 1626311.757000000216067, 5303090.548600000329316 ], [ 1622334.7604, 5300302.817499999888241 ], [ 1620535.2456, 5295766.742200000211596 ] ] } },
{ "type": "Feature", "properties": { "name": "Leader South", "z_score": null, "sampled_dip": 55.0, "dip_best": 55, "sr_best": 0.18 }, "geometry": { "type": "LineString", "coordinates": [ [ 1623261.056800000369549, 5286506.057500000111759 ], [ 1619143.5631, 5284316.8542 ], [ 1613661.5777000002563, 5278037.4539 ] ] } },
{ "type": "Feature", "properties": { "name": "Leedstown", "z_score": null, "sampled_dip": 60.0, "dip_best": 60, "sr_best": 0.25 }, "geometry": { "type": "LineString", "coordinates": [ [ 1795413.33490000013262, 5542631.660400000400841 ], [ 1801976.346699999645352, 5551185.901200000196695 ], [ 1803832.071600000374019, 5558028.857099999673665 ], [ 1807640.400899999774992, 5561457.658599999733269 ], [ 1822516.792100000195205, 5574296.184100000187755 ] ] } },
{ "type": "Feature", "properties": { "name": "Lees Valley", "z_score": null, "sampled_dip": 60.0, "dip_best": 60, "sr_best": 0.56 }, "geometry": { "type": "LineString", "coordinates": [ [ 1521547.343999999575317, 5215292.830799999646842 ], [ 1521886.011400000192225, 5216329.9995 ], [ 1522499.8459, 5216922.667399999685585 ], [ 1524785.850499999709427, 5217600.002100000157952 ], [ 1530656.9622, 5218102.436700000427663 ], [ 1534693.412899999879301, 5220918.950400000438094 ], [ 1537620.034400000236928, 5226869.640700000338256 ], [ 1542598.6765, 5231540.7867 ], [ 1546125.4419, 5231754.6053 ], [ 1549223.278599999845028, 5234924.915 ], [ 1549884.49100000038743, 5237335.988900000229478 ] ] } },
{ "type": "Feature", "properties": { "name": "Leithfield - NCVI - NCVII", "z_score": null, "sampled_dip": 55.0, "dip_best": 55, "sr_best": 0.35 }, "geometry": { "type": "LineString", "coordinates": [ [ 1591332.3766, 5218265.240299999713898 ], [ 1595978.551599999889731, 5218287.751899999566376 ], [ 1598890.135499999858439, 5221180.837899999693036 ], [ 1604369.354899999685585, 5224219.162399999797344 ], [ 1609635.840900000184774, 5226444.545300000347197 ], [ 1613828.7374, 5228081.7873 ], [ 1618620.5724, 5229587.709699999541044 ], [ 1628510.966199999675155, 5235053.989099999889731 ] ] } },
{ "type": "Feature", "properties": { "name": "Leonard Mound", "z_score": null, "sampled_dip": 50.0, "dip_best": 50, "sr_best": 0.9 }, "geometry": { "type": "LineString", "coordinates": [ [ 1587458.227800000458956, 5263233.81290000025183 ], [ 1593864.1217, 5264723.0707 ], [ 1598226.842799999751151, 5266946.442699999548495 ], [ 1601227.9978, 5269352.497700000181794 ], [ 1603548.783699999563396, 5271757.623800000175834 ], [ 1608193.443599999882281, 5275084.9561 ] ] } },
{ "type": "Feature", "properties": { "name": "Levin Anticline", "z_score": null, "sampled_dip": 60.0, "dip_best": 60, "sr_best": 0.2 }, "geometry": { "type": "LineString", "coordinates": [ [ 1803338.668100000359118, 5512894.185700000263751 ], [ 1796036.1535, 5504877.294700000435114 ], [ 1789456.428899999707937, 5495604.542600000277162 ] ] } },
{ "type": "Feature", "properties": { "name": "Lindis River", "z_score": null, "sampled_dip": 60.0, "dip_best": 60, "sr_best": 0.05 }, "geometry": { "type": "LineString", "coordinates": [ [ 1310568.869199999608099, 5042114.403900000266731 ], [ 1316455.8602, 5043503.469200000166893 ], [ 1320953.785799999721348, 5046876.9134 ], [ 1321681.3914, 5047935.2489 ], [ 1327899.112200000323355, 5062355.06940000038594 ], [ 1328031.4041, 5066389.973299999721348 ] ] } },
{ "type": "Feature", "properties": { "name": "Little Hillfoot", "z_score": null, "sampled_dip": 75.0, "dip_best": 75, "sr_best": 0.05 }, "geometry": { "type": "LineString", "coordinates": [ [ 1357640.3119, 4851369.14159999974072 ], [ 1352123.738400000147521, 4860497.284900000318885 ], [ 1350417.172500000335276, 4862124.475599999539554 ], [ 1337320.271300000138581, 4869387.302699999883771 ], [ 1333589.638799999840558, 4870181.0543 ] ] } },
{ "type": "Feature", "properties": { "name": "Little Valley", "z_score": null, "sampled_dip": 45.0, "dip_best": 45, "sr_best": 0.05 }, "geometry": { "type": "LineString", "coordinates": [ [ 1332558.1568, 4988713.120000000111759 ], [ 1328986.274600000120699, 4986490.615600000135601 ], [ 1327557.521800000220537, 4984823.737200000323355 ], [ 1326366.894399999640882, 4981331.230200000107288 ], [ 1324065.0148, 4977679.972900000400841 ], [ 1320651.88300000037998, 4970536.208599999547005 ], [ 1318508.753700000233948, 4962995.568599999882281 ], [ 1316524.374699999578297, 4958233.059000000357628 ], [ 1312634.991899999789894, 4950454.293499999679625 ] ] } },
{ "type": "Feature", "properties": { "name": "Livingstone", "z_score": null, "sampled_dip": 60.0, "dip_best": 60, "sr_best": 0.5 }, "geometry": { "type": "LineString", "coordinates": [ [ 1222707.729600000195205, 5060349.028699999675155 ], [ 1218788.07120000012219, 5050659.590099999681115 ], [ 1215988.849499999545515, 5041544.207000000402331 ], [ 1215410.126199999824166, 5032663.439500000327826 ], [ 1215883.165500000119209, 5024484.339499999769032 ], [ 1216230.055200000293553, 5021849.4309 ], [ 1215105.573800000362098, 5017682.235100000165403 ], [ 1214245.676300000399351, 5010340.0329 ], [ 1214907.135900000110269, 5003460.8525 ], [ 1215436.303600000217557, 4996449.380099999718368 ] ] } },
{ "type": "Feature", "properties": { "name": "Logan Burn", "z_score": null, "sampled_dip": 60.0, "dip_best": 60, "sr_best": 0.05 }, "geometry": { "type": "LineString", "coordinates": [ [ 1341880.107699999585748, 4945401.292899999767542 ], [ 1342991.359899999573827, 4946036.294200000353158 ], [ 1344578.863099999725819, 4947980.985600000247359 ], [ 1346444.1793, 4952306.931699999608099 ], [ 1348706.371399999596179, 4954727.874099999666214 ], [ 1352198.878399999812245, 4957109.1288 ], [ 1355373.884700000286102, 4959807.884200000204146 ], [ 1358667.95380000025034, 4963935.3925 ], [ 1360572.957600000314415, 4965364.145399999804795 ] ] } },
{ "type": "Feature", "properties": { "name": "London Hill", "z_score": null, "sampled_dip": 50.0, "dip_best": 50, "sr_best": 0.2 }, "geometry": { "type": "LineString", "coordinates": [ [ 1689692.809500000439584, 5354993.5702 ], [ 1703895.948099999688566, 5384629.202399999834597 ] ] } },
{ "type": "Feature", "properties": { "name": "Long Valley", "z_score": null, "sampled_dip": 60.0, "dip_best": 60, "sr_best": 0.2 }, "geometry": { "type": "LineString", "coordinates": [ [ 1348460.9698, 4977497.4101 ], [ 1347468.780299999751151, 4975393.968399999663234 ], [ 1346000.3399, 4974203.341 ], [ 1343261.8969, 4971266.460099999792874 ], [ 1340171.2489, 4967526.95920000039041 ], [ 1337824.698599999770522, 4964598.9468 ], [ 1335496.8043, 4960745.312 ] ] } },
{ "type": "Feature", "properties": { "name": "Lowry", "z_score": null, "sampled_dip": 50.0, "dip_best": 50, "sr_best": 0.3 }, "geometry": { "type": "LineString", "coordinates": [ [ 1605048.570899999700487, 5269535.83490000013262 ], [ 1591421.27489999961108, 5256710.490500000305474 ], [ 1582948.798700000159442, 5253867.8092 ], [ 1574965.622100000269711, 5249689.094200000166893 ], [ 1570899.618300000205636, 5245971.444299999624491 ] ] } },
{ "type": "Feature", "properties": { "name": "Lyell", "z_score": null, "sampled_dip": 60.0, "dip_best": 60, "sr_best": 0.5 }, "geometry": { "type": "LineString", "coordinates": [ [ 1516422.57799999974668, 5356942.71059999987483 ], [ 1517600.473600000143051, 5359891.748499999754131 ], [ 1519191.0625, 5364164.844200000166893 ], [ 1519560.767, 5366812.95990000013262 ], [ 1520721.467000000178814, 5368627.091099999845028 ], [ 1523395.3722, 5371490.151200000196695 ], [ 1525023.222, 5374207.049100000411272 ], [ 1525410.605700000189245, 5378701.891699999570847 ], [ 1526914.733199999667704, 5382518.2347 ], [ 1527839.977099999785423, 5383563.430200000293553 ], [ 1528680.143699999898672, 5385475.870299999602139 ], [ 1529482.603000000119209, 5388502.288200000301003 ], [ 1530457.017799999564886, 5390107.206799999810755 ], [ 1532269.904799999669194, 5392094.166600000113249 ] ] } },
{ "type": "Feature", "properties": { "name": "Lyell South", "z_score": null, "sampled_dip": 60.0, "dip_best": 60, "sr_best": 0.5 }, "geometry": { "type": "LineString", "coordinates": [ [ 1485970.4523, 5310618.416799999773502 ], [ 1490149.704, 5314803.661500000394881 ], [ 1491844.221, 5315961.029799999669194 ], [ 1493310.586500000208616, 5318015.658300000242889 ], [ 1496192.006, 5319937.873499999754131 ], [ 1498046.354500000365078, 5322555.884399999864399 ], [ 1499333.0609, 5324248.226300000213087 ], [ 1499860.39130000025034, 5326357.547799999825656 ], [ 1500502.358799999579787, 5328627.3613 ], [ 1501167.253600000403821, 5331401.5777000002563 ], [ 1501530.611200000159442, 5332244.8997 ], [ 1503528.776700000278652, 5333648.463700000196695 ], [ 1506096.6464, 5337156.357200000435114 ], [ 1507862.056900000199676, 5339678.372100000269711 ], [ 1508989.922500000335276, 5341943.619099999777973 ], [ 1510108.942900000140071, 5344859.966400000266731 ], [ 1511461.660000000149012, 5346075.119 ], [ 1511813.102800000458956, 5349580.682500000111759 ], [ 1512992.139999999664724, 5352052.024799999780953 ], [ 1513869.037899999879301, 5354268.801599999889731 ], [ 1515193.095700000412762, 5356065.737200000323355 ] ] } },
{ "type": "Feature", "properties": { "name": "Madagascar", "z_score": null, "sampled_dip": 30.0, "dip_best": 30, "sr_best": 0.75 }, "geometry": { "type": "LineString", "coordinates": [ [ 1197172.144899999722838, 5100587.3712 ], [ 1175751.966699999757111, 5086181.077200000174344 ], [ 1164303.127100000157952, 5071033.366399999707937 ], [ 1154329.841300000436604, 5063641.838899999856949 ], [ 1147683.3805, 5050338.018400000408292 ] ] } },
{ "type": "Feature", "properties": { "name": "Madden Banks", "z_score": null, "sampled_dip": 30.0, "dip_best": 30, "sr_best": 2.5 }, "geometry": { "type": "LineString", "coordinates": [ [ 1932826.8048, 5464531.8158 ], [ 1936439.966300000436604, 5465736.20299999974668 ], [ 1939379.1119, 5468113.425599999725819 ], [ 1940827.3767, 5485608.591199999675155 ], [ 1945816.980700000189245, 5489823.9463 ], [ 1949059.784199999645352, 5496960.11670000012964 ], [ 1949172.0592, 5503158.232900000177324 ], [ 1951408.778300000354648, 5508922.085699999704957 ], [ 1961818.1245, 5522256.3723 ], [ 1964312.9265, 5529310.639999999664724 ], [ 1964915.1201, 5534816.409900000318885 ] ] } },
{ "type": "Feature", "properties": { "name": "Mahia 2", "z_score": null, "sampled_dip": 30.0, "dip_best": 30, "sr_best": 0.4 }, "geometry": { "type": "LineString", "coordinates": [ [ 2037439.900899999774992, 5654147.551 ], [ 2035986.692699999548495, 5644923.369900000281632 ], [ 2036160.595200000330806, 5634406.229299999773502 ] ] } },
{ "type": "Feature", "properties": { "name": "Maimai", "z_score": null, "sampled_dip": 45.0, "dip_best": 45, "sr_best": 1.5 }, "geometry": { "type": "LineString", "coordinates": [ [ 1481486.4539, 5325221.692099999636412 ], [ 1483640.756099999882281, 5328529.299200000241399 ], [ 1486553.150899999774992, 5329504.337799999862909 ], [ 1488173.304100000299513, 5331323.44400000013411 ], [ 1488713.5439, 5333212.755599999800324 ], [ 1489548.374200000427663, 5334785.094700000248849 ], [ 1491833.582600000314415, 5336016.420800000429153 ], [ 1494362.1585, 5337796.822100000455976 ], [ 1496166.8152, 5340197.166899999603629 ], [ 1497421.488300000317395, 5342627.410000000149012 ] ] } },
{ "type": "Feature", "properties": { "name": "Maimai North", "z_score": null, "sampled_dip": 60.0, "dip_best": 60, "sr_best": 1.0 }, "geometry": { "type": "LineString", "coordinates": [ [ 1511071.894000000320375, 5364061.67090000025928 ], [ 1510773.8377, 5363683.368700000457466 ], [ 1509321.091099999845028, 5361936.042600000277162 ], [ 1509031.5757, 5359990.7396 ], [ 1507578.074400000274181, 5357289.269600000232458 ], [ 1506229.324099999852479, 5354368.668399999849498 ], [ 1504989.492200000211596, 5353222.124900000169873 ], [ 1504015.504099999554455, 5352090.68709999974817 ], [ 1502237.658200000412762, 5349808.346400000154972 ], [ 1502176.059600000269711, 5347502.350200000219047 ], [ 1501857.4238, 5346154.3421 ], [ 1500387.721699999645352, 5344768.256799999624491 ], [ 1497911.561599999666214, 5343083.092299999669194 ], [ 1497421.488300000317395, 5342627.410000000149012 ] ] } },
{ "type": "Feature", "properties": { "name": "Maimai South", "z_score": null, "sampled_dip": 60.0, "dip_best": 60, "sr_best": 0.35 }, "geometry": { "type": "LineString", "coordinates": [ [ 1447184.670599999837577, 5268179.249099999666214 ], [ 1449420.092899999581277, 5270999.320299999788404 ], [ 1450241.427199999801815, 5274547.145100000314415 ], [ 1451759.464499999769032, 5276131.789300000295043 ], [ 1453409.462000000290573, 5278530.974000000394881 ], [ 1454509.97759999986738, 5280766.396300000138581 ], [ 1454785.106499999761581, 5282933.036399999633431 ], [ 1458740.0844, 5290040.532999999821186 ], [ 1460986.9704, 5292562.547899999655783 ], [ 1464001.924599999561906, 5296964.610299999825656 ], [ 1464586.573599999770522, 5299406.379300000146031 ], [ 1465068.049100000411272, 5300231.765999999828637 ], [ 1466821.995900000445545, 5302123.277200000360608 ], [ 1467441.035899999551475, 5303453.0669 ], [ 1468724.970800000242889, 5306204.355899999849498 ], [ 1468974.707100000232458, 5308433.604799999855459 ], [ 1470622.2138, 5311064.9665 ], [ 1471344.427199999801815, 5314366.513299999758601 ], [ 1473098.3739, 5315965.700000000186265 ], [ 1474112.9117, 5317100.606700000353158 ], [ 1475196.231800000183284, 5317736.842299999669194 ], [ 1476313.942900000140071, 5317874.406700000166893 ], [ 1478342.283300000242889, 5318736.283200000412762 ], [ 1479942.205299999564886, 5320608.500199999660254 ], [ 1480675.388399999588728, 5323074.586199999786913 ], [ 1481533.957999999634922, 5325302.6584 ] ] } },
{ "type": "Feature", "properties": { "name": "Makuri - Waewaepa", "z_score": null, "sampled_dip": 70.0, "dip_best": 70, "sr_best": 3.5 }, "geometry": { "type": "LineString", "coordinates": [ [ 1849209.719200000166893, 5506697.713499999605119 ], [ 1854561.548999999649823, 5509259.224399999715388 ], [ 1865226.988199999555945, 5523710.282100000418723 ] ] } },
{ "type": "Feature", "properties": { "name": "Maleme", "z_score": null, "sampled_dip": 45.0, "dip_best": 45, "sr_best": 4.2 }, "geometry": { "type": "LineString", "coordinates": [ [ 1884431.307799999602139, 5757192.190899999812245 ], [ 1871178.970599999651313, 5745980.076100000180304 ] ] } },
{ "type": "Feature", "properties": { "name": "Manahi 1", "z_score": null, "sampled_dip": 60.0, "dip_best": 60, "sr_best": 0.03 }, "geometry": { "type": "LineString", "coordinates": [ [ 1656204.806200000457466, 5630806.576999999582767 ], [ 1658349.125, 5631782.0 ], [ 1659882.125, 5633003.2813 ], [ 1661450.125, 5635395.453099999576807 ], [ 1664608.676799999549985, 5636735.738599999807775 ], [ 1666806.760900000110269, 5638103.065700000151992 ] ] } },
{ "type": "Feature", "properties": { "name": "Manahi 2", "z_score": null, "sampled_dip": 60.0, "dip_best": 60, "sr_best": 0.09 }, "geometry": { "type": "LineString", "coordinates": [ [ 1654951.67339999973774, 5642715.934100000187755 ], [ 1659741.7237, 5646265.704400000162423 ], [ 1661623.125, 5647867.789099999703467 ], [ 1663560.1069, 5650872.0104 ] ] } },
{ "type": "Feature", "properties": { "name": "Mangatangi", "z_score": null, "sampled_dip": 65.0, "dip_best": 65, "sr_best": 0.1 }, "geometry": { "type": "LineString", "coordinates": [ [ 1790317.205299999564886, 5878642.5537 ], [ 1791932.0296, 5879730.035500000230968 ], [ 1793551.2829, 5882460.540900000371039 ], [ 1794472.034699999727309, 5885191.046400000341237 ], [ 1795472.1617, 5886683.2994 ], [ 1798532.929100000299513, 5889176.0428 ], [ 1799628.306300000287592, 5889771.356499999761581 ], [ 1801874.623200000263751, 5890446.045300000347197 ] ] } },
{ "type": "Feature", "properties": { "name": "Marlborough Slope 11", "z_score": null, "sampled_dip": 55.0, "dip_best": 55, "sr_best": 0.3 }, "geometry": { "type": "LineString", "coordinates": [ [ 1685818.304999999701977, 5281178.562400000169873 ], [ 1684466.47510000038892, 5278647.935700000263751 ], [ 1681943.193799999542534, 5272132.238599999807775 ] ] } },
{ "type": "Feature", "properties": { "name": "Marlborough Slope 2", "z_score": null, "sampled_dip": 45.0, "dip_best": 45, "sr_best": 1.0 }, "geometry": { "type": "LineString", "coordinates": [ [ 1672910.845800000242889, 5283845.567699999548495 ], [ 1678308.356599999591708, 5289878.079800000414252 ], [ 1680425.027499999850988, 5291359.7494 ], [ 1695030.056800000369549, 5294958.0899 ] ] } },
{ "type": "Feature", "properties": { "name": "Marlborough Slope 3", "z_score": null, "sampled_dip": 55.0, "dip_best": 55, "sr_best": 0.3 }, "geometry": { "type": "LineString", "coordinates": [ [ 1750312.2972, 5317391.772099999710917 ], [ 1738611.2489, 5314154.832100000232458 ], [ 1729292.6864, 5313188.453200000338256 ] ] } },
{ "type": "Feature", "properties": { "name": "Marlborough Slope 4", "z_score": null, "sampled_dip": 45.0, "dip_best": 45, "sr_best": 0.5 }, "geometry": { "type": "LineString", "coordinates": [ [ 1723154.340800000354648, 5314035.121600000187755 ], [ 1723035.25789999961853, 5314006.470700000412762 ], [ 1718754.550300000235438, 5306273.457600000314415 ], [ 1713313.699500000104308, 5302467.230499999597669 ], [ 1703323.597900000400841, 5299823.699900000356138 ] ] } },
{ "type": "Feature", "properties": { "name": "Marlborough Slope 9", "z_score": null, "sampled_dip": 55.0, "dip_best": 55, "sr_best": 0.28 }, "geometry": { "type": "LineString", "coordinates": [ [ 1694265.405600000172853, 5277409.92949999962002 ], [ 1690639.831899999640882, 5276100.403300000354648 ], [ 1682666.151100000366569, 5269894.348199999891222 ] ] } },
{ "type": "Feature", "properties": { "name": "Martinborough", "z_score": null, "sampled_dip": 65.0, "dip_best": 65, "sr_best": 0.1 }, "geometry": { "type": "LineString", "coordinates": [ [ 1799144.449, 5430210.089100000448525 ], [ 1802105.555800000205636, 5432165.501199999824166 ], [ 1810292.947200000286102, 5438786.004300000146031 ], [ 1813309.821399999782443, 5447221.449 ] ] } },
{ "type": "Feature", "properties": { "name": "Mascarin", "z_score": null, "sampled_dip": 70.0, "dip_best": 70, "sr_best": 0.1 }, "geometry": { "type": "LineString", "coordinates": [ [ 1781517.005400000140071, 5547492.687 ], [ 1778539.196600000374019, 5543876.361999999731779 ], [ 1771451.4353, 5530453.897699999623001 ], [ 1770813.017799999564886, 5526247.106999999843538 ], [ 1766772.235100000165403, 5519379.107699999585748 ], [ 1766130.561300000175834, 5514790.440999999642372 ], [ 1761518.299700000323355, 5502706.621799999848008 ], [ 1758491.1804, 5497261.48369999974966 ] ] } },
{ "type": "Feature", "properties": { "name": "Masterton", "z_score": null, "sampled_dip": 65.0, "dip_best": 65, "sr_best": 1.5 }, "geometry": { "type": "LineString", "coordinates": [ [ 1830118.873599999584258, 5465609.890599999576807 ], [ 1829097.03139999974519, 5464793.871299999766052 ], [ 1827919.992600000463426, 5464464.981200000271201 ], [ 1824876.454800000414252, 5464693.98589999973774 ], [ 1817742.0186, 5461545.4446 ], [ 1813788.407599999569356, 5461356.967000000178814 ], [ 1808834.668600000441074, 5459017.28760000038892 ] ] } },
{ "type": "Feature", "properties": { "name": "Mataikona", "z_score": null, "sampled_dip": 30.0, "dip_best": 30, "sr_best": 4.0 }, "geometry": { "type": "LineString", "coordinates": [ [ 1866910.440700000151992, 5453491.513600000180304 ], [ 1881108.771800000220537, 5475498.8185 ], [ 1887314.77379999961704, 5489619.027300000190735 ], [ 1898019.202499999664724, 5501665.211500000208616 ], [ 1908169.683400000445545, 5509176.5592 ] ] } },
{ "type": "Feature", "properties": { "name": "Mataikona East", "z_score": null, "sampled_dip": 30.0, "dip_best": 30, "sr_best": 0.25 }, "geometry": { "type": "LineString", "coordinates": [ [ 1895132.9527000002563, 5482592.361499999649823 ], [ 1883823.221099999733269, 5462375.3328 ] ] } },
{ "type": "Feature", "properties": { "name": "Matata", "z_score": null, "sampled_dip": 45.0, "dip_best": 45, "sr_best": 1.8 }, "geometry": { "type": "LineString", "coordinates": [ [ 1924118.711900000460446, 5789395.728900000452995 ], [ 1931335.774400000460446, 5798770.871600000187755 ], [ 1934602.386900000274181, 5800706.4074 ], [ 1936330.60219999961555, 5801271.982699999585748 ], [ 1938972.0932, 5803362.976700000464916 ] ] } },
{ "type": "Feature", "properties": { "name": "Maunga", "z_score": null, "sampled_dip": 70.0, "dip_best": 70, "sr_best": 0.4 }, "geometry": { "type": "LineString", "coordinates": [ [ 1856829.7188, 5529266.391699999570847 ], [ 1857797.464800000190735, 5530224.705500000156462 ], [ 1858855.083599999547005, 5531074.248700000345707 ], [ 1860548.420300000347197, 5534302.171799999661744 ], [ 1860521.961900000460446, 5535201.75690000038594 ], [ 1861196.650700000114739, 5536656.9682 ], [ 1864875.4183, 5540979.713100000284612 ], [ 1869928.302000000141561, 5545746.512500000186265 ], [ 1873157.4671, 5548643.466900000348687 ] ] } },
{ "type": "Feature", "properties": { "name": "Maungati", "z_score": null, "sampled_dip": 60.0, "dip_best": 60, "sr_best": 0.07 }, "geometry": { "type": "LineString", "coordinates": [ [ 1441178.931800000369549, 5082003.932799999602139 ], [ 1436762.707600000314415, 5076858.464800000190735 ], [ 1438700.248100000433624, 5070819.738199999555945 ], [ 1446071.745699999853969, 5058935.865000000223517 ], [ 1450431.309899999760091, 5057337.009499999694526 ] ] } },
{ "type": "Feature", "properties": { "name": "Maungatua - North Taieri", "z_score": null, "sampled_dip": 45.0, "dip_best": 45, "sr_best": 0.05 }, "geometry": { "type": "LineString", "coordinates": [ [ 1361908.2242, 4913063.191800000146031 ], [ 1366194.482699999585748, 4910602.5619 ], [ 1368734.487800000235438, 4909967.560600000433624 ], [ 1371591.99349999986589, 4910443.811599999666214 ], [ 1375719.501799999736249, 4910364.4364 ], [ 1378894.508100000210106, 4914888.82039999961853 ], [ 1381037.637400000356138, 4918460.702600000426173 ], [ 1388571.801900000311434, 4918641.097199999727309 ], [ 1391925.263399999588728, 4920635.581899999640882 ], [ 1394835.6858, 4921323.5 ] ] } },
{ "type": "Feature", "properties": { "name": "McKerchar", "z_score": null, "sampled_dip": 60.0, "dip_best": 60, "sr_best": 0.07 }, "geometry": { "type": "LineString", "coordinates": [ [ 1199525.107699999585748, 4940627.359899999573827 ], [ 1194445.097500000149012, 4935018.182 ], [ 1191375.924700000323355, 4931419.8415 ], [ 1189629.67119999974966, 4926763.165500000119209 ], [ 1188624.252500000409782, 4920783.5702 ], [ 1189841.3383, 4915174.392300000414252 ], [ 1191739.7275, 4911689.65749999973923 ], [ 1194210.295199999585748, 4908425.31940000038594 ], [ 1199402.0762, 4904090.808899999596179 ] ] } },
{ "type": "Feature", "properties": { "name": "Mid Dome", "z_score": null, "sampled_dip": 60.0, "dip_best": 60, "sr_best": 0.05 }, "geometry": { "type": "LineString", "coordinates": [ [ 1260753.30599999986589, 4952832.439799999818206 ], [ 1259364.2407, 4951492.984000000171363 ], [ 1255560.837799999862909, 4949953.485399999655783 ], [ 1253774.906600000336766, 4948995.973799999803305 ], [ 1249144.67920000012964, 4944331.078300000168383 ], [ 1245500.046299999579787, 4939894.2889 ], [ 1244547.5444, 4936269.490000000223517 ], [ 1243409.833800000138581, 4931030.729600000195205 ], [ 1243282.833499999716878, 4928469.557799999602139 ], [ 1244256.5022, 4926247.053299999795854 ] ] } },
{ "type": "Feature", "properties": { "name": "Middle Range", "z_score": null, "sampled_dip": 60.0, "dip_best": 60, "sr_best": 0.05 }, "geometry": { "type": "LineString", "coordinates": [ [ 1369114.574699999764562, 5058397.536299999803305 ], [ 1372091.1431, 5053701.1727 ], [ 1374803.1277, 5050363.006299999542534 ], [ 1375808.546400000341237, 5046711.748999999836087 ], [ 1383568.85010000038892, 5037407.9781 ], [ 1385156.35329999960959, 5032724.8437 ], [ 1389601.362200000323355, 5028676.71059999987483 ], [ 1393331.994699999690056, 5024311.076899999752641 ] ] } },
{ "type": "Feature", "properties": { "name": "Milford Basin 5 to George R2", "z_score": null, "sampled_dip": 60.0, "dip_best": 60, "sr_best": 0.4 }, "geometry": { "type": "LineString", "coordinates": [ [ 1156233.207899999804795, 5082086.805700000375509 ], [ 1152238.469399999827147, 5075948.548999999649823 ], [ 1149768.3054, 5071074.631699999794364 ], [ 1144485.710400000214577, 5064955.50690000038594 ], [ 1138201.055800000205636, 5060804.732699999585748 ], [ 1135132.0395, 5054361.310100000351667 ], [ 1129463.426400000229478, 5048522.944799999706447 ], [ 1128954.868300000205636, 5043455.980999999679625 ] ] } },
{ "type": "Feature", "properties": { "name": "Mohaka North", "z_score": null, "sampled_dip": 85.0, "dip_best": 85, "sr_best": 2.0 }, "geometry": { "type": "LineString", "coordinates": [ [ 1896027.499699999578297, 5620823.000199999660254 ], [ 1899051.395200000144541, 5627422.237099999561906 ], [ 1903491.637299999594688, 5636360.919700000435114 ], [ 1911720.5417, 5651676.171699999831617 ], [ 1919680.253399999812245, 5663892.0482 ], [ 1923545.2105, 5668042.712899999693036 ], [ 1924995.007799999788404, 5673579.755599999800324 ] ] } },
{ "type": "Feature", "properties": { "name": "Mohaka South", "z_score": null, "sampled_dip": 80.0, "dip_best": 80, "sr_best": 4.0 }, "geometry": { "type": "LineString", "coordinates": [ [ 1837246.484299999661744, 5527752.685499999672174 ], [ 1840131.546400000341237, 5530912.14130000025034 ], [ 1845836.935700000263751, 5538663.417299999855459 ], [ 1849770.029900000430644, 5542542.764700000174344 ], [ 1851949.209800000302494, 5545699.992499999701977 ], [ 1852930.279799999669194, 5547920.26549999974668 ], [ 1854351.2012, 5549973.701100000180304 ], [ 1860971.323599999770522, 5559740.924800000153482 ], [ 1864367.607800000347197, 5565966.325299999676645 ], [ 1869537.926400000229478, 5573330.346400000154972 ], [ 1872830.871600000187755, 5578649.206899999640882 ], [ 1878763.917000000365078, 5589908.882399999536574 ], [ 1879477.893699999898672, 5592128.536899999715388 ], [ 1883115.729299999773502, 5600245.868800000287592 ], [ 1888100.378899999894202, 5608568.294200000353158 ], [ 1896027.499699999578297, 5620823.000199999660254 ] ] } },
{ "type": "Feature", "properties": { "name": "Mokonui Northeast", "z_score": null, "sampled_dip": 70.0, "dip_best": 70, "sr_best": 0.5 }, "geometry": { "type": "LineString", "coordinates": [ [ 1859559.981800000183284, 5483145.943699999712408 ], [ 1846589.1935, 5477857.621500000357628 ], [ 1835536.4134, 5475949.574400000274181 ] ] } },
{ "type": "Feature", "properties": { "name": "Mokonui Southwest", "z_score": null, "sampled_dip": 90.0, "dip_best": 90, "sr_best": 0.5 }, "geometry": { "type": "LineString", "coordinates": [ [ 1835536.4134, 5475949.574400000274181 ], [ 1832875.807300000451505, 5474395.526200000196695 ], [ 1823145.1946, 5470284.847400000318885 ], [ 1819634.8821, 5467592.444199999794364 ], [ 1812685.616100000217557, 5463930.5214 ] ] } },
{ "type": "Feature", "properties": { "name": "Monowai", "z_score": null, "sampled_dip": 70.0, "dip_best": 70, "sr_best": 1.2 }, "geometry": { "type": "LineString", "coordinates": [ [ 1164945.6283, 4897808.5049 ], [ 1167856.050800000317395, 4902676.848000000230968 ], [ 1179497.740799999795854, 4916170.625 ], [ 1181062.517199999652803, 4921478.7018 ], [ 1183075.758500000461936, 4926812.136699999682605 ] ] } },
{ "type": "Feature", "properties": { "name": "Moonlight North", "z_score": null, "sampled_dip": 60.0, "dip_best": 60, "sr_best": 0.05 }, "geometry": { "type": "LineString", "coordinates": [ [ 1272853.4869, 5098735.086900000460446 ], [ 1270756.961500000208616, 5092580.287100000306964 ], [ 1268011.60219999961555, 5080796.301 ], [ 1261740.964700000360608, 5066111.896599999628961 ], [ 1254835.325899999588728, 5038251.215900000184774 ], [ 1251321.739299999549985, 5013374.794599999673665 ], [ 1247444.896099999547005, 4998659.835799999535084 ] ] } },
{ "type": "Feature", "properties": { "name": "Moonlight South", "z_score": null, "sampled_dip": 60.0, "dip_best": 60, "sr_best": 0.05 }, "geometry": { "type": "LineString", "coordinates": [ [ 1244259.137199999764562, 4994851.194199999794364 ], [ 1235924.745500000193715, 4983870.963899999856949 ], [ 1229155.0801, 4972915.0855 ], [ 1225226.737999999895692, 4964851.353000000119209 ], [ 1223294.6097, 4961701.340699999593198 ], [ 1216257.345099999569356, 4955366.021499999798834 ], [ 1209009.400899999774992, 4947416.930100000463426 ], [ 1200383.967000000178814, 4941754.835400000214577 ] ] } },
{ "type": "Feature", "properties": { "name": "Moonshine", "z_score": null, "sampled_dip": 90.0, "dip_best": 90, "sr_best": 0.2 }, "geometry": { "type": "LineString", "coordinates": [ [ 1750218.533699999563396, 5435638.588899999856949 ], [ 1759518.0822, 5444282.3717 ], [ 1769047.503200000151992, 5450177.324400000274181 ], [ 1776520.625300000421703, 5456984.754499999806285 ], [ 1778177.778099999763072, 5457884.56900000013411 ] ] } },
{ "type": "Feature", "properties": { "name": "Mossburn", "z_score": null, "sampled_dip": 60.0, "dip_best": 60, "sr_best": 0.5 }, "geometry": { "type": "LineString", "coordinates": [ [ 1211955.440100000239909, 4922407.3021 ], [ 1216188.566700000315905, 4923043.423899999819696 ], [ 1221497.415, 4924063.010300000198185 ], [ 1228740.387000000104308, 4931676.387799999676645 ], [ 1229327.355100000277162, 4933027.698400000110269 ], [ 1229557.800300000235438, 4937898.421400000341237 ] ] } },
{ "type": "Feature", "properties": { "name": "Motatapu", "z_score": null, "sampled_dip": 60.0, "dip_best": 60, "sr_best": 0.32 }, "geometry": { "type": "LineString", "coordinates": [ [ 1274954.9112, 5037745.4074 ], [ 1279783.566700000315905, 5040655.829900000244379 ], [ 1282892.4271, 5043367.814500000327826 ], [ 1284001.0334, 5044688.088000000454485 ], [ 1287176.039800000376999, 5050905.8087 ], [ 1293129.176699999719858, 5059504.784300000406802 ] ] } },
{ "type": "Feature", "properties": { "name": "Motu", "z_score": null, "sampled_dip": 80.0, "dip_best": 80, "sr_best": 0.5 }, "geometry": { "type": "LineString", "coordinates": [ [ 2002503.909, 5777324.84499999973923 ], [ 2002867.296900000423193, 5767879.355100000277162 ], [ 2004351.673100000247359, 5756178.120799999684095 ] ] } },
{ "type": "Feature", "properties": { "name": "Motu River", "z_score": null, "sampled_dip": 60.0, "dip_best": 60, "sr_best": 0.03 }, "geometry": { "type": "LineString", "coordinates": [ [ 2003385.208800000138581, 5799055.503200000151992 ], [ 2012001.459099999628961, 5799099.6217 ], [ 2016594.66469999961555, 5799061.55599999986589 ], [ 2023579.758899999782443, 5797613.974700000137091 ] ] } },
{ "type": "Feature", "properties": { "name": "Motu o Kura East", "z_score": null, "sampled_dip": 30.0, "dip_best": 30, "sr_best": 2.0 }, "geometry": { "type": "LineString", "coordinates": [ [ 2027797.071700000204146, 5583512.036899999715388 ], [ 2005434.145600000396371, 5569743.637799999676645 ], [ 1998896.043800000101328, 5563721.701999999582767 ], [ 1984013.259499999694526, 5550645.4984 ], [ 1981604.4852, 5546860.281600000336766 ], [ 1978163.378999999724329, 5545225.756099999882281 ], [ 1976356.7982, 5542730.95409999974072 ], [ 1965345.258399999700487, 5535074.49280000012368 ] ] } },
{ "type": "Feature", "properties": { "name": "Motu o Kura North", "z_score": null, "sampled_dip": 30.0, "dip_best": 30, "sr_best": 1.0 }, "geometry": { "type": "LineString", "coordinates": [ [ 1991668.140800000168383, 5571994.818300000391901 ], [ 2002118.856800000183284, 5584743.329900000244379 ], [ 2021636.2275, 5597289.5422 ] ] } },
{ "type": "Feature", "properties": { "name": "Motu o Kura Ridge", "z_score": null, "sampled_dip": 30.0, "dip_best": 30, "sr_best": 1.5 }, "geometry": { "type": "LineString", "coordinates": [ [ 1959753.460799999535084, 5543763.286000000312924 ], [ 1967668.005099999718368, 5551935.913200000301003 ], [ 1981114.15610000025481, 5561424.792100000195205 ], [ 1986077.637900000438094, 5567139.905399999581277 ], [ 1988486.697499999776483, 5570431.859000000171363 ], [ 1991668.140800000168383, 5571994.818099999800324 ] ] } },
{ "type": "Feature", "properties": { "name": "Motunau", "z_score": null, "sampled_dip": 55.0, "dip_best": 55, "sr_best": 0.3 }, "geometry": { "type": "LineString", "coordinates": [ [ 1593087.164900000207126, 5224004.91509999986738 ], [ 1604067.919300000183284, 5226598.391900000162423 ], [ 1613702.759800000116229, 5230287.5291 ], [ 1618861.832999999634922, 5231570.8185 ] ] } },
{ "type": "Feature", "properties": { "name": "Moumahaki - Okaia 4", "z_score": null, "sampled_dip": 70.0, "dip_best": 70, "sr_best": 0.19 }, "geometry": { "type": "LineString", "coordinates": [ [ 1730144.518299999646842, 5569275.4156 ], [ 1732342.608099999837577, 5572945.903400000184774 ], [ 1736777.725399999879301, 5582116.5066 ], [ 1744288.0433, 5596562.636599999852479 ], [ 1748805.66579999960959, 5605228.218299999833107 ] ] } },
{ "type": "Feature", "properties": { "name": "Mt Arden", "z_score": null, "sampled_dip": 50.0, "dip_best": 50, "sr_best": 0.15 }, "geometry": { "type": "LineString", "coordinates": [ [ 1562033.9835, 5247712.782999999821186 ], [ 1561616.710099999792874, 5245345.448400000110269 ], [ 1560280.022300000302494, 5243623.602900000289083 ], [ 1559474.489199999719858, 5237688.857900000177324 ], [ 1557019.648299999535084, 5232963.171400000341237 ], [ 1556556.6266, 5228167.588899999856949 ] ] } },
{ "type": "Feature", "properties": { "name": "Mt Culverden", "z_score": null, "sampled_dip": 50.0, "dip_best": 50, "sr_best": 0.75 }, "geometry": { "type": "LineString", "coordinates": [ [ 1575296.978900000452995, 5271159.208999999798834 ], [ 1587308.309899999760091, 5270636.461400000378489 ], [ 1592996.661000000312924, 5271609.4808 ], [ 1595510.207700000144541, 5274017.19400000013411 ], [ 1597441.6699, 5276557.199099999852479 ], [ 1600405.009100000374019, 5278038.868700000457466 ] ] } },
{ "type": "Feature", "properties": { "name": "Mt Lawry", "z_score": null, "sampled_dip": 60.0, "dip_best": 60, "sr_best": 0.27 }, "geometry": { "type": "LineString", "coordinates": [ [ 1556096.6639, 5223040.341699999757111 ], [ 1555071.401399999856949, 5221618.203499999828637 ], [ 1554079.211900000460446, 5219832.262400000356138 ], [ 1552424.8448, 5218390.641200000420213 ], [ 1550236.701899999752641, 5217355.180700000375509 ], [ 1548204.854899999685585, 5216749.534 ], [ 1547166.958499999716878, 5216161.161299999803305 ], [ 1546309.766900000162423, 5215030.278900000266731 ], [ 1545744.820299999788404, 5212490.060200000181794 ] ] } },
{ "type": "Feature", "properties": { "name": "Mt Stewart", "z_score": null, "sampled_dip": 60.0, "dip_best": 60, "sr_best": 0.3 }, "geometry": { "type": "LineString", "coordinates": [ [ 1811597.848799999803305, 5554204.599600000306964 ], [ 1813217.291199999861419, 5542989.044099999591708 ], [ 1811488.485600000247359, 5539044.768000000156462 ], [ 1804569.8399, 5530513.5685 ] ] } },
{ "type": "Feature", "properties": { "name": "Mt Sutton", "z_score": null, "sampled_dip": 45.0, "dip_best": 45, "sr_best": 0.05 }, "geometry": { "type": "LineString", "coordinates": [ [ 1390630.167299999855459, 5058757.1585 ], [ 1395458.822800000198185, 5064511.8575 ], [ 1397244.763899999670684, 5068017.5937 ], [ 1398170.807400000281632, 5072383.227400000207126 ], [ 1396781.74210000038147, 5075161.358 ], [ 1390365.583499999716878, 5087133.777800000272691 ] ] } },
{ "type": "Feature", "properties": { "name": "Murphys Creek", "z_score": null, "sampled_dip": 45.0, "dip_best": 45, "sr_best": 0.05 }, "geometry": { "type": "LineString", "coordinates": [ [ 1387518.845300000160933, 4949563.450500000268221 ], [ 1389580.113099999725819, 4954081.99210000038147 ], [ 1395206.224899999797344, 4961312.0011 ], [ 1401741.197700000368059, 4969120.779699999839067 ], [ 1409585.157599999569356, 4974429.521599999628961 ] ] } },
{ "type": "Feature", "properties": { "name": "NW Cardrona North", "z_score": null, "sampled_dip": 60.0, "dip_best": 60, "sr_best": 0.38 }, "geometry": { "type": "LineString", "coordinates": [ [ 1284133.325400000438094, 5023647.056300000287592 ], [ 1285006.452100000344217, 5027774.564600000157952 ], [ 1288022.708100000396371, 5033886.4518 ], [ 1290007.087100000120699, 5036108.956199999898672 ], [ 1293182.093500000424683, 5038569.5861 ], [ 1293340.8438, 5042220.843500000424683 ], [ 1289372.085799999535084, 5051110.861200000159442 ] ] } },
{ "type": "Feature", "properties": { "name": "NW Cardrona South", "z_score": null, "sampled_dip": 60.0, "dip_best": 60, "sr_best": 0.38 }, "geometry": { "type": "LineString", "coordinates": [ [ 1283140.838200000114739, 4997108.765700000338256 ], [ 1280812.500199999660254, 5000072.105000000447035 ], [ 1280177.498999999836087, 5002770.860399999655783 ], [ 1278007.911299999803305, 5006951.285400000400841 ], [ 1279701.247999999672174, 5009914.624699999578297 ], [ 1280878.943900000303984, 5016503.292000000365078 ], [ 1283815.824699999764562, 5022535.804100000299513 ] ] } },
{ "type": "Feature", "properties": { "name": "Needles", "z_score": -1.0, "sampled_dip": 42.5, "dip_best": 50, "sr_best": 16.0 }, "geometry": { "type": "LineString", "coordinates": [ [ 1720945.5428, 5383621.461500000208616 ], [ 1709875.746399999596179, 5375477.391800000332296 ], [ 1704752.440999999642372, 5370059.135099999606609 ], [ 1689692.809500000439584, 5354993.5702 ] ] } },
{ "type": "Feature", "properties": { "name": "Needles East 2", "z_score": null, "sampled_dip": 45.0, "dip_best": 45, "sr_best": 0.3 }, "geometry": { "type": "LineString", "coordinates": [ [ 1714471.811200000345707, 5370510.95920000039041 ], [ 1710166.192300000227988, 5363200.115299999713898 ], [ 1695654.64989999961108, 5355114.760800000280142 ] ] } },
{ "type": "Feature", "properties": { "name": "Nevis", "z_score": null, "sampled_dip": 45.0, "dip_best": 45, "sr_best": 0.4 }, "geometry": { "type": "LineString", "coordinates": [ [ 1265838.006, 4951484.853000000119209 ], [ 1268679.037100000306964, 4959081.3619 ], [ 1271092.041899999603629, 4963039.536500000394881 ], [ 1274779.988199999555945, 4969962.461400000378489 ], [ 1278484.162200000137091, 4975730.389600000344217 ], [ 1283934.589800000190735, 4988324.581500000320375 ], [ 1283658.701100000180304, 4996034.051 ] ] } },
{ "type": "Feature", "properties": { "name": "Ngatoro South 2", "z_score": null, "sampled_dip": 45.0, "dip_best": 45, "sr_best": 2.25 }, "geometry": { "type": "LineString", "coordinates": [ [ 1983560.779299999587238, 5936534.523199999704957 ], [ 1980163.18030000012368, 5932632.593000000342727 ], [ 1977163.7374, 5930270.200000000186265 ], [ 1975093.325500000268221, 5929526.975200000219047 ], [ 1973265.91579999960959, 5928216.4106 ], [ 1969332.790300000458956, 5925609.712299999780953 ], [ 1964329.78830000013113, 5922996.2829 ] ] } },
{ "type": "Feature", "properties": { "name": "Ngatoro South 5", "z_score": null, "sampled_dip": 45.0, "dip_best": 45, "sr_best": 1.95 }, "geometry": { "type": "LineString", "coordinates": [ [ 1955432.094700000248849, 5921756.375199999660254 ], [ 1956291.142, 5922409.251199999824166 ], [ 1962304.472799999639392, 5925330.011800000444055 ], [ 1965554.010300000198185, 5926473.771999999880791 ], [ 1974443.023400000296533, 5932197.8608 ] ] } },
{ "type": "Feature", "properties": { "name": "Nichols Rock", "z_score": null, "sampled_dip": 45.0, "dip_best": 45, "sr_best": 0.05 }, "geometry": { "type": "LineString", "coordinates": [ [ 1385864.253200000151992, 4937086.597799999639392 ], [ 1384845.223199999891222, 4936495.339200000278652 ], [ 1382262.681200000457466, 4932327.0252 ], [ 1371676.145100000314415, 4927126.725499999709427 ] ] } },
{ "type": "Feature", "properties": { "name": "Norfolk", "z_score": null, "sampled_dip": 60.0, "dip_best": 60, "sr_best": 0.1 }, "geometry": { "type": "LineString", "coordinates": [ [ 1706480.606300000101328, 5661225.845099999569356 ], [ 1702138.485999999567866, 5659441.120699999853969 ] ] } },
{ "type": "Feature", "properties": { "name": "North Branch", "z_score": null, "sampled_dip": 70.0, "dip_best": 70, "sr_best": 0.15 }, "geometry": { "type": "LineString", "coordinates": [ [ 1466013.6239, 5176469.557199999690056 ], [ 1469453.214100000448525, 5178586.2281 ], [ 1470511.549499999731779, 5181126.233199999667704 ], [ 1468871.129599999636412, 5185888.742700000293553 ], [ 1467679.6979, 5193600.367499999701977 ], [ 1468098.798700000159442, 5196969.93819999974221 ], [ 1467955.552199999801815, 5200825.600499999709427 ] ] } },
{ "type": "Feature", "properties": { "name": "North Canterbury Shelf 11", "z_score": null, "sampled_dip": 55.0, "dip_best": 55, "sr_best": 0.3 }, "geometry": { "type": "LineString", "coordinates": [ [ 1617665.7873, 5230833.67960000038147 ], [ 1629905.47690000012517, 5237265.3536 ] ] } },
{ "type": "Feature", "properties": { "name": "North Canterbury Shelf 2", "z_score": null, "sampled_dip": 55.0, "dip_best": 55, "sr_best": 0.14 }, "geometry": { "type": "LineString", "coordinates": [ [ 1591873.435499999672174, 5218824.870400000363588 ], [ 1595936.717799999751151, 5218828.510200000368059 ], [ 1598617.73340000025928, 5222527.599700000137091 ], [ 1608136.5055, 5227153.7067 ] ] } },
{ "type": "Feature", "properties": { "name": "North Canterbury Shelf 4", "z_score": null, "sampled_dip": 55.0, "dip_best": 55, "sr_best": 0.1 }, "geometry": { "type": "LineString", "coordinates": [ [ 1604872.48589999973774, 5214012.008399999700487 ], [ 1609883.548700000159442, 5216227.6217 ], [ 1612326.289200000464916, 5219370.11739999987185 ], [ 1616262.8454, 5222878.49959999974817 ], [ 1623588.815700000151992, 5225078.120000000111759 ] ] } },
{ "type": "Feature", "properties": { "name": "North Mernoo E2-1", "z_score": null, "sampled_dip": 55.0, "dip_best": 55, "sr_best": 0.26 }, "geometry": { "type": "LineString", "coordinates": [ [ 1702914.635599999688566, 5251434.365600000135601 ], [ 1705504.407200000248849, 5249739.219399999827147 ], [ 1706432.994699999690056, 5249425.6354 ], [ 1712690.7303, 5246419.684899999760091 ], [ 1716374.486600000411272, 5245110.17200000025332 ], [ 1717908.024299999698997, 5244444.204699999652803 ], [ 1722770.744900000281632, 5243633.751199999824166 ], [ 1729486.381799999624491, 5241834.136099999770522 ], [ 1730649.048499999567866, 5241585.471300000324845 ], [ 1732959.308600000105798, 5240914.287200000137091 ], [ 1736107.171299999579787, 5240261.043200000189245 ], [ 1737599.224399999715388, 5240123.917600000277162 ], [ 1738578.509100000374019, 5240211.499699999578297 ], [ 1739691.346, 5240586.3317 ], [ 1742683.174999999813735, 5240844.7643 ], [ 1746141.783599999733269, 5240699.234400000423193 ] ] } },
{ "type": "Feature", "properties": { "name": "North Mernoo K2", "z_score": null, "sampled_dip": 55.0, "dip_best": 55, "sr_best": 0.215 }, "geometry": { "type": "LineString", "coordinates": [ [ 1782950.818099999800324, 5264504.762400000356138 ], [ 1779935.828200000338256, 5264809.88910000026226 ], [ 1777892.885800000280142, 5265416.199199999682605 ], [ 1764016.54, 5269652.69620000012219 ], [ 1757106.5499, 5270635.273199999704957 ], [ 1752672.121500000357628, 5269987.7774 ], [ 1746903.3097, 5271792.568300000391901 ] ] } },
{ "type": "Feature", "properties": { "name": "North Mernoo K3", "z_score": null, "sampled_dip": 55.0, "dip_best": 55, "sr_best": 0.215 }, "geometry": { "type": "LineString", "coordinates": [ [ 1783129.155500000342727, 5264798.763399999588728 ], [ 1789587.895700000226498, 5262190.2248 ], [ 1793568.553100000135601, 5260918.50690000038594 ], [ 1801778.622000000439584, 5259587.240000000223517 ], [ 1807635.352699999697506, 5260940.769500000402331 ], [ 1815563.790300000458956, 5259951.7577 ], [ 1818035.8865, 5259958.6003 ], [ 1823790.849700000137091, 5258964.092400000430644 ], [ 1825561.054399999789894, 5259188.53940000012517 ], [ 1827232.285899999551475, 5258881.395899999886751 ], [ 1831148.714300000108778, 5257495.526800000108778 ], [ 1833320.889399999752641, 5257713.596699999645352 ] ] } },
{ "type": "Feature", "properties": { "name": "Northern Ohariu", "z_score": null, "sampled_dip": 90.0, "dip_best": 90, "sr_best": 1.5 }, "geometry": { "type": "LineString", "coordinates": [ [ 1779310.784799999557436, 5481257.506400000303984 ], [ 1782612.722699999809265, 5482905.431400000117719 ], [ 1785605.273, 5484934.562800000421703 ], [ 1792506.910899999551475, 5492898.441499999724329 ], [ 1803127.2517, 5499325.017400000244379 ], [ 1806601.865199999883771, 5500664.30350000038743 ], [ 1819503.216199999675155, 5514666.787700000219047 ], [ 1821085.3509, 5516925.259999999776483 ] ] } },
{ "type": "Feature", "properties": { "name": "Nukumuru - Waitotara 1-6", "z_score": null, "sampled_dip": 70.0, "dip_best": 70, "sr_best": 0.07 }, "geometry": { "type": "LineString", "coordinates": [ [ 1733468.35120000038296, 5554417.042600000277162 ], [ 1736312.6119, 5556220.6447 ], [ 1740709.746299999766052, 5563535.352099999785423 ], [ 1743768.7719, 5576436.2051 ], [ 1745291.473899999633431, 5580104.887799999676645 ], [ 1754259.372700000181794, 5588079.3871 ], [ 1760131.28139999974519, 5594621.464200000278652 ] ] } },
{ "type": "Feature", "properties": { "name": "Oaonui", "z_score": null, "sampled_dip": 65.0, "dip_best": 65, "sr_best": 0.13 }, "geometry": { "type": "LineString", "coordinates": [ [ 1667715.461199999786913, 5638603.0778 ], [ 1668848.980499999597669, 5639024.91469999961555 ], [ 1672401.7983, 5641146.1118 ], [ 1675321.648199999704957, 5643703.687400000169873 ], [ 1678101.636, 5647231.336400000378489 ], [ 1678694.30379999987781, 5649559.6744 ], [ 1682673.645100000314415, 5653750.682799999602139 ] ] } },
{ "type": "Feature", "properties": { "name": "Ohae 1", "z_score": null, "sampled_dip": 50.0, "dip_best": 50, "sr_best": 0.05 }, "geometry": { "type": "LineString", "coordinates": [ [ 1980905.277300000190735, 5820871.025700000114739 ], [ 1989263.124699999578297, 5811528.651499999687076 ], [ 1994977.638799999840558, 5808063.502999999560416 ], [ 2003305.85950000025332, 5806119.897300000302494 ] ] } },
{ "type": "Feature", "properties": { "name": "Ohae 2", "z_score": null, "sampled_dip": 50.0, "dip_best": 50, "sr_best": 0.05 }, "geometry": { "type": "LineString", "coordinates": [ [ 1983239.7676, 5812889.717400000430644 ], [ 1995364.628499999642372, 5805548.887299999594688 ], [ 2004126.961799999698997, 5802916.5757 ] ] } },
{ "type": "Feature", "properties": { "name": "Ohae 3", "z_score": null, "sampled_dip": 70.0, "dip_best": 70, "sr_best": 0.05 }, "geometry": { "type": "LineString", "coordinates": [ [ 2000288.925800000317395, 5796875.5658 ], [ 1993821.248100000433624, 5802028.425200000405312 ] ] } },
{ "type": "Feature", "properties": { "name": "Ohariu", "z_score": null, "sampled_dip": 90.0, "dip_best": 90, "sr_best": 1.5 }, "geometry": { "type": "LineString", "coordinates": [ [ 1735845.1886, 5418638.638299999758601 ], [ 1738439.836500000208616, 5423023.60329999960959 ], [ 1739156.731700000353158, 5424768.83559999987483 ], [ 1747778.272199999541044, 5435578.490399999544024 ], [ 1754376.688299999572337, 5445406.823300000280142 ], [ 1756686.328599999658763, 5447905.026999999769032 ], [ 1759519.716799999587238, 5450449.213399999774992 ], [ 1762878.400999999605119, 5456248.864699999801815 ], [ 1764449.4923, 5457597.745799999684095 ], [ 1766798.363099999725819, 5462539.114299999549985 ], [ 1769415.3399, 5465516.50789999961853 ], [ 1770141.006699999794364, 5467992.531700000166893 ], [ 1772566.908599999733269, 5469719.4676 ], [ 1776274.78249999973923, 5474489.023 ], [ 1777390.39989999961108, 5477391.476599999703467 ] ] } },
{ "type": "Feature", "properties": { "name": "Ohariu South 1", "z_score": null, "sampled_dip": 65.0, "dip_best": 65, "sr_best": 1.5 }, "geometry": { "type": "LineString", "coordinates": [ [ 1718391.2198, 5409287.0285 ], [ 1730146.38910000026226, 5414087.844700000248849 ] ] } },
{ "type": "Feature", "properties": { "name": "Ohariu South 2", "z_score": null, "sampled_dip": 70.0, "dip_best": 70, "sr_best": 1.5 }, "geometry": { "type": "LineString", "coordinates": [ [ 1730146.38910000026226, 5414087.844700000248849 ], [ 1735845.1886, 5418638.638299999758601 ] ] } },
{ "type": "Feature", "properties": { "name": "Ohena 2", "z_score": null, "sampled_dip": 45.0, "dip_best": 45, "sr_best": 2.7 }, "geometry": { "type": "LineString", "coordinates": [ [ 1947400.3004, 5920282.361999999731779 ], [ 1960445.5027, 5931198.974299999885261 ], [ 1968324.087100000120699, 5941540.2659 ], [ 1976250.1162, 5947102.884600000455976 ] ] } },
{ "type": "Feature", "properties": { "name": "Ohena 3", "z_score": null, "sampled_dip": 45.0, "dip_best": 45, "sr_best": 2.1 }, "geometry": { "type": "LineString", "coordinates": [ [ 1941688.3059, 5918552.106599999591708 ], [ 1955096.7324, 5932138.575299999676645 ], [ 1959508.312199999578297, 5936456.114799999631941 ], [ 1967839.3673, 5941697.50719999987632 ] ] } },
{ "type": "Feature", "properties": { "name": "Ohena 4", "z_score": null, "sampled_dip": 45.0, "dip_best": 45, "sr_best": 2.0 }, "geometry": { "type": "LineString", "coordinates": [ [ 1976734.543800000101328, 5955649.8838 ], [ 1964224.8021, 5945883.914200000464916 ], [ 1950117.115500000305474, 5936617.387799999676645 ], [ 1945415.654, 5929509.897699999623001 ] ] } },
{ "type": "Feature", "properties": { "name": "Ohiwa 1", "z_score": null, "sampled_dip": 45.0, "dip_best": 45, "sr_best": 1.8 }, "geometry": { "type": "LineString", "coordinates": [ [ 1963612.074900000356138, 5815202.691399999894202 ], [ 1964227.546299999579787, 5816099.932400000281632 ], [ 1965187.434000000357628, 5816861.186300000175834 ], [ 1966479.698099999688566, 5817608.76630000025034 ], [ 1968349.5663, 5818364.677500000223517 ], [ 1971327.697200000286102, 5820408.325899999588728 ] ] } },
{ "type": "Feature", "properties": { "name": "Okaia 3", "z_score": null, "sampled_dip": 70.0, "dip_best": 70, "sr_best": 0.05 }, "geometry": { "type": "LineString", "coordinates": [ [ 1727886.356300000101328, 5561919.18680000025779 ], [ 1730795.559000000357628, 5567421.136099999770522 ], [ 1732310.372399999760091, 5571092.25 ] ] } },
{ "type": "Feature", "properties": { "name": "Okaia 5", "z_score": null, "sampled_dip": 70.0, "dip_best": 70, "sr_best": 0.03 }, "geometry": { "type": "LineString", "coordinates": [ [ 1733924.025000000372529, 5580312.901600000448525 ], [ 1727948.657599999569356, 5565615.423499999567866 ], [ 1727142.0707, 5558223.302799999713898 ] ] } },
{ "type": "Feature", "properties": { "name": "Okupe 1", "z_score": null, "sampled_dip": 75.0, "dip_best": 75, "sr_best": 0.8 }, "geometry": { "type": "LineString", "coordinates": [ [ 1756487.930800000205636, 5481195.7478 ], [ 1753403.136599999852479, 5476621.683799999766052 ], [ 1731952.031899999827147, 5430511.987499999813735 ] ] } },
{ "type": "Feature", "properties": { "name": "Old Man", "z_score": null, "sampled_dip": 45.0, "dip_best": 45, "sr_best": 0.015 }, "geometry": { "type": "LineString", "coordinates": [ [ 1315511.142900000326335, 4936871.885499999858439 ], [ 1312676.5894, 4942486.493300000205636 ], [ 1311719.9517, 4949678.870799999684095 ], [ 1310594.841, 4953712.774000000208616 ], [ 1311196.866100000217557, 4957637.066499999724329 ], [ 1308893.708800000138581, 4968474.41370000038296 ], [ 1307759.805200000293553, 4977706.793700000271201 ], [ 1304783.628200000151992, 4983103.770100000314415 ], [ 1303672.375900000333786, 4986755.0274 ] ] } },
{ "type": "Feature", "properties": { "name": "Omarama Saddle", "z_score": null, "sampled_dip": 60.0, "dip_best": 60, "sr_best": 0.2 }, "geometry": { "type": "LineString", "coordinates": [ [ 1352177.821899999864399, 5057906.981499999761581 ], [ 1351648.654199999757111, 5054401.245299999602139 ], [ 1348738.231700000353158, 5049969.465599999763072 ], [ 1348076.771999999880791, 5048448.10840000025928 ], [ 1349267.399400000460446, 5039915.278800000436604 ], [ 1348738.231700000353158, 5036012.666899999603629 ], [ 1350590.318699999712408, 5031514.7412 ], [ 1351119.486399999819696, 5028670.464700000360608 ], [ 1351384.070299999788404, 5027016.815499999560416 ], [ 1350987.194500000216067, 5024040.247100000269711 ] ] } },
{ "type": "Feature", "properties": { "name": "OmihiLwrHuru", "z_score": null, "sampled_dip": 50.0, "dip_best": 50, "sr_best": 0.45 }, "geometry": { "type": "LineString", "coordinates": [ [ 1582089.499800000339746, 5231018.126400000415742 ], [ 1582762.792399999685585, 5233055.78110000025481 ], [ 1584387.7017, 5234725.433799999766052 ], [ 1588321.24129999987781, 5236769.186099999584258 ], [ 1592799.122499999590218, 5240106.820600000210106 ], [ 1594699.666500000283122, 5242144.435600000433624 ], [ 1602039.30530000012368, 5244552.21239999961108 ], [ 1606255.725499999709427, 5246585.529799999669194 ], [ 1610612.396200000308454, 5249726.5082 ], [ 1614289.381799999624491, 5251385.546900000423193 ], [ 1620548.387900000438094, 5250999.528900000266731 ] ] } },
{ "type": "Feature", "properties": { "name": "Onepoto", "z_score": null, "sampled_dip": 70.0, "dip_best": 70, "sr_best": 0.4 }, "geometry": { "type": "LineString", "coordinates": [ [ 1787091.076399999670684, 5538684.9051 ], [ 1783420.448699999600649, 5530762.1891 ], [ 1780269.493200000375509, 5526480.64130000025034 ], [ 1778349.094499999657273, 5522150.2187 ], [ 1777660.167600000277162, 5518091.622899999842048 ], [ 1763572.1699, 5482419.158300000242889 ] ] } },
{ "type": "Feature", "properties": { "name": "Opape 1", "z_score": null, "sampled_dip": 50.0, "dip_best": 50, "sr_best": 0.17 }, "geometry": { "type": "LineString", "coordinates": [ [ 1991492.16370000038296, 5777374.551400000229478 ], [ 1990407.720499999821186, 5785962.4901 ], [ 1988868.9386, 5790053.3339 ], [ 1989310.6058, 5794765.582999999634922 ], [ 1982013.6946, 5807573.5351 ] ] } },
{ "type": "Feature", "properties": { "name": "Opawa", "z_score": null, "sampled_dip": 60.0, "dip_best": 60, "sr_best": 0.065 }, "geometry": { "type": "LineString", "coordinates": [ [ 1414675.471400000154972, 5118051.390800000168383 ], [ 1414476.255300000309944, 5113203.7994 ], [ 1414874.6875, 5111145.233199999667704 ], [ 1418037.572100000455976, 5103321.271300000138581 ], [ 1420794.771099999547005, 5100292.161600000225008 ] ] } },
{ "type": "Feature", "properties": { "name": "Opotiki 2", "z_score": null, "sampled_dip": 70.0, "dip_best": 70, "sr_best": 0.3 }, "geometry": { "type": "LineString", "coordinates": [ [ 1975793.768299999646842, 5788955.46750000026077 ], [ 1976832.5115, 5792221.394000000320375 ], [ 1976026.435999999754131, 5799036.156899999827147 ], [ 1978523.60950000025332, 5802027.287200000137091 ] ] } },
{ "type": "Feature", "properties": { "name": "Opotiki 3", "z_score": null, "sampled_dip": 70.0, "dip_best": 70, "sr_best": 0.3 }, "geometry": { "type": "LineString", "coordinates": [ [ 1972616.968999999575317, 5789627.647699999623001 ], [ 1974847.75760000012815, 5793423.3821 ], [ 1975174.9671, 5799282.876299999654293 ], [ 1981292.1256, 5816934.817200000397861 ], [ 1980249.7983, 5820751.060499999672174 ] ] } },
{ "type": "Feature", "properties": { "name": "Opouawe - Uruti", "z_score": null, "sampled_dip": 30.0, "dip_best": 30, "sr_best": 1.5 }, "geometry": { "type": "LineString", "coordinates": [ [ 1766421.132799999788404, 5358326.983300000429153 ], [ 1770806.874900000169873, 5361421.556200000457466 ], [ 1778850.224399999715388, 5371052.408800000324845 ], [ 1782333.215400000102818, 5372273.7654 ], [ 1797494.550200000405312, 5375310.384200000204146 ], [ 1803806.829300000332296, 5375729.769000000320375 ], [ 1809108.283599999733269, 5376912.64919999986887 ], [ 1847806.556400000117719, 5392920.795199999585748 ], [ 1855529.579199999570847, 5393420.927500000223517 ], [ 1867963.838399999774992, 5398863.403300000354648 ], [ 1906330.287100000306964, 5422765.3893 ] ] } },
{ "type": "Feature", "properties": { "name": "Orakeikorako", "z_score": null, "sampled_dip": 45.0, "dip_best": 45, "sr_best": 1.8 }, "geometry": { "type": "LineString", "coordinates": [ [ 1865760.994599999859929, 5727637.317900000140071 ], [ 1877513.4189, 5739463.017300000414252 ] ] } },
{ "type": "Feature", "properties": { "name": "Oruawharo - Mangatoro", "z_score": null, "sampled_dip": 75.0, "dip_best": 75, "sr_best": 2.0 }, "geometry": { "type": "LineString", "coordinates": [ [ 1892710.3059, 5572759.722799999639392 ], [ 1888614.884399999864399, 5560506.013799999840558 ], [ 1885277.002399999648333, 5555334.7484 ], [ 1883108.364500000141561, 5547250.5746 ], [ 1878696.737499999813735, 5542226.650500000454485 ], [ 1876860.997100000269711, 5539313.126899999566376 ], [ 1875672.636199999600649, 5538157.639000000432134 ] ] } },
{ "type": "Feature", "properties": { "name": "Ostler North", "z_score": null, "sampled_dip": 45.0, "dip_best": 45, "sr_best": 2.0 }, "geometry": { "type": "LineString", "coordinates": [ [ 1362496.7347999997437, 5099486.976700000464916 ], [ 1362440.851300000213087, 5102768.101599999703467 ], [ 1363512.415900000371039, 5109276.864699999801815 ], [ 1366211.171299999579787, 5117928.757000000216067 ], [ 1367520.861499999649823, 5121738.764600000344217 ], [ 1367401.798700000159442, 5126580.649299999698997 ], [ 1367838.362099999561906, 5130470.032100000418723 ], [ 1367282.735999999567866, 5135034.103699999861419 ] ] } },
{ "type": "Feature", "properties": { "name": "Ostler South", "z_score": null, "sampled_dip": 45.0, "dip_best": 45, "sr_best": 2.0 }, "geometry": { "type": "LineString", "coordinates": [ [ 1348606.082000000402331, 5064561.9068 ], [ 1355882.1382, 5075542.1371 ], [ 1360238.190600000321865, 5082777.467899999581277 ], [ 1362893.610600000247359, 5090888.001199999824166 ], [ 1365010.281499999575317, 5098560.933199999853969 ] ] } },
{ "type": "Feature", "properties": { "name": "Otaheke North", "z_score": null, "sampled_dip": 65.0, "dip_best": 65, "sr_best": 1.0 }, "geometry": { "type": "LineString", "coordinates": [ [ 1787485.350399999879301, 5528431.750099999830127 ], [ 1784032.939500000327826, 5522554.093000000342727 ], [ 1783122.299700000323355, 5514479.760300000198185 ], [ 1781435.156499999575317, 5509680.824099999852479 ], [ 1778716.263600000180304, 5505002.68819999974221 ], [ 1768075.141200000420213, 5484732.33739999961108 ], [ 1767729.193699999712408, 5483944.609199999831617 ] ] } },
{ "type": "Feature", "properties": { "name": "Otaheke South", "z_score": null, "sampled_dip": 75.0, "dip_best": 75, "sr_best": 0.4 }, "geometry": { "type": "LineString", "coordinates": [ [ 1743834.28969999961555, 5445156.6787 ], [ 1749635.5022, 5456079.950500000268221 ], [ 1753742.216300000436604, 5462734.057500000111759 ], [ 1754255.970300000160933, 5467027.750799999572337 ], [ 1761713.691700000315905, 5472165.126799999736249 ], [ 1765689.403199999593198, 5478171.433199999853969 ], [ 1767729.193699999712408, 5483944.609199999831617 ] ] } },
{ "type": "Feature", "properties": { "name": "Otaki Forks 1", "z_score": null, "sampled_dip": 75.0, "dip_best": 75, "sr_best": 0.8 }, "geometry": { "type": "LineString", "coordinates": [ [ 1778177.778099999763072, 5457884.56900000013411 ], [ 1780522.514999999664724, 5459420.8048 ], [ 1784643.2692, 5467853.133600000292063 ], [ 1787462.319500000216067, 5471810.86710000038147 ] ] } },
{ "type": "Feature", "properties": { "name": "Otaki Forks 2", "z_score": null, "sampled_dip": 90.0, "dip_best": 90, "sr_best": 0.8 }, "geometry": { "type": "LineString", "coordinates": [ [ 1787462.319500000216067, 5471810.86710000038147 ], [ 1788760.69550000037998, 5473076.810999999754131 ], [ 1792383.911899999715388, 5475301.333800000138581 ], [ 1798242.718000000342727, 5481872.100599999539554 ], [ 1801733.995199999772012, 5487867.1392 ], [ 1806109.130800000391901, 5492915.3909 ] ] } },
{ "type": "Feature", "properties": { "name": "Otanomomo", "z_score": null, "sampled_dip": 70.0, "dip_best": 70, "sr_best": 0.09 }, "geometry": { "type": "LineString", "coordinates": [ [ 1341725.5926, 4868977.197700000368059 ], [ 1351978.217199999839067, 4868117.300099999643862 ] ] } },
{ "type": "Feature", "properties": { "name": "Otara East 1", "z_score": null, "sampled_dip": 45.0, "dip_best": 45, "sr_best": 3.7 }, "geometry": { "type": "LineString", "coordinates": [ [ 1983225.588999999687076, 5879035.749200000427663 ], [ 1977780.514499999582767, 5866514.91399999987334 ] ] } },
{ "type": "Feature", "properties": { "name": "Otara East 2", "z_score": null, "sampled_dip": 45.0, "dip_best": 45, "sr_best": 3.0 }, "geometry": { "type": "LineString", "coordinates": [ [ 1981513.737800000235438, 5880001.7358 ], [ 1991263.14809999987483, 5893063.1776 ] ] } },
{ "type": "Feature", "properties": { "name": "Otara West 1", "z_score": null, "sampled_dip": 45.0, "dip_best": 45, "sr_best": 2.0 }, "geometry": { "type": "LineString", "coordinates": [ [ 1974785.949300000444055, 5862743.00899999961257 ], [ 1975511.41509999986738, 5867427.1869 ], [ 1979863.372000000439584, 5875242.737200000323355 ] ] } },
{ "type": "Feature", "properties": { "name": "Otara West 2", "z_score": null, "sampled_dip": 45.0, "dip_best": 45, "sr_best": 2.25 }, "geometry": { "type": "LineString", "coordinates": [ [ 1974220.725599999539554, 5867625.84389999974519 ], [ 1976401.291600000113249, 5873950.597400000318885 ], [ 1982847.7697, 5886330.625 ] ] } },
{ "type": "Feature", "properties": { "name": "Otara West 3", "z_score": null, "sampled_dip": 45.0, "dip_best": 45, "sr_best": 2.0 }, "geometry": { "type": "LineString", "coordinates": [ [ 1983305.0926, 5890083.515800000168383 ], [ 1973527.244699999690056, 5882309.9912 ], [ 1969464.427000000141561, 5881551.598600000143051 ], [ 1966349.60010000038892, 5880576.522300000302494 ] ] } },
{ "type": "Feature", "properties": { "name": "Otaraia", "z_score": null, "sampled_dip": 60.0, "dip_best": 60, "sr_best": 0.2 }, "geometry": { "type": "LineString", "coordinates": [ [ 1776478.992600000463426, 5401544.503499999642372 ], [ 1780363.376199999824166, 5406625.544499999843538 ], [ 1784100.3229, 5412275.128700000233948 ], [ 1788791.798100000247359, 5419009.292500000447035 ], [ 1793226.943199999630451, 5425105.35149999987334 ], [ 1797648.622899999842048, 5429063.578200000338256 ] ] } },
{ "type": "Feature", "properties": { "name": "Pa Valley", "z_score": null, "sampled_dip": 80.0, "dip_best": 80, "sr_best": 1.5 }, "geometry": { "type": "LineString", "coordinates": [ [ 1833340.2758, 5485498.619199999608099 ], [ 1835755.926400000229478, 5490417.233199999667704 ], [ 1838433.515100000426173, 5493880.635900000110269 ], [ 1841576.7714, 5497460.4556 ], [ 1843177.5038, 5500370.878100000321865 ], [ 1844545.402300000190735, 5502524.590699999593198 ], [ 1848532.681099999696016, 5505114.86670000012964 ] ] } },
{ "type": "Feature", "properties": { "name": "Paddys Ridge", "z_score": null, "sampled_dip": 60.0, "dip_best": 60, "sr_best": 0.05 }, "geometry": { "type": "LineString", "coordinates": [ [ 1284744.51410000026226, 5022134.959499999880791 ], [ 1287258.0608, 5023061.002999999560416 ], [ 1289044.001899999566376, 5024979.236100000329316 ], [ 1290433.067099999636412, 5027492.782700000330806 ], [ 1292351.300099999643862, 5033115.189799999818206 ], [ 1293674.219499999657273, 5035761.028400000184774 ], [ 1295394.014600000344217, 5039134.472699999809265 ] ] } },
{ "type": "Feature", "properties": { "name": "Paeroa", "z_score": null, "sampled_dip": 45.0, "dip_best": 45, "sr_best": 1.8 }, "geometry": { "type": "LineString", "coordinates": [ [ 1897529.016800000332296, 5760792.348899999633431 ], [ 1890578.642199999652803, 5754376.330900000408292 ], [ 1885724.073400000110269, 5749177.87430000025779 ], [ 1883345.0197, 5746378.89780000038445 ], [ 1881811.552899999544024, 5745456.27419999986887 ], [ 1879906.097799999639392, 5743233.431599999777973 ], [ 1878896.00690000038594, 5741319.238800000399351 ], [ 1877499.807300000451505, 5740513.670400000177324 ] ] } },
{ "type": "Feature", "properties": { "name": "Pahaua", "z_score": null, "sampled_dip": 30.0, "dip_best": 30, "sr_best": 1.5 }, "geometry": { "type": "LineString", "coordinates": [ [ 1780755.228199999779463, 5356659.046699999831617 ], [ 1792849.885700000450015, 5364359.495400000363588 ], [ 1800375.558400000445545, 5366965.258399999700487 ], [ 1813574.3383, 5373242.588100000284612 ], [ 1834339.933000000193715, 5376115.2758 ], [ 1846228.752000000327826, 5377442.559299999848008 ], [ 1880736.511300000362098, 5401963.3755 ], [ 1891409.262299999594688, 5404973.248800000175834 ], [ 1901060.338700000196695, 5411951.241600000299513 ] ] } },
{ "type": "Feature", "properties": { "name": "Pahiatua", "z_score": null, "sampled_dip": 70.0, "dip_best": 70, "sr_best": 0.4 }, "geometry": { "type": "LineString", "coordinates": [ [ 1841238.5932, 5517663.50719999987632 ], [ 1846339.866100000217557, 5523054.347299999557436 ], [ 1851102.626899999566376, 5528275.74100000038743 ], [ 1854011.576299999840558, 5531323.375099999830127 ], [ 1857638.3004, 5537869.010300000198185 ], [ 1859974.894999999552965, 5543902.13300000037998 ] ] } },
{ "type": "Feature", "properties": { "name": "Pakarae", "z_score": null, "sampled_dip": 60.0, "dip_best": 60, "sr_best": 2.4 }, "geometry": { "type": "LineString", "coordinates": [ [ 2059115.693900000303984, 5723329.221 ], [ 2059122.231100000441074, 5718871.488800000399351 ] ] } },
{ "type": "Feature", "properties": { "name": "Palliser - Kaiwhata", "z_score": null, "sampled_dip": 30.0, "dip_best": 30, "sr_best": 5.0 }, "geometry": { "type": "LineString", "coordinates": [ [ 1860937.218100000172853, 5419855.311200000345707 ], [ 1853782.018400000408292, 5418759.681400000117719 ], [ 1820900.169300000183284, 5402962.977800000458956 ], [ 1808450.719100000336766, 5395312.3816 ], [ 1796357.626000000163913, 5388469.9781 ] ] } },
{ "type": "Feature", "properties": { "name": "Pancake", "z_score": null, "sampled_dip": 45.0, "dip_best": 45, "sr_best": 0.5 }, "geometry": { "type": "LineString", "coordinates": [ [ 1546124.925800000317395, 5247828.588700000196695 ], [ 1542874.4572, 5244415.571399999782443 ], [ 1541130.152200000360608, 5241342.078099999576807 ], [ 1535483.932400000281632, 5238572.373100000433624 ], [ 1534280.075799999758601, 5236733.5152000002563 ], [ 1533413.563699999824166, 5233694.108099999837577 ], [ 1533069.604600000195205, 5231775.875099999830127 ], [ 1533466.480399999767542, 5229831.1837 ] ] } },
{ "type": "Feature", "properties": { "name": "Paparoa West", "z_score": null, "sampled_dip": 60.0, "dip_best": 60, "sr_best": 1.5 }, "geometry": { "type": "LineString", "coordinates": [ [ 1461044.28899999987334, 5321399.495799999684095 ], [ 1468398.836799999698997, 5334044.438699999824166 ], [ 1476044.438400000333786, 5342733.023400000296533 ], [ 1478622.240000000223517, 5350053.907100000418723 ], [ 1480134.338399999774992, 5356055.187800000421703 ], [ 1481507.000900000333786, 5361287.4545 ], [ 1483238.0203, 5365208.041299999691546 ], [ 1490049.844499999657273, 5371967.250799999572337 ], [ 1492686.709300000220537, 5375356.720200000330806 ] ] } },
{ "type": "Feature", "properties": { "name": "Paparoa West North", "z_score": null, "sampled_dip": 60.0, "dip_best": 60, "sr_best": 0.3 }, "geometry": { "type": "LineString", "coordinates": [ [ 1502124.362099999561906, 5388084.134700000286102 ], [ 1501264.091, 5386321.450000000186265 ], [ 1498184.8498, 5383475.8185 ], [ 1496674.166500000283122, 5381617.338999999687076 ], [ 1493710.886199999600649, 5378016.53899999987334 ], [ 1492686.709300000220537, 5375356.720200000330806 ] ] } },
{ "type": "Feature", "properties": { "name": "Papatea", "z_score": null, "sampled_dip": 60.0, "dip_best": 60, "sr_best": 1.5 }, "geometry": { "type": "LineString", "coordinates": [ [ 1672741.509200000204146, 5323242.972900000400841 ], [ 1672754.376500000245869, 5327967.577600000426173 ], [ 1671465.643400000408292, 5333142.834099999628961 ], [ 1671779.9134, 5334892.920199999585748 ], [ 1671222.342000000178814, 5336045.521099999547005 ], [ 1667518.067099999636412, 5339043.904799999669194 ] ] } },
{ "type": "Feature", "properties": { "name": "Parihaka", "z_score": null, "sampled_dip": 60.0, "dip_best": 60, "sr_best": 0.4 }, "geometry": { "type": "LineString", "coordinates": [ [ 1661471.6162, 5696229.7418 ], [ 1663233.576399999670684, 5700642.469700000248849 ], [ 1664607.362599999643862, 5704784.82039999961853 ], [ 1664979.829900000244379, 5709056.236499999649823 ], [ 1664599.7971, 5713117.8931 ], [ 1664524.861100000329316, 5715091.438500000163913 ], [ 1664888.760700000450015, 5716773.0071 ], [ 1666422.748200000263751, 5717870.917000000365078 ], [ 1671829.454900000244379, 5720507.639600000344217 ], [ 1673436.494800000451505, 5721678.789800000376999 ] ] } },
{ "type": "Feature", "properties": { "name": "Patoka - Rangiora", "z_score": null, "sampled_dip": 80.0, "dip_best": 80, "sr_best": 4.0 }, "geometry": { "type": "LineString", "coordinates": [ [ 1899468.206600000150502, 5625142.572700000368059 ], [ 1904730.423100000247359, 5630076.3591 ], [ 1914059.235100000165403, 5644527.590800000354648 ], [ 1931605.35329999960959, 5655763.399299999698997 ], [ 1938861.901200000196695, 5674637.973600000143051 ] ] } },
{ "type": "Feature", "properties": { "name": "Pegasus Bay", "z_score": null, "sampled_dip": 55.0, "dip_best": 55, "sr_best": 0.25 }, "geometry": { "type": "LineString", "coordinates": [ [ 1577238.782200000248849, 5202070.411999999545515 ], [ 1584367.704300000332296, 5202495.311599999666214 ], [ 1588884.849999999627471, 5205182.498599999584258 ], [ 1596666.800300000235438, 5207154.898400000296533 ], [ 1603732.364400000311434, 5212000.077600000426173 ], [ 1611296.969399999827147, 5213421.575899999588728 ] ] } },
{ "type": "Feature", "properties": { "name": "Pihama", "z_score": null, "sampled_dip": 65.0, "dip_best": 65, "sr_best": 0.17 }, "geometry": { "type": "LineString", "coordinates": [ [ 1663438.0, 5610633.226599999703467 ], [ 1670577.226800000295043, 5618600.094700000248849 ], [ 1680701.583100000396371, 5629172.261699999682605 ] ] } },
{ "type": "Feature", "properties": { "name": "Pisa", "z_score": null, "sampled_dip": 45.0, "dip_best": 45, "sr_best": 0.1 }, "geometry": { "type": "LineString", "coordinates": [ [ 1310448.816800000146031, 5028532.079 ], [ 1308424.750199999660254, 5025515.822999999858439 ], [ 1303958.895200000144541, 5017229.984299999661744 ], [ 1300485.685499999672174, 5013728.223199999891222 ], [ 1296546.588499999605119, 5004395.416199999861419 ], [ 1298530.967400000430644, 4996457.900299999862909 ], [ 1301309.098000000230968, 4984551.626500000245869 ] ] } },
{ "type": "Feature", "properties": { "name": "Pohangina", "z_score": null, "sampled_dip": 60.0, "dip_best": 60, "sr_best": 0.3 }, "geometry": { "type": "LineString", "coordinates": [ [ 1850797.9633, 5562274.8185 ], [ 1841191.311099999584258, 5550632.657999999821186 ], [ 1832983.115199999883771, 5537882.744 ], [ 1826105.3328, 5529058.55379999987781 ] ] } },
{ "type": "Feature", "properties": { "name": "Point Gibson", "z_score": null, "sampled_dip": 55.0, "dip_best": 55, "sr_best": 0.25 }, "geometry": { "type": "LineString", "coordinates": [ [ 1619555.133500000461936, 5236751.2094 ], [ 1624858.71169999986887, 5238769.915699999779463 ], [ 1635302.697100000455976, 5240948.759499999694526 ], [ 1644353.2259, 5249406.451299999840558 ], [ 1648850.875799999572337, 5250486.4655 ] ] } },
{ "type": "Feature", "properties": { "name": "Pokeno", "z_score": null, "sampled_dip": 65.0, "dip_best": 65, "sr_best": 0.1 }, "geometry": { "type": "LineString", "coordinates": [ [ 1789164.014499999582767, 5881325.839599999599159 ], [ 1787375.4276, 5881294.089499999769032 ], [ 1783861.753899999894202, 5879621.919499999843538 ], [ 1780432.747000000439584, 5878881.084699999541044 ], [ 1778631.921500000171363, 5878231.334499999880791 ], [ 1777300.074099999852479, 5877526.415300000458956 ], [ 1775723.154299999587238, 5876341.079599999822676 ], [ 1773490.066499999724329, 5875272.160799999721348 ], [ 1771305.2615, 5873817.908200000412762 ] ] } },
{ "type": "Feature", "properties": { "name": "Pongaroa - Weber", "z_score": null, "sampled_dip": 70.0, "dip_best": 70, "sr_best": 0.5 }, "geometry": { "type": "LineString", "coordinates": [ [ 1872267.003100000321865, 5510261.418999999761581 ], [ 1873692.953700000420213, 5511176.6398 ], [ 1876965.699900000356138, 5514758.2796 ], [ 1882079.049800000153482, 5519759.489799999631941 ], [ 1885415.081899999640882, 5524169.639399999752641 ] ] } },
{ "type": "Feature", "properties": { "name": "Poroutawhao", "z_score": null, "sampled_dip": 60.0, "dip_best": 60, "sr_best": 0.25 }, "geometry": { "type": "LineString", "coordinates": [ [ 1793263.003999999724329, 5510458.169300000183284 ], [ 1788640.8619, 5499427.206799999810755 ], [ 1778542.344600000418723, 5488487.236700000241399 ] ] } },
{ "type": "Feature", "properties": { "name": "Porters Pass", "z_score": null, "sampled_dip": 75.0, "dip_best": 75, "sr_best": 3.5 }, "geometry": { "type": "LineString", "coordinates": [ [ 1486534.051300000399351, 5201232.59360000025481 ], [ 1492170.248499999754131, 5203392.0071 ], [ 1495848.95920000039041, 5205280.379099999554455 ], [ 1510301.3706, 5209902.14740000013262 ], [ 1516889.5088, 5211505.525600000284612 ], [ 1520933.509499999694526, 5214615.496100000105798 ] ] } },
{ "type": "Feature", "properties": { "name": "Poulter", "z_score": null, "sampled_dip": 80.0, "dip_best": 80, "sr_best": 1.0 }, "geometry": { "type": "LineString", "coordinates": [ [ 1485282.888299999758601, 5240256.990000000223517 ], [ 1497421.672600000165403, 5253472.115199999883771 ], [ 1505083.948599999770522, 5255853.767 ], [ 1514380.135499999858439, 5263270.90500000026077 ], [ 1520145.620699999853969, 5264097.562699999660254 ], [ 1524649.644299999810755, 5266538.114799999631941 ] ] } },
{ "type": "Feature", "properties": { "name": "Poutu", "z_score": null, "sampled_dip": 45.0, "dip_best": 45, "sr_best": 2.3 }, "geometry": { "type": "LineString", "coordinates": [ [ 1843128.4216, 5679202.0055 ], [ 1839976.122700000181794, 5676030.574 ], [ 1830381.1277, 5657270.8668 ] ] } },
{ "type": "Feature", "properties": { "name": "Poverty Bay", "z_score": null, "sampled_dip": 30.0, "dip_best": 30, "sr_best": 2.3 }, "geometry": { "type": "LineString", "coordinates": [ [ 2044923.255199999548495, 5685074.146599999628961 ], [ 2046410.6919, 5697187.778800000436604 ] ] } },
{ "type": "Feature", "properties": { "name": "Pukekohe", "z_score": null, "sampled_dip": 65.0, "dip_best": 65, "sr_best": 0.03 }, "geometry": { "type": "LineString", "coordinates": [ [ 1755007.5049, 5875277.6721 ], [ 1758707.894600000232458, 5876870.147699999623001 ], [ 1760700.740299999713898, 5877005.6146 ], [ 1762561.293999999761581, 5878307.367200000211596 ], [ 1766303.585900000296533, 5879220.73589999973774 ] ] } },
{ "type": "Feature", "properties": { "name": "Pukerua - Shepherds Gully 1", "z_score": null, "sampled_dip": 90.0, "dip_best": 90, "sr_best": 1.1 }, "geometry": { "type": "LineString", "coordinates": [ [ 1735447.926400000229478, 5425739.989799999631941 ], [ 1740123.809000000357628, 5430660.933500000275671 ] ] } },
{ "type": "Feature", "properties": { "name": "Pukerua - Shepherds Gully 2", "z_score": null, "sampled_dip": 90.0, "dip_best": 90, "sr_best": 1.1 }, "geometry": { "type": "LineString", "coordinates": [ [ 1740123.809000000357628, 5430660.933500000275671 ], [ 1743737.432900000363588, 5437105.5181 ] ] } },
{ "type": "Feature", "properties": { "name": "Pukerua - Shepherds Gully 3", "z_score": null, "sampled_dip": 90.0, "dip_best": 90, "sr_best": 1.1 }, "geometry": { "type": "LineString", "coordinates": [ [ 1743737.432900000363588, 5437105.5181 ], [ 1759754.003999999724329, 5457221.142799999564886 ] ] } },
{ "type": "Feature", "properties": { "name": "Puketerata", "z_score": null, "sampled_dip": 45.0, "dip_best": 45, "sr_best": 1.8 }, "geometry": { "type": "LineString", "coordinates": [ [ 1862274.878999999724329, 5727752.3426 ], [ 1872276.122899999842048, 5739642.2467 ] ] } },
{ "type": "Feature", "properties": { "name": "Puketerata North", "z_score": null, "sampled_dip": 45.0, "dip_best": 45, "sr_best": 1.8 }, "geometry": { "type": "LineString", "coordinates": [ [ 1883130.089100000448525, 5749905.875099999830127 ], [ 1881064.541000000201166, 5748350.911899999715388 ], [ 1878975.784400000236928, 5745914.029299999587238 ], [ 1875401.689799999818206, 5742688.0608 ], [ 1872338.180200000293553, 5739717.384800000116229 ] ] } },
{ "type": "Feature", "properties": { "name": "Puysegur Ridge", "z_score": null, "sampled_dip": 85.0, "dip_best": 85, "sr_best": 14.0 }, "geometry": { "type": "LineString", "coordinates": [ [ 1031247.16469999961555, 4732013.417100000195205 ], [ 1027239.762000000104308, 4690945.458100000396371 ], [ 1017865.685499999672174, 4646721.855200000107288 ], [ 1007499.4676, 4610446.222699999809265 ], [ 994814.559700000099838, 4570654.1847 ], [ 978583.270800000056624, 4540197.598399999551475 ], [ 970500.757500000298023, 4516789.5258 ], [ 961264.615600000135601, 4488703.41370000038296 ], [ 957821.311300000175834, 4472328.098000000230968 ], [ 947394.789800000376999, 4446578.369199999608099 ] ] } },
{ "type": "Feature", "properties": { "name": "Pylap", "z_score": null, "sampled_dip": 60.0, "dip_best": 60, "sr_best": 0.05 }, "geometry": { "type": "LineString", "coordinates": [ [ 1342576.404199999757111, 4957763.973899999633431 ], [ 1346412.870299999602139, 4959682.206899999640882 ], [ 1349786.314500000327826, 4964775.4463 ], [ 1352829.028900000266731, 4967222.847 ], [ 1354747.261900000274181, 4969802.539599999785423 ], [ 1355739.451399999670684, 4971853.064600000157952 ], [ 1358716.019899999722838, 4974498.903199999593198 ] ] } },
{ "type": "Feature", "properties": { "name": "Raggedy - Blackstone", "z_score": null, "sampled_dip": 45.0, "dip_best": 45, "sr_best": 0.14 }, "geometry": { "type": "LineString", "coordinates": [ [ 1334132.9797, 4989444.804999999701977 ], [ 1337268.521200000308454, 4995328.92920000012964 ], [ 1343459.783599999733269, 5003107.694799999706447 ], [ 1346634.79, 5006600.2018 ], [ 1350206.6721, 5009695.832999999634922 ], [ 1353842.054399999789894, 5015077.4687 ], [ 1355112.056900000199676, 5017895.286899999715388 ], [ 1356659.872499999590218, 5020355.916799999773502 ], [ 1358287.063299999572337, 5021229.043499999679625 ], [ 1359517.378200000151992, 5022181.545400000177324 ], [ 1360231.754700000397861, 5023292.7977 ], [ 1360827.068300000391901, 5024919.988400000147521 ] ] } },
{ "type": "Feature", "properties": { "name": "Rahotu", "z_score": null, "sampled_dip": 65.0, "dip_best": 65, "sr_best": 0.13 }, "geometry": { "type": "LineString", "coordinates": [ [ 1662477.230000000447035, 5642658.032200000248849 ], [ 1667170.048499999567866, 5646452.3273 ], [ 1671553.875, 5649211.5 ] ] } },
{ "type": "Feature", "properties": { "name": "Rakaia", "z_score": null, "sampled_dip": 65.0, "dip_best": 65, "sr_best": 0.25 }, "geometry": { "type": "LineString", "coordinates": [ [ 1492635.0324, 5156140.332899999804795 ], [ 1505410.962799999862909, 5154482.251799999736249 ], [ 1537062.696600000374019, 5156151.95299999974668 ] ] } },
{ "type": "Feature", "properties": { "name": "Ranfurly", "z_score": null, "sampled_dip": 45.0, "dip_best": 45, "sr_best": 0.1 }, "geometry": { "type": "LineString", "coordinates": [ [ 1378441.8492, 5005736.996899999678135 ], [ 1377461.55460000038147, 5002026.980399999767542 ], [ 1374605.3832, 4996211.977900000289083 ], [ 1372621.004300000146031, 4996013.54 ], [ 1369049.122100000269711, 4994955.2045 ], [ 1367197.0351, 4993433.847299999557436 ], [ 1363559.007000000216067, 4988671.337799999862909 ] ] } },
{ "type": "Feature", "properties": { "name": "Rangefront", "z_score": null, "sampled_dip": 60.0, "dip_best": 60, "sr_best": 0.5 }, "geometry": { "type": "LineString", "coordinates": [ [ 1882307.8277000002563, 5588698.180700000375509 ], [ 1879678.533200000412762, 5587110.8903 ], [ 1879571.3942, 5583355.6705 ], [ 1876670.408200000412762, 5576385.759200000204146 ], [ 1874469.082700000144541, 5571855.222299999557436 ], [ 1869893.200199999846518, 5565011.6458 ], [ 1865924.7357, 5559423.39989999961108 ], [ 1862361.2165, 5553470.703099999576807 ] ] } },
{ "type": "Feature", "properties": { "name": "Rangitaiki 1", "z_score": null, "sampled_dip": 45.0, "dip_best": 45, "sr_best": 2.2 }, "geometry": { "type": "LineString", "coordinates": [ [ 1949516.973000000230968, 5804693.7297 ], [ 1950010.05379999987781, 5806802.1551 ], [ 1950308.272099999710917, 5807190.38910000026226 ], [ 1956014.9539, 5810871.077399999834597 ] ] } },
{ "type": "Feature", "properties": { "name": "Rangitaiki 2", "z_score": null, "sampled_dip": 45.0, "dip_best": 45, "sr_best": 1.8 }, "geometry": { "type": "LineString", "coordinates": [ [ 1964144.033099999651313, 5816681.39159999974072 ], [ 1962233.000300000421703, 5815438.280299999751151 ], [ 1960087.623599999584258, 5815096.2407 ], [ 1958720.763899999670684, 5814806.92339999973774 ], [ 1957851.222099999897182, 5814051.050900000147521 ], [ 1956064.82120000012219, 5812779.871899999678135 ], [ 1955337.0784, 5811805.604000000283122 ], [ 1954448.604100000113249, 5811154.727 ], [ 1953661.5165, 5810518.197800000198185 ], [ 1952804.9638, 5810013.5515 ] ] } },
{ "type": "Feature", "properties": { "name": "Rangitikei Offshore 1", "z_score": null, "sampled_dip": 70.0, "dip_best": 70, "sr_best": 0.7 }, "geometry": { "type": "LineString", "coordinates": [ [ 1787448.598600000143051, 5530717.38190000038594 ], [ 1783783.892799999564886, 5526841.6886 ], [ 1782256.267300000414252, 5525804.739099999889731 ], [ 1780159.1486, 5522386.349999999627471 ], [ 1779784.778900000266731, 5515877.11780000012368 ], [ 1778282.509999999776483, 5513634.723899999633431 ], [ 1775718.41469999961555, 5511289.510499999858439 ], [ 1774816.909900000318885, 5506206.949900000356138 ] ] } },
{ "type": "Feature", "properties": { "name": "Rapuwai", "z_score": null, "sampled_dip": 45.0, "dip_best": 45, "sr_best": 0.07 }, "geometry": { "type": "LineString", "coordinates": [ [ 1457890.489099999889731, 5123238.100200000219047 ], [ 1452413.6031, 5117800.901800000108778 ], [ 1449476.722199999727309, 5114070.269399999640882 ], [ 1446738.279299999587238, 5112681.20409999974072 ], [ 1443761.710799999535084, 5111649.326999999582767 ], [ 1440824.829900000244379, 5108077.444899999536574 ], [ 1440507.329300000332296, 5106688.379599999636412 ], [ 1440943.892699999734759, 5101211.493700000457466 ] ] } },
{ "type": "Feature", "properties": { "name": "Raukumara 16", "z_score": null, "sampled_dip": 60.0, "dip_best": 60, "sr_best": 0.5 }, "geometry": { "type": "LineString", "coordinates": [ [ 1994366.152599999681115, 5780396.569299999624491 ], [ 2000089.770600000396371, 5780304.019000000320375 ], [ 2002957.5822, 5781456.4551 ] ] } },
{ "type": "Feature", "properties": { "name": "Raukumara 17", "z_score": null, "sampled_dip": 60.0, "dip_best": 60, "sr_best": 0.5 }, "geometry": { "type": "LineString", "coordinates": [ [ 2000139.0581, 5793464.619900000281632 ], [ 2002540.8191, 5793454.879300000146031 ], [ 2004588.193900000303984, 5794153.210900000296533 ], [ 2007904.277499999850988, 5794608.19510000012815 ], [ 2011323.341300000436604, 5793824.341199999675155 ] ] } },
{ "type": "Feature", "properties": { "name": "Raukumara 18", "z_score": null, "sampled_dip": 60.0, "dip_best": 60, "sr_best": 0.5 }, "geometry": { "type": "LineString", "coordinates": [ [ 2020327.790199999697506, 5794730.2176 ], [ 2014511.483, 5795476.159400000236928 ], [ 2009475.222799999639392, 5796854.85329999960959 ], [ 2006302.18030000012368, 5796655.436300000175834 ], [ 2004668.639899999834597, 5795993.765100000426173 ], [ 2000585.973899999633431, 5796329.457299999892712 ] ] } },
{ "type": "Feature", "properties": { "name": "Raukumara 20", "z_score": null, "sampled_dip": 60.0, "dip_best": 60, "sr_best": 0.1 }, "geometry": { "type": "LineString", "coordinates": [ [ 2010626.900299999862909, 5804726.083499999716878 ], [ 2010417.911000000312924, 5804069.162499999627471 ], [ 2010488.356599999591708, 5803571.467799999751151 ], [ 2009922.676599999889731, 5802526.325400000438094 ], [ 2009413.4858, 5800931.390800000168383 ] ] } },
{ "type": "Feature", "properties": { "name": "Raukumara 21", "z_score": null, "sampled_dip": 60.0, "dip_best": 60, "sr_best": 0.03 }, "geometry": { "type": "LineString", "coordinates": [ [ 2009274.283599999733269, 5806020.418800000101328 ], [ 2020181.3098, 5805032.661500000394881 ], [ 2024063.097699999809265, 5805567.1579 ], [ 2028405.012299999594688, 5805260.995500000193715 ] ] } },
{ "type": "Feature", "properties": { "name": "Raukumara 24", "z_score": null, "sampled_dip": 60.0, "dip_best": 60, "sr_best": 0.1 }, "geometry": { "type": "LineString", "coordinates": [ [ 2016836.5152000002563, 5815460.085799999535084 ], [ 2019948.9567, 5817528.663599999621511 ] ] } },
{ "type": "Feature", "properties": { "name": "Raukumara 25", "z_score": null, "sampled_dip": 60.0, "dip_best": 60, "sr_best": 0.03 }, "geometry": { "type": "LineString", "coordinates": [ [ 2009337.308899999596179, 5806930.946999999694526 ], [ 2010890.801699999719858, 5807966.5777000002563 ] ] } },
{ "type": "Feature", "properties": { "name": "Raukumara 9", "z_score": null, "sampled_dip": 60.0, "dip_best": 60, "sr_best": 0.1 }, "geometry": { "type": "LineString", "coordinates": [ [ 1981562.441200000233948, 5753365.167500000447035 ], [ 1980976.339999999850988, 5748385.23340000025928 ] ] } },
{ "type": "Feature", "properties": { "name": "Rauoterangi", "z_score": null, "sampled_dip": 60.0, "dip_best": 60, "sr_best": 0.3 }, "geometry": { "type": "LineString", "coordinates": [ [ 1814183.825299999676645, 5538154.9375 ], [ 1821612.702499999664724, 5551688.438500000163913 ], [ 1829352.893400000408292, 5559529.084499999880791 ], [ 1835011.0351, 5566969.272699999623001 ] ] } },
{ "type": "Feature", "properties": { "name": "Raurimu South", "z_score": null, "sampled_dip": 45.0, "dip_best": 45, "sr_best": 3.5 }, "geometry": { "type": "LineString", "coordinates": [ [ 1799206.997700000181794, 5632449.921400000341237 ], [ 1801138.56319999974221, 5639759.4051 ] ] } },
{ "type": "Feature", "properties": { "name": "Redcliffe", "z_score": null, "sampled_dip": 70.0, "dip_best": 70, "sr_best": 0.15 }, "geometry": { "type": "LineString", "coordinates": [ [ 1474802.9638, 5199823.652800000272691 ], [ 1475182.733300000429153, 5198476.087500000372529 ], [ 1475668.161999999545515, 5195903.728799999691546 ], [ 1475602.015999999828637, 5193191.744199999608099 ], [ 1475238.213200000114739, 5188230.796799999661744 ], [ 1474003.285500000230968, 5184500.013799999840558 ], [ 1473634.476800000295043, 5181935.11670000012964 ] ] } },
{ "type": "Feature", "properties": { "name": "Repongaere", "z_score": null, "sampled_dip": 60.0, "dip_best": 60, "sr_best": 0.1 }, "geometry": { "type": "LineString", "coordinates": [ [ 2018990.132399999536574, 5717368.651499999687076 ], [ 2027101.2023, 5721950.454599999822676 ] ] } },
{ "type": "Feature", "properties": { "name": "Ridge Road - Okaia 2", "z_score": null, "sampled_dip": 60.0, "dip_best": 60, "sr_best": 0.2 }, "geometry": { "type": "LineString", "coordinates": [ [ 1752368.699, 5604950.8575 ], [ 1749698.8619, 5600006.654500000178814 ], [ 1739598.901499999687076, 5582065.43709999974817 ], [ 1736644.9825, 5574713.030299999751151 ], [ 1730763.643699999898672, 5565567.4704 ] ] } },
{ "type": "Feature", "properties": { "name": "Riversdale", "z_score": null, "sampled_dip": 30.0, "dip_best": 30, "sr_best": 4.0 }, "geometry": { "type": "LineString", "coordinates": [ [ 1870898.964100000448525, 5443600.7955 ], [ 1864644.075000000186265, 5435188.3947 ], [ 1858917.490899999625981, 5430114.06319999974221 ], [ 1847067.5959, 5421533.582299999892712 ] ] } },
{ "type": "Feature", "properties": { "name": "Riversdale North", "z_score": null, "sampled_dip": 30.0, "dip_best": 30, "sr_best": 4.0 }, "geometry": { "type": "LineString", "coordinates": [ [ 1874044.899600000120699, 5458445.571700000204146 ], [ 1870649.787700000219047, 5452611.857200000435114 ], [ 1868816.380599999800324, 5443788.75829999987036 ] ] } },
{ "type": "Feature", "properties": { "name": "Roaring Lion", "z_score": null, "sampled_dip": 45.0, "dip_best": 45, "sr_best": 0.05 }, "geometry": { "type": "LineString", "coordinates": [ [ 1263617.416500000283122, 4946677.055200000293553 ], [ 1265337.2116, 4948820.184500000439584 ], [ 1269927.741600000299513, 4951386.648 ], [ 1271048.385599999688566, 4958694.80489999987185 ], [ 1271577.553299999795854, 4960758.559000000357628 ], [ 1274117.558400000445545, 4965679.818799999542534 ], [ 1276022.562199999578297, 4968960.658699999563396 ], [ 1277715.898900000378489, 4972082.7483 ], [ 1279197.5685, 4976369.00690000038594 ], [ 1281896.323900000192225, 4981660.684100000187755 ], [ 1288828.4211, 4987851.94649999961257 ] ] } },
{ "type": "Feature", "properties": { "name": "Roaring Meg", "z_score": null, "sampled_dip": 60.0, "dip_best": 60, "sr_best": 0.05 }, "geometry": { "type": "LineString", "coordinates": [ [ 1290036.1913, 4993890.63219999987632 ], [ 1290565.3591, 4995147.405600000172853 ], [ 1290499.213100000284612, 4997660.952200000174344 ], [ 1288779.417999999597669, 4999711.47719999961555 ], [ 1287654.936599999666214, 5001431.272300000302494 ], [ 1288448.68819999974221, 5002621.8997 ], [ 1288580.980100000277162, 5004077.11089999973774 ], [ 1286398.163200000301003, 5009038.058299999684095 ], [ 1286530.455199999734759, 5010096.393799999728799 ], [ 1287588.7906, 5012742.2324 ], [ 1288117.9583, 5016777.136300000362098 ], [ 1286662.747100000269711, 5021473.499900000169873 ] ] } },
{ "type": "Feature", "properties": { "name": "Rotoitipakau", "z_score": null, "sampled_dip": 45.0, "dip_best": 45, "sr_best": 2.2 }, "geometry": { "type": "LineString", "coordinates": [ [ 1928263.0214, 5784362.122700000181794 ], [ 1926887.081500000320375, 5783174.534199999645352 ], [ 1923791.7324, 5781839.338000000454485 ], [ 1919929.3048, 5779478.421500000171363 ] ] } },
{ "type": "Feature", "properties": { "name": "Ruahine Central", "z_score": null, "sampled_dip": 80.0, "dip_best": 80, "sr_best": 1.1 }, "geometry": { "type": "LineString", "coordinates": [ [ 1869670.546699999831617, 5578728.478500000201166 ], [ 1872261.0926, 5587893.04839999973774 ], [ 1878127.689899999648333, 5597727.818300000391901 ], [ 1884539.129700000397861, 5608609.886300000362098 ], [ 1888951.153199999593198, 5618050.921400000341237 ] ] } },
{ "type": "Feature", "properties": { "name": "Ruahine North", "z_score": null, "sampled_dip": 80.0, "dip_best": 80, "sr_best": 1.1 }, "geometry": { "type": "LineString", "coordinates": [ [ 1913307.3098, 5673176.39740000013262 ], [ 1909183.494, 5666903.226700000464916 ], [ 1907526.96239999961108, 5662557.729000000283122 ], [ 1903665.697100000455976, 5655840.395600000396371 ], [ 1898353.05599999986589, 5644464.799200000241399 ], [ 1897922.392300000414252, 5642346.350399999879301 ], [ 1897438.6414, 5639340.6798 ], [ 1892959.7528, 5626638.6858 ], [ 1888951.153199999593198, 5618050.921400000341237 ] ] } },
{ "type": "Feature", "properties": { "name": "Ruahine South", "z_score": null, "sampled_dip": 80.0, "dip_best": 80, "sr_best": 1.1 }, "geometry": { "type": "LineString", "coordinates": [ [ 1869572.536500000394881, 5578546.85010000038892 ], [ 1860873.116899999789894, 5565295.7527 ], [ 1860059.8591, 5562854.984000000171363 ], [ 1857109.383399999700487, 5559496.1771 ], [ 1854637.2231, 5558153.610299999825656 ], [ 1852381.607599999755621, 5555830.660400000400841 ], [ 1847749.499900000169873, 5548741.356499999761581 ], [ 1840399.184100000187755, 5534546.2198 ], [ 1837246.484299999661744, 5527752.685499999672174 ] ] } },
{ "type": "Feature", "properties": { "name": "Ruataniwha", "z_score": null, "sampled_dip": 60.0, "dip_best": 60, "sr_best": 0.2 }, "geometry": { "type": "LineString", "coordinates": [ [ 1875735.3564, 5552188.489900000393391 ], [ 1879118.583499999716878, 5558084.245000000111759 ], [ 1882857.647300000302494, 5563382.145999999716878 ], [ 1887188.516900000162423, 5574735.043800000101328 ] ] } },
{ "type": "Feature", "properties": { "name": "Ruatoria South 3", "z_score": null, "sampled_dip": 30.0, "dip_best": 30, "sr_best": 3.0 }, "geometry": { "type": "LineString", "coordinates": [ [ 2098438.2972, 5740066.255800000391901 ], [ 2106186.956799999810755, 5753380.741399999707937 ], [ 2109231.49239999987185, 5757445.168999999761581 ], [ 2118352.431099999696016, 5763212.353000000119209 ], [ 2125329.14049999974668, 5770985.684999999590218 ] ] } },
{ "type": "Feature", "properties": { "name": "Ruatoria South 4", "z_score": null, "sampled_dip": 30.0, "dip_best": 30, "sr_best": 3.0 }, "geometry": { "type": "LineString", "coordinates": [ [ 2115711.3942, 5777085.2412 ], [ 2108018.606800000183284, 5769927.458999999798834 ], [ 2106196.792000000365078, 5763419.581399999558926 ], [ 2104157.354600000195205, 5760480.159199999645352 ], [ 2092378.760300000198185, 5754878.966199999675155 ] ] } },
{ "type": "Feature", "properties": { "name": "Ruby Bay - Moutere", "z_score": null, "sampled_dip": 60.0, "dip_best": 60, "sr_best": 0.2 }, "geometry": { "type": "LineString", "coordinates": [ [ 1606418.964999999850988, 5440677.234000000171363 ], [ 1604074.328200000338256, 5439093.972199999727309 ], [ 1603371.965900000184774, 5437784.711400000378489 ], [ 1601291.246000000275671, 5434208.0768 ], [ 1598356.537700000219047, 5429209.901800000108778 ], [ 1596705.7643, 5426252.266099999658763 ], [ 1595087.513299999758601, 5422165.025999999605119 ], [ 1592564.317699999548495, 5419697.66399999987334 ], [ 1589792.531600000336766, 5417879.68099999986589 ], [ 1587884.282200000248849, 5415826.808899999596179 ], [ 1586021.260599999688566, 5413119.733099999837577 ], [ 1583086.88370000012219, 5409744.532100000418723 ], [ 1581826.292100000195205, 5407439.0433 ], [ 1580000.20160000026226, 5403848.995199999772012 ], [ 1578014.677799999713898, 5400254.565999999642372 ], [ 1575452.056699999608099, 5396263.216 ], [ 1572494.4211, 5391998.718000000342727 ] ] } },
{ "type": "Feature", "properties": { "name": "Sailor", "z_score": null, "sampled_dip": 55.0, "dip_best": 55, "sr_best": 0.07 }, "geometry": { "type": "LineString", "coordinates": [ [ 1504781.587799999862909, 5216009.644999999552965 ], [ 1504776.302000000141561, 5218332.797399999573827 ], [ 1504729.396999999880791, 5220428.028800000436604 ], [ 1505894.223000000230968, 5222560.004999999888241 ], [ 1509356.5406, 5225392.7072 ], [ 1511597.306200000457466, 5226623.315499999560416 ], [ 1514465.1442, 5228565.644799999892712 ], [ 1518428.610399999655783, 5232169.276999999769032 ], [ 1523566.5625, 5239019.204 ] ] } },
{ "type": "Feature", "properties": { "name": "Saunders Road", "z_score": null, "sampled_dip": 70.0, "dip_best": 70, "sr_best": 1.0 }, "geometry": { "type": "LineString", "coordinates": [ [ 1842179.974499999545515, 5492971.241600000299513 ], [ 1850963.714499999769032, 5497361.5313 ], [ 1860691.987499999813735, 5506238.706299999728799 ], [ 1864659.844600000418723, 5508433.794499999843538 ] ] } },
{ "type": "Feature", "properties": { "name": "Settlement", "z_score": null, "sampled_dip": 45.0, "dip_best": 45, "sr_best": 0.08 }, "geometry": { "type": "LineString", "coordinates": [ [ 1337165.3712, 4836314.137699999846518 ], [ 1337935.15749999973923, 4839292.245699999853969 ], [ 1338657.830699999816716, 4841230.099000000394881 ], [ 1339215.2259, 4842556.530399999581277 ], [ 1341381.807400000281632, 4845799.604000000283122 ], [ 1343573.886099999770522, 4848497.378999999724329 ], [ 1345585.754700000397861, 4853540.562199999578297 ], [ 1347010.697599999606609, 4855099.61739999987185 ] ] } },
{ "type": "Feature", "properties": { "name": "Shepherds Gully - Mana", "z_score": null, "sampled_dip": 75.0, "dip_best": 75, "sr_best": 0.2 }, "geometry": { "type": "LineString", "coordinates": [ [ 1735447.926400000229478, 5425739.989799999631941 ], [ 1743834.28969999961555, 5445156.6787 ] ] } },
{ "type": "Feature", "properties": { "name": "Skippers", "z_score": null, "sampled_dip": 70.0, "dip_best": 70, "sr_best": 0.5 }, "geometry": { "type": "LineString", "coordinates": [ [ 1210372.979299999773502, 5055446.175599999725819 ], [ 1210020.676599999889731, 5059418.880900000222027 ], [ 1211537.711799999698997, 5064210.238599999807775 ], [ 1214456.48589999973774, 5070404.0395 ], [ 1217024.636800000444055, 5077532.087799999862909 ] ] } },
{ "type": "Feature", "properties": { "name": "Sliver Stream - Merton", "z_score": null, "sampled_dip": 45.0, "dip_best": 45, "sr_best": 0.05 }, "geometry": { "type": "LineString", "coordinates": [ [ 1416262.850700000301003, 4945840.730000000447035 ], [ 1408749.648, 4940611.136800000444055 ], [ 1404596.184500000439584, 4931171.311300000175834 ], [ 1404265.454699999652803, 4928790.056599999777973 ], [ 1401685.762000000104308, 4927930.159 ], [ 1399370.653199999593198, 4923696.817200000397861 ], [ 1394409.705799999646842, 4920257.227 ] ] } },
{ "type": "Feature", "properties": { "name": "Snares", "z_score": null, "sampled_dip": 70.0, "dip_best": 70, "sr_best": 11.0 }, "geometry": { "type": "LineString", "coordinates": [ [ 1017225.269399999640882, 4670047.055700000375509 ], [ 1017620.898299999535084, 4694704.972900000400841 ], [ 1014060.339499999769032, 4723295.42200000025332 ], [ 1010517.053100000135601, 4748437.28940000012517 ], [ 1005486.873700000345707, 4777031.177899999544024 ] ] } },
{ "type": "Feature", "properties": { "name": "Solander", "z_score": null, "sampled_dip": 60.0, "dip_best": 60, "sr_best": 0.1 }, "geometry": { "type": "LineString", "coordinates": [ [ 1131402.152599999681115, 4817999.381400000303984 ], [ 1141833.259499999694526, 4838212.550900000147521 ], [ 1156358.913599999621511, 4855913.21129999961704 ] ] } },
{ "type": "Feature", "properties": { "name": "South Wedge 1", "z_score": null, "sampled_dip": 50.0, "dip_best": 50, "sr_best": 0.5 }, "geometry": { "type": "LineString", "coordinates": [ [ 1087491.548499999567866, 4955886.37569999974221 ], [ 1105912.994300000369549, 4982411.61780000012368 ] ] } },
{ "type": "Feature", "properties": { "name": "South Wedge 2", "z_score": null, "sampled_dip": 30.0, "dip_best": 30, "sr_best": 3.0 }, "geometry": { "type": "LineString", "coordinates": [ [ 1108191.99349999986589, 5006391.857200000435114 ], [ 1102281.751199999824166, 4998422.004099999554455 ], [ 1096856.6085, 4988939.68059999961406 ], [ 1090575.132399999536574, 4979605.779900000430644 ], [ 1084011.91440000012517, 4962759.793200000189245 ] ] } },
{ "type": "Feature", "properties": { "name": "South Wedge 3-6-10", "z_score": null, "sampled_dip": 30.0, "dip_best": 30, "sr_best": 3.0 }, "geometry": { "type": "LineString", "coordinates": [ [ 1056719.560499999672174, 4936487.247399999760091 ], [ 1064287.3778, 4947334.452200000174344 ], [ 1067692.895600000396371, 4960830.3931 ], [ 1078413.970200000330806, 4974704.724899999797344 ], [ 1087621.481300000101328, 4984164.496600000187755 ] ] } },
{ "type": "Feature", "properties": { "name": "South Wedge 5", "z_score": null, "sampled_dip": 30.0, "dip_best": 30, "sr_best": 3.0 }, "geometry": { "type": "LineString", "coordinates": [ [ 1074480.25829999987036, 4980465.087600000202656 ], [ 1061172.2599, 4966291.477699999697506 ], [ 1053137.063799999654293, 4937617.404400000348687 ], [ 1054924.4315, 4932177.293499999679625 ], [ 1049892.597199999727309, 4915001.756400000303984 ] ] } },
{ "type": "Feature", "properties": { "name": "Spey - Mica Burn", "z_score": null, "sampled_dip": 75.0, "dip_best": 75, "sr_best": 0.1 }, "geometry": { "type": "LineString", "coordinates": [ [ 1153327.044300000183284, 4963625.844100000336766 ], [ 1151785.058899999596179, 4956255.5301 ], [ 1150785.036500000394881, 4949971.597 ], [ 1150793.26630000025034, 4943999.201399999670684 ], [ 1148937.50069999974221, 4939963.20160000026226 ], [ 1145920.102800000458956, 4934761.814500000327826 ], [ 1142513.835, 4930335.218399999663234 ], [ 1139416.582600000314415, 4926762.112200000323355 ] ] } },
{ "type": "Feature", "properties": { "name": "Springbank", "z_score": null, "sampled_dip": 50.0, "dip_best": 50, "sr_best": 0.15 }, "geometry": { "type": "LineString", "coordinates": [ [ 1544357.193400000222027, 5199162.722199999727309 ], [ 1548944.895100000314415, 5199754.225700000301003 ], [ 1554325.080699999816716, 5203124.507299999706447 ], [ 1558051.350200000219047, 5207031.52170000039041 ], [ 1559903.437300000339746, 5208288.295 ], [ 1561557.086400000378489, 5210074.236100000329316 ] ] } },
{ "type": "Feature", "properties": { "name": "Spylaw", "z_score": null, "sampled_dip": 45.0, "dip_best": 45, "sr_best": 0.26 }, "geometry": { "type": "LineString", "coordinates": [ [ 1294273.7171, 4912109.172899999655783 ], [ 1294290.253600000403821, 4913084.825899999588728 ], [ 1294472.15500000026077, 4913895.114 ], [ 1295001.322700000368059, 4914755.0115 ], [ 1295687.961900000460446, 4915559.057199999690056 ], [ 1302327.4945, 4920650.185600000433624 ], [ 1308079.722400000318885, 4923902.19539999961853 ], [ 1311785.047799999825656, 4922962.000099999830127 ], [ 1320070.660799999721348, 4925757.026700000278652 ] ] } },
{ "type": "Feature", "properties": { "name": "St Stephens", "z_score": null, "sampled_dip": 65.0, "dip_best": 65, "sr_best": 0.01 }, "geometry": { "type": "LineString", "coordinates": [ [ 1766497.1288, 5878458.994800000451505 ], [ 1768792.393799999728799, 5879292.434000000357628 ], [ 1772755.860000000335276, 5880979.15610000025481 ], [ 1776745.784699999727309, 5884037.7456 ] ] } },
{ "type": "Feature", "properties": { "name": "Starvation - Ashley", "z_score": null, "sampled_dip": 70.0, "dip_best": 70, "sr_best": 0.6 }, "geometry": { "type": "LineString", "coordinates": [ [ 1568105.536999999545515, 5210140.3821 ], [ 1564599.800800000317395, 5210140.3821 ], [ 1559308.123599999584258, 5210603.403800000436604 ], [ 1551965.921400000341237, 5209941.944199999794364 ], [ 1549253.93680000025779, 5207560.689399999566376 ], [ 1546674.244099999777973, 5207163.8136 ], [ 1541316.42090000025928, 5207428.3975 ], [ 1538802.874200000427663, 5205444.018500000238419 ], [ 1535230.99210000038147, 5205576.310399999842048 ], [ 1528480.723199999891222, 5206043.584699999541044 ] ] } },
{ "type": "Feature", "properties": { "name": "StoneJug", "z_score": null, "sampled_dip": 70.0, "dip_best": 70, "sr_best": 0.15 }, "geometry": { "type": "LineString", "coordinates": [ [ 1636639.8004, 5290328.464800000190735 ], [ 1635157.905799999833107, 5290914.716900000348687 ], [ 1633746.640800000168383, 5293320.384700000286102 ], [ 1633197.208499999716878, 5297427.827399999834597 ], [ 1630570.042500000447035, 5301857.483199999667704 ], [ 1629096.057, 5303211.539099999703467 ], [ 1626558.320600000210106, 5304103.6584 ] ] } },
{ "type": "Feature", "properties": { "name": "Stonewall", "z_score": null, "sampled_dip": 60.0, "dip_best": 60, "sr_best": 0.03 }, "geometry": { "type": "LineString", "coordinates": [ [ 1393888.4446, 5044273.909199999645352 ], [ 1398174.703099999576807, 5043003.906600000336766 ], [ 1401270.334300000220537, 5043162.656899999827147 ], [ 1405953.4687, 5040225.776100000366569 ], [ 1416907.240600000135601, 5033637.637900000438094 ], [ 1436512.904799999669194, 5024668.245000000111759 ] ] } },
{ "type": "Feature", "properties": { "name": "Sugarloaf", "z_score": null, "sampled_dip": 60.0, "dip_best": 60, "sr_best": 0.07 }, "geometry": { "type": "LineString", "coordinates": [ [ 1451250.7692, 5117428.2231 ], [ 1448920.673600000329316, 5120802.8443 ], [ 1448120.65639999974519, 5123096.150999999605119 ], [ 1447755.625799999572337, 5123313.723199999891222 ], [ 1444561.787899999879301, 5123996.682300000451505 ], [ 1443718.13260000012815, 5124498.858 ], [ 1442834.3032, 5125663.905799999833107 ], [ 1441709.306099999696016, 5128937.954 ], [ 1440524.294599999673665, 5129821.921299999579787 ], [ 1439714.987300000153482, 5130011.374900000169873 ], [ 1437730.60840000025928, 5130044.4479 ], [ 1435415.49959999974817, 5131367.367200000211596 ], [ 1432983.4331, 5132526.386 ], [ 1424788.223500000312924, 5137619.652900000102818 ] ] } },
{ "type": "Feature", "properties": { "name": "Surville", "z_score": null, "sampled_dip": 60.0, "dip_best": 60, "sr_best": 0.03 }, "geometry": { "type": "LineString", "coordinates": [ [ 1606344.148199999704957, 5440634.344399999827147 ], [ 1608447.846099999733269, 5441773.524000000208616 ], [ 1615414.529500000178814, 5444662.974999999627471 ], [ 1617982.399299999698997, 5445488.361700000241399 ], [ 1621513.220200000330806, 5448491.85219999961555 ], [ 1624814.767, 5451793.399000000208616 ], [ 1627634.838200000114739, 5455301.292500000447035 ], [ 1631073.949500000104308, 5459772.137199999764562 ], [ 1634375.496299999766052, 5463623.941800000146031 ], [ 1637058.002999999560416, 5467200.617499999701977 ], [ 1637288.371799999848008, 5468787.314500000327826 ], [ 1637919.957100000232458, 5471675.416299999691546 ], [ 1638530.801099999807775, 5475660.32050000037998 ], [ 1638433.6475, 5480544.369099999777973 ], [ 1637814.6075, 5484258.609299999661744 ], [ 1635957.4874, 5488041.631699999794364 ], [ 1635497.6711, 5492101.223500000312924 ], [ 1634169.149600000120699, 5497671.143199999816716 ], [ 1632464.547799999825656, 5501315.544599999673665 ], [ 1633894.020700000226498, 5504343.019000000320375 ], [ 1635544.794099999591708, 5507919.69469999987632 ], [ 1638020.954199999570847, 5514110.09499999973923 ], [ 1640359.549800000153482, 5517205.295099999755621 ], [ 1641872.7588, 5521332.2286 ], [ 1643729.878899999894202, 5525803.073300000280142 ], [ 1645380.652300000190735, 5529586.095700000412762 ] ] } },
{ "type": "Feature", "properties": { "name": "Takapu", "z_score": null, "sampled_dip": 45.0, "dip_best": 45, "sr_best": 0.01 }, "geometry": { "type": "LineString", "coordinates": [ [ 1419604.497100000269711, 4911468.0729 ], [ 1417846.5625, 4905300.525000000372529 ], [ 1415751.63150000013411, 4901902.216099999845028 ], [ 1413025.615500000305474, 4898113.213999999687076 ], [ 1410122.756799999624491, 4895985.4819 ], [ 1405599.451100000180304, 4892136.9753 ], [ 1403597.496000000275671, 4890219.6513 ], [ 1401228.565100000239909, 4887733.605600000359118 ], [ 1399382.38399999961257, 4885078.274000000208616 ], [ 1397813.4665, 4881875.299599999561906 ], [ 1395640.713100000284612, 4877539.355100000277162 ], [ 1391439.85190000012517, 4868684.007799999788404 ], [ 1389347.67989999987185, 4866016.49210000038147 ] ] } },
{ "type": "Feature", "properties": { "name": "Taonui", "z_score": null, "sampled_dip": 60.0, "dip_best": 60, "sr_best": 0.2 }, "geometry": { "type": "LineString", "coordinates": [ [ 1824824.053600000217557, 5546035.908800000324845 ], [ 1821199.608, 5543269.342799999751151 ], [ 1816236.5176, 5535921.096599999815226 ] ] } },
{ "type": "Feature", "properties": { "name": "Tauranga Trough East 2", "z_score": null, "sampled_dip": 45.0, "dip_best": 45, "sr_best": 2.0 }, "geometry": { "type": "LineString", "coordinates": [ [ 1970775.802299999631941, 5891764.365299999713898 ], [ 1975439.596, 5899344.781000000424683 ], [ 1984379.504599999636412, 5905737.1053 ], [ 1989693.0406, 5908520.8339 ] ] } },
{ "type": "Feature", "properties": { "name": "Tauranga Trough West 2", "z_score": null, "sampled_dip": 45.0, "dip_best": 45, "sr_best": 1.95 }, "geometry": { "type": "LineString", "coordinates": [ [ 1950067.858099999837577, 5900650.2275 ], [ 1951938.116499999538064, 5902836.2692 ], [ 1955061.738199999555945, 5904501.440100000239909 ], [ 1958447.419599999673665, 5906617.49100000038743 ], [ 1960902.038599999621511, 5906956.059100000187755 ], [ 1965933.74100000038743, 5909016.2802 ], [ 1971091.103799999691546, 5911841.871299999766052 ], [ 1979789.552500000223517, 5919394.21239999961108 ] ] } },
{ "type": "Feature", "properties": { "name": "Tauru", "z_score": null, "sampled_dip": 50.0, "dip_best": 50, "sr_best": 0.2 }, "geometry": { "type": "LineString", "coordinates": [ [ 1101372.406899999827147, 4727164.379599999636412 ], [ 1095043.778599999845028, 4740080.9638 ], [ 1086499.011599999852479, 4752622.088499999605119 ], [ 1079061.476800000295043, 4765908.201899999752641 ] ] } },
{ "type": "Feature", "properties": { "name": "Te Anau", "z_score": null, "sampled_dip": 70.0, "dip_best": 70, "sr_best": 0.5 }, "geometry": { "type": "LineString", "coordinates": [ [ 1211972.847199999727309, 5026324.926799999549985 ], [ 1206436.280899999663234, 5021889.079199999570847 ], [ 1199426.230999999679625, 5012280.6891 ], [ 1195741.103400000371039, 5002304.643699999898672 ], [ 1190954.433199999853969, 4986416.451999999582767 ], [ 1187280.557500000111759, 4968311.52170000039041 ], [ 1179175.814399999566376, 4950568.632000000216067 ] ] } },
{ "type": "Feature", "properties": { "name": "Te Arawa 1", "z_score": null, "sampled_dip": 45.0, "dip_best": 45, "sr_best": 2.7 }, "geometry": { "type": "LineString", "coordinates": [ [ 1982456.31969999987632, 5853982.299700000323355 ], [ 1978331.0471, 5851153.743800000287592 ], [ 1974116.019100000150502, 5847413.1453 ], [ 1971565.032800000160933, 5846162.518899999558926 ], [ 1970587.546900000423193, 5844753.139499999582767 ], [ 1967497.823699999600649, 5842710.952600000426173 ] ] } },
{ "type": "Feature", "properties": { "name": "Te Arawa 2", "z_score": null, "sampled_dip": 45.0, "dip_best": 45, "sr_best": 2.75 }, "geometry": { "type": "LineString", "coordinates": [ [ 1970224.1107, 5846994.7686 ], [ 1976303.8783, 5854590.980100000277162 ], [ 1981375.189899999648333, 5858403.534799999557436 ] ] } },
{ "type": "Feature", "properties": { "name": "Te Arawa 3", "z_score": null, "sampled_dip": 45.0, "dip_best": 45, "sr_best": 2.0 }, "geometry": { "type": "LineString", "coordinates": [ [ 1989292.314000000245869, 5865430.215300000272691 ], [ 1985306.652099999599159, 5863635.244400000199676 ], [ 1983078.5011, 5862128.588000000454485 ], [ 1977935.587899999693036, 5859644.835400000214577 ] ] } },
{ "type": "Feature", "properties": { "name": "Te Heka", "z_score": null, "sampled_dip": 60.0, "dip_best": 60, "sr_best": 0.2 }, "geometry": { "type": "LineString", "coordinates": [ [ 1914729.306900000199676, 5605395.5587 ], [ 1913162.312199999578297, 5603529.5833 ], [ 1911256.852, 5598000.8651 ], [ 1907726.297399999573827, 5590668.4271 ], [ 1902550.7632, 5586525.056200000457466 ], [ 1899741.0488, 5577733.319899999536574 ] ] } },
{ "type": "Feature", "properties": { "name": "Te Ikaarongamai", "z_score": null, "sampled_dip": 30.0, "dip_best": 30, "sr_best": 2.5 }, "geometry": { "type": "LineString", "coordinates": [ [ 2071484.986700000241399, 5703764.451299999840558 ], [ 2070354.753499999642372, 5704990.446600000374019 ], [ 2066373.614199999719858, 5709000.562800000421703 ], [ 2064198.972900000400841, 5710754.377399999648333 ], [ 2062865.6864, 5712986.4638 ], [ 2061070.010599999688566, 5717865.791600000113249 ] ] } },
{ "type": "Feature", "properties": { "name": "Te Puninga", "z_score": null, "sampled_dip": 60.0, "dip_best": 60, "sr_best": 0.16 }, "geometry": { "type": "LineString", "coordinates": [ [ 1819696.230399999767542, 5854802.5104 ], [ 1828375.041600000113249, 5827443.417999999597669 ] ] } },
{ "type": "Feature", "properties": { "name": "Te Rapa 1", "z_score": null, "sampled_dip": 80.0, "dip_best": 80, "sr_best": 2.0 }, "geometry": { "type": "LineString", "coordinates": [ [ 1724989.74280000012368, 5353200.714999999850988 ], [ 1739949.1075, 5354461.392 ] ] } },
{ "type": "Feature", "properties": { "name": "Te Rapa 2", "z_score": null, "sampled_dip": 70.0, "dip_best": 70, "sr_best": 2.0 }, "geometry": { "type": "LineString", "coordinates": [ [ 1739949.1075, 5354461.392 ], [ 1753277.936599999666214, 5363084.370000000111759 ], [ 1767263.787200000137091, 5370368.0301 ] ] } },
{ "type": "Feature", "properties": { "name": "Te Tatua o Wairere", "z_score": null, "sampled_dip": 60.0, "dip_best": 60, "sr_best": 0.02 }, "geometry": { "type": "LineString", "coordinates": [ [ 1803666.660699999891222, 5796570.3427 ], [ 1803433.826899999752641, 5798348.346199999563396 ], [ 1803306.8267, 5800198.316599999554455 ], [ 1803364.506, 5803064.024400000460446 ], [ 1803343.339200000278652, 5805579.687800000421703 ], [ 1803347.160799999721348, 5808611.561200000345707 ], [ 1803564.781000000424683, 5812284.64670000039041 ], [ 1803924.350499999709427, 5814644.558299999684095 ], [ 1804385.088600000366569, 5815629.1782 ] ] } },
{ "type": "Feature", "properties": { "name": "Te Whaiti North", "z_score": null, "sampled_dip": 65.0, "dip_best": 65, "sr_best": 0.5 }, "geometry": { "type": "LineString", "coordinates": [ [ 1929503.305100000463426, 5736101.1464 ], [ 1930536.502899999730289, 5738435.285199999809265 ], [ 1934599.160199999809265, 5741868.145200000144541 ] ] } },
{ "type": "Feature", "properties": { "name": "Te Whaiti South", "z_score": null, "sampled_dip": 80.0, "dip_best": 80, "sr_best": 0.5 }, "geometry": { "type": "LineString", "coordinates": [ [ 1911717.89130000025034, 5682387.219499999657273 ], [ 1914922.860999999567866, 5685248.425099999643862 ], [ 1919056.145100000314415, 5692752.502299999818206 ], [ 1920189.750799999572337, 5701618.140700000338256 ], [ 1922970.902599999681115, 5711265.608199999667704 ], [ 1929955.727900000289083, 5722100.004499999806285 ], [ 1930688.670800000429153, 5728510.403 ], [ 1929503.305100000463426, 5736101.1464 ] ] } },
{ "type": "Feature", "properties": { "name": "Teviot", "z_score": null, "sampled_dip": 45.0, "dip_best": 45, "sr_best": 0.02 }, "geometry": { "type": "LineString", "coordinates": [ [ 1312879.894399999640882, 4945956.19579999987036 ], [ 1314388.02240000013262, 4943813.066499999724329 ], [ 1320103.033800000324845, 4937542.428999999538064 ], [ 1323516.1656, 4931509.916899999603629 ], [ 1324071.7917, 4929763.6634 ], [ 1324071.7917, 4920318.019500000402331 ] ] } },
{ "type": "Feature", "properties": { "name": "The Humps", "z_score": null, "sampled_dip": 50.0, "dip_best": 50, "sr_best": 0.32 }, "geometry": { "type": "LineString", "coordinates": [ [ 1590820.696899999864399, 5280166.3141 ], [ 1598037.537700000219047, 5279715.596800000406802 ], [ 1602375.216400000266731, 5280734.288099999539554 ], [ 1610068.517099999822676, 5282327.097199999727309 ], [ 1614442.765700000338256, 5285043.063 ], [ 1619812.662100000306964, 5286038.249699999578297 ] ] } },
{ "type": "Feature", "properties": { "name": "Timaru Creek", "z_score": null, "sampled_dip": 60.0, "dip_best": 60, "sr_best": 0.32 }, "geometry": { "type": "LineString", "coordinates": [ [ 1329201.305800000205636, 5073693.369800000451505 ], [ 1326581.925499999895692, 5070280.237999999895692 ], [ 1325867.549100000411272, 5067581.482599999755621 ], [ 1324518.171400000341237, 5064644.601700000464916 ], [ 1321025.66440000012517, 5061945.846300000324845 ], [ 1309040.01549999974668, 5055119.582700000144541 ] ] } },
{ "type": "Feature", "properties": { "name": "Tin Hut", "z_score": null, "sampled_dip": 60.0, "dip_best": 60, "sr_best": 0.5 }, "geometry": { "type": "LineString", "coordinates": [ [ 1207354.2385, 4907647.244099999777973 ], [ 1207674.914200000464916, 4909250.622399999760091 ], [ 1207770.16440000012517, 4910758.75040000025183 ], [ 1207823.245900000445545, 4914762.5658 ], [ 1209990.904900000430644, 4925383.209099999628961 ], [ 1209592.706199999898672, 4931429.6118 ], [ 1208593.902099999599159, 4938411.3185 ] ] } },
{ "type": "Feature", "properties": { "name": "Tirohanga", "z_score": null, "sampled_dip": 70.0, "dip_best": 70, "sr_best": 0.5 }, "geometry": { "type": "LineString", "coordinates": [ [ 1979661.151200000196695, 5801824.4983 ], [ 1979866.67850000038743, 5794480.590599999763072 ], [ 1978849.684600000269711, 5789133.234299999661744 ], [ 1981253.014899999834597, 5786560.319799999706447 ], [ 1983890.337100000120699, 5778482.315600000321865 ] ] } },
{ "type": "Feature", "properties": { "name": "Titri Central", "z_score": null, "sampled_dip": 45.0, "dip_best": 45, "sr_best": 0.15 }, "geometry": { "type": "LineString", "coordinates": [ [ 1383888.2664, 4908097.38260000012815 ], [ 1383003.5833, 4907510.157800000160933 ], [ 1375883.825199999846518, 4900580.8509 ], [ 1375007.737499999813735, 4899807.242600000463426 ], [ 1370149.511300000362098, 4894992.10190000012517 ], [ 1369410.7911, 4894037.2862 ], [ 1369330.556900000199676, 4892736.250799999572337 ], [ 1369508.05489999987185, 4891444.885599999688566 ], [ 1368682.964800000190735, 4889374.08600000012666 ], [ 1367687.684399999678135, 4888409.3109 ], [ 1367200.7028, 4887649.099899999797344 ], [ 1366770.199799999594688, 4885407.464599999599159 ] ] } },
{ "type": "Feature", "properties": { "name": "Titri North", "z_score": null, "sampled_dip": 45.0, "dip_best": 45, "sr_best": 0.15 }, "geometry": { "type": "LineString", "coordinates": [ [ 1384127.191599999554455, 4908661.928000000305474 ], [ 1384495.3613, 4909230.971599999815226 ], [ 1389672.704300000332296, 4912931.737200000323355 ], [ 1393378.24100000038743, 4914354.298899999819696 ], [ 1399488.561599999666214, 4917521.17949999962002 ], [ 1401098.899500000290573, 4919797.424700000323355 ], [ 1402033.655299999751151, 4922978.417100000195205 ], [ 1404082.788200000301003, 4927862.610100000165403 ] ] } },
{ "type": "Feature", "properties": { "name": "Titri South", "z_score": null, "sampled_dip": 45.0, "dip_best": 45, "sr_best": 0.15 }, "geometry": { "type": "LineString", "coordinates": [ [ 1365798.525600000284612, 4887224.847099999897182 ], [ 1361701.049599999561906, 4883172.538800000213087 ], [ 1360851.001199999824166, 4881841.230000000447035 ], [ 1358116.088499999605119, 4879322.808199999853969 ], [ 1357146.199300000444055, 4877800.6721 ], [ 1356676.185499999672174, 4876669.191800000146031 ], [ 1356243.300499999895692, 4874611.798600000329316 ], [ 1356391.088700000196695, 4870908.313299999572337 ], [ 1356124.3295, 4867930.1256 ], [ 1356114.572999999858439, 4864962.182799999602139 ], [ 1356987.781000000424683, 4862400.484899999573827 ] ] } },
{ "type": "Feature", "properties": { "name": "Tokomaru", "z_score": null, "sampled_dip": 60.0, "dip_best": 60, "sr_best": 0.2 }, "geometry": { "type": "LineString", "coordinates": [ [ 1816468.440000000409782, 5523666.425900000147521 ], [ 1808913.427299999631941, 5510878.040400000289083 ], [ 1802942.480600000359118, 5499315.815499999560416 ] ] } },
{ "type": "Feature", "properties": { "name": "Torlesse", "z_score": null, "sampled_dip": 65.0, "dip_best": 65, "sr_best": 0.8 }, "geometry": { "type": "LineString", "coordinates": [ [ 1511924.872600000351667, 5216791.5137 ], [ 1501367.97649999987334, 5213537.13219999987632 ], [ 1494159.316200000233948, 5209034.57079999987036 ], [ 1489209.737999999895692, 5205216.247499999590218 ] ] } },
{ "type": "Feature", "properties": { "name": "Tuakana 6", "z_score": null, "sampled_dip": 45.0, "dip_best": 45, "sr_best": 3.0 }, "geometry": { "type": "LineString", "coordinates": [ [ 1938543.9978, 5877096.355899999849498 ], [ 1940508.664200000464916, 5879977.744599999859929 ], [ 1946304.759600000455976, 5886059.9994 ], [ 1947232.349899999797344, 5888024.174999999813735 ] ] } },
{ "type": "Feature", "properties": { "name": "Tuakana 7", "z_score": null, "sampled_dip": 45.0, "dip_best": 45, "sr_best": 3.3 }, "geometry": { "type": "LineString", "coordinates": [ [ 1964414.6831, 5900269.3383 ], [ 1959674.729100000113249, 5898661.139600000344217 ], [ 1956881.542000000365078, 5897137.582999999634922 ], [ 1952871.870699999853969, 5894794.478799999691546 ], [ 1950599.661899999715388, 5891852.118599999696016 ], [ 1947226.424999999813735, 5888504.0954 ] ] } },
{ "type": "Feature", "properties": { "name": "Tuapeka", "z_score": null, "sampled_dip": 75.0, "dip_best": 75, "sr_best": 0.04 }, "geometry": { "type": "LineString", "coordinates": [ [ 1360995.89670000039041, 4888371.194799999706447 ], [ 1357433.87540000025183, 4891199.210799999535084 ], [ 1354050.881400000303984, 4893998.284199999645352 ], [ 1352945.3032, 4895808.636300000362098 ], [ 1351537.023699999786913, 4897598.557 ], [ 1350504.326999999582767, 4898677.680200000293553 ], [ 1348987.235299999825656, 4901027.197499999776483 ], [ 1348190.75690000038594, 4904704.225499999709427 ], [ 1345820.254599999636412, 4908873.050300000235438 ], [ 1343292.5905, 4912935.1606 ], [ 1341292.76410000026226, 4914991.706799999810755 ], [ 1338265.497100000269711, 4916163.083700000308454 ], [ 1336519.243599999696016, 4915845.583100000396371 ], [ 1334302.206000000238419, 4917849.089599999599159 ], [ 1332952.1941, 4919089.584499999880791 ], [ 1331649.756799999624491, 4919218.8279 ], [ 1329667.692200000397861, 4920060.253899999894202 ], [ 1328996.08420000039041, 4920587.476599999703467 ], [ 1325104.829400000162423, 4923954.455799999646842 ] ] } },
{ "type": "Feature", "properties": { "name": "Tuatoru 1", "z_score": null, "sampled_dip": 45.0, "dip_best": 45, "sr_best": 2.7 }, "geometry": { "type": "LineString", "coordinates": [ [ 1979349.478500000201166, 5846216.245199999772012 ], [ 1975779.768299999646842, 5843766.197599999606609 ], [ 1974280.02280000038445, 5842265.541000000201166 ], [ 1971956.251400000415742, 5840682.375300000421703 ] ] } },
{ "type": "Feature", "properties": { "name": "Tuatoru 2", "z_score": null, "sampled_dip": 45.0, "dip_best": 45, "sr_best": 2.7 }, "geometry": { "type": "LineString", "coordinates": [ [ 1992299.982800000347197, 5852018.005300000309944 ], [ 1986601.783099999651313, 5850255.485500000417233 ], [ 1979628.433799999766052, 5845369.470099999569356 ] ] } },
{ "type": "Feature", "properties": { "name": "Tukituki Thrust", "z_score": null, "sampled_dip": 60.0, "dip_best": 60, "sr_best": 1.0 }, "geometry": { "type": "LineString", "coordinates": [ [ 1939095.384600000455976, 5608915.1124 ], [ 1932269.121000000275671, 5603676.35190000012517 ], [ 1927394.758500000461936, 5599022.30420000012964 ], [ 1922349.257500000298023, 5587466.7248 ], [ 1915597.88150000013411, 5580208.313799999654293 ], [ 1912452.7758, 5569992.206899999640882 ], [ 1902096.89159999974072, 5555277.934899999760091 ] ] } },
{ "type": "Feature", "properties": { "name": "Turi Central", "z_score": null, "sampled_dip": 60.0, "dip_best": 60, "sr_best": 0.4 }, "geometry": { "type": "LineString", "coordinates": [ [ 1696832.001899999566376, 5695827.725499999709427 ], [ 1709422.9567, 5711299.119400000199676 ], [ 1710400.069500000216067, 5713529.814899999648333 ], [ 1716529.696899999864399, 5719728.30599999986589 ], [ 1718304.5938, 5722048.206500000320375 ] ] } },
{ "type": "Feature", "properties": { "name": "Turi North", "z_score": null, "sampled_dip": 60.0, "dip_best": 60, "sr_best": 0.4 }, "geometry": { "type": "LineString", "coordinates": [ [ 1718304.5938, 5722048.206500000320375 ], [ 1723393.576999999582767, 5730075.398699999786913 ], [ 1730253.5779, 5743604.885499999858439 ], [ 1732749.713899999856949, 5746959.870699999853969 ] ] } },
{ "type": "Feature", "properties": { "name": "Turi South", "z_score": null, "sampled_dip": 60.0, "dip_best": 60, "sr_best": 0.4 }, "geometry": { "type": "LineString", "coordinates": [ [ 1669872.215200000442564, 5672091.908200000412762 ], [ 1672378.2577, 5674987.901600000448525 ], [ 1681634.081399999558926, 5682037.597299999557436 ], [ 1683175.651200000196695, 5684547.171400000341237 ], [ 1690889.414599999785423, 5689763.233199999667704 ], [ 1696832.001899999566376, 5695827.725499999709427 ] ] } },
{ "type": "Feature", "properties": { "name": "Tutaki", "z_score": null, "sampled_dip": 50.0, "dip_best": 50, "sr_best": 0.4 }, "geometry": { "type": "LineString", "coordinates": [ [ 1546643.7637, 5347909.311700000427663 ], [ 1548186.206600000150502, 5350650.16370000038296 ], [ 1550014.097199999727309, 5351589.160799999721348 ], [ 1552249.519500000402331, 5354328.986100000329316 ], [ 1555042.701999999582767, 5358328.963700000196695 ], [ 1555862.770899999886751, 5360746.498999999836087 ], [ 1556640.118200000375509, 5365196.577600000426173 ], [ 1557820.879700000397861, 5367787.374800000339746 ], [ 1559163.76630000025034, 5372173.423899999819696 ], [ 1560205.330199999734759, 5374711.452100000344217 ], [ 1562338.959099999628961, 5377863.544700000435114 ], [ 1565385.567200000397861, 5381387.572999999858439 ], [ 1567593.941599999554455, 5384639.411399999633431 ], [ 1569611.24210000038147, 5386490.946899999864399 ], [ 1570820.720300000160933, 5388811.808199999853969 ] ] } },
{ "type": "Feature", "properties": { "name": "Upper Slope", "z_score": null, "sampled_dip": 30.0, "dip_best": 30, "sr_best": 1.0 }, "geometry": { "type": "LineString", "coordinates": [ [ 1701928.985399999655783, 5316887.323400000110269 ], [ 1708690.881099999882281, 5327120.223299999721348 ], [ 1712793.474000000394881, 5336562.63190000038594 ], [ 1720503.542999999597669, 5343940.63370000012219 ], [ 1743247.8602, 5350609.881400000303984 ], [ 1748665.9951, 5354358.470499999821186 ], [ 1752092.423000000417233, 5360626.7166 ] ] } },
{ "type": "Feature", "properties": { "name": "Uruti Basin", "z_score": null, "sampled_dip": 90.0, "dip_best": 90, "sr_best": 4.0 }, "geometry": { "type": "LineString", "coordinates": [ [ 1861615.340599999763072, 5421567.207399999722838 ], [ 1876660.19579999987036, 5424783.720300000160933 ], [ 1885883.8054, 5423662.296799999661744 ], [ 1903340.826100000180304, 5424184.845599999651313 ], [ 1914429.455799999646842, 5423641.518299999646842 ] ] } },
{ "type": "Feature", "properties": { "name": "Uruti Basin 2", "z_score": null, "sampled_dip": 50.0, "dip_best": 50, "sr_best": 0.5 }, "geometry": { "type": "LineString", "coordinates": [ [ 1896061.270600000396371, 5439276.856100000441074 ], [ 1888364.089700000360608, 5432503.107900000177324 ], [ 1886011.460900000296533, 5428423.9901 ], [ 1882769.115399999544024, 5426808.011599999852479 ] ] } },
{ "type": "Feature", "properties": { "name": "Uruti East - PorWest 1", "z_score": null, "sampled_dip": 30.0, "dip_best": 30, "sr_best": 1.0 }, "geometry": { "type": "LineString", "coordinates": [ [ 1916734.860999999567866, 5420686.501500000245869 ], [ 1925641.351300000213087, 5426297.519299999810755 ], [ 1931885.530399999581277, 5434658.369300000369549 ], [ 1942045.550800000317395, 5451062.568799999542534 ], [ 1945220.557099999859929, 5465138.43030000012368 ], [ 1950618.067900000140071, 5478790.957600000314415 ], [ 1952311.4046, 5483447.633600000292063 ], [ 1958026.4161, 5494665.989299999549985 ] ] } },
{ "type": "Feature", "properties": { "name": "Uruti North", "z_score": null, "sampled_dip": 30.0, "dip_best": 30, "sr_best": 1.0 }, "geometry": { "type": "LineString", "coordinates": [ [ 1923621.845700000412762, 5454294.52489999961108 ], [ 1916653.605700000189245, 5445691.759399999864399 ], [ 1913642.637799999676645, 5443885.178600000217557 ], [ 1903749.457399999722838, 5443110.929700000211596 ] ] } },
{ "type": "Feature", "properties": { "name": "Uruti Point", "z_score": null, "sampled_dip": 65.0, "dip_best": 65, "sr_best": 0.25 }, "geometry": { "type": "LineString", "coordinates": [ [ 1847373.997399999760091, 5431788.5449 ], [ 1849022.824699999764562, 5436824.0778 ], [ 1851829.31900000013411, 5440712.635700000450015 ], [ 1852618.22719999961555, 5443267.514999999664724 ], [ 1856222.705900000408292, 5446229.76410000026226 ], [ 1856684.0905, 5447178.3849 ] ] } },
{ "type": "Feature", "properties": { "name": "Uruti Ridge 2", "z_score": null, "sampled_dip": 30.0, "dip_best": 30, "sr_best": 2.0 }, "geometry": { "type": "LineString", "coordinates": [ [ 1927901.368200000375509, 5437545.7007 ], [ 1922478.72759999986738, 5430905.776100000366569 ], [ 1914429.455799999646842, 5423641.518299999646842 ] ] } },
{ "type": "Feature", "properties": { "name": "Vernon 1", "z_score": null, "sampled_dip": 75.0, "dip_best": 75, "sr_best": 4.5 }, "geometry": { "type": "LineString", "coordinates": [ [ 1687252.933199999853969, 5396510.292600000277162 ], [ 1685374.17850000038743, 5390425.674700000323355 ] ] } },
{ "type": "Feature", "properties": { "name": "Vernon 2", "z_score": null, "sampled_dip": 70.0, "dip_best": 70, "sr_best": 4.5 }, "geometry": { "type": "LineString", "coordinates": [ [ 1699101.357099999673665, 5400805.7972 ], [ 1687252.933199999853969, 5396510.292600000277162 ] ] } },
{ "type": "Feature", "properties": { "name": "Vernon 3", "z_score": null, "sampled_dip": 70.0, "dip_best": 70, "sr_best": 2.5 }, "geometry": { "type": "LineString", "coordinates": [ [ 1704563.874200000427663, 5401097.469700000248849 ], [ 1699101.357099999673665, 5400805.7972 ] ] } },
{ "type": "Feature", "properties": { "name": "Vernon 4", "z_score": null, "sampled_dip": 70.0, "dip_best": 70, "sr_best": 4.5 }, "geometry": { "type": "LineString", "coordinates": [ [ 1721008.421400000341237, 5400285.3459 ], [ 1704563.874200000427663, 5401097.469700000248849 ] ] } },
{ "type": "Feature", "properties": { "name": "Virginia", "z_score": null, "sampled_dip": 70.0, "dip_best": 70, "sr_best": 0.5 }, "geometry": { "type": "LineString", "coordinates": [ [ 1546257.2177, 5246737.18030000012368 ], [ 1551185.092199999839067, 5247134.056099999696016 ], [ 1555087.70409999974072, 5247034.837100000120699 ], [ 1561812.979899999685585, 5247925.061599999666214 ] ] } },
{ "type": "Feature", "properties": { "name": "Volkner 3", "z_score": null, "sampled_dip": 45.0, "dip_best": 45, "sr_best": 2.3 }, "geometry": { "type": "LineString", "coordinates": [ [ 1957228.22719999961555, 5839731.091400000266731 ], [ 1960655.4742, 5844122.224700000137091 ], [ 1963377.268899999558926, 5846686.11699999962002 ], [ 1966372.92200000025332, 5852762.628600000403821 ], [ 1966937.167399999685585, 5853366.484299999661744 ] ] } },
{ "type": "Feature", "properties": { "name": "Volkner 4", "z_score": null, "sampled_dip": 45.0, "dip_best": 45, "sr_best": 4.1 }, "geometry": { "type": "LineString", "coordinates": [ [ 1984042.381299999542534, 5870678.492999999783933 ], [ 1980379.3597999997437, 5864748.913200000301003 ], [ 1967490.816999999806285, 5851092.57660000026226 ] ] } },
{ "type": "Feature", "properties": { "name": "Waewaepa", "z_score": null, "sampled_dip": 70.0, "dip_best": 70, "sr_best": 3.0 }, "geometry": { "type": "LineString", "coordinates": [ [ 1865226.988199999555945, 5523710.282100000418723 ], [ 1866991.993200000375509, 5528675.211199999786913 ], [ 1871845.888600000180304, 5538732.691700000315905 ] ] } },
{ "type": "Feature", "properties": { "name": "Waihemo", "z_score": null, "sampled_dip": 70.0, "dip_best": 70, "sr_best": 0.12 }, "geometry": { "type": "LineString", "coordinates": [ [ 1373611.650299999862909, 5013458.435999999754131 ], [ 1377474.574699999764562, 5011659.265700000338256 ], [ 1379961.662999999709427, 5011183.0148 ], [ 1382078.3339, 5011235.9315 ], [ 1383983.337799999862909, 5011024.264399999752641 ], [ 1386152.9254, 5009648.428399999625981 ], [ 1388640.0137, 5007584.674200000241399 ], [ 1392450.0214, 4998959.240299999713898 ], [ 1395042.943199999630451, 4995202.149500000290573 ], [ 1398457.649299999698997, 4991803.731499999761581 ], [ 1400810.871399999596179, 4988468.490199999883771 ], [ 1402001.498800000175834, 4985888.797500000335276 ], [ 1405176.505099999718368, 4983705.980600000359118 ], [ 1408020.781700000166893, 4980332.536399999633431 ], [ 1413312.4589, 4976231.486499999649823 ], [ 1421845.288499999791384, 4966971.051300000399351 ], [ 1426387.144100000150502, 4963167.7407 ], [ 1430117.776600000448525, 4960270.547399999573827 ], [ 1435991.5384, 4951499.592299999669194 ] ] } },
{ "type": "Feature", "properties": { "name": "Waihi South", "z_score": null, "sampled_dip": 45.0, "dip_best": 45, "sr_best": 2.7 }, "geometry": { "type": "LineString", "coordinates": [ [ 1828155.605200000107288, 5672888.949699999764562 ], [ 1827794.421400000341237, 5666411.739900000393391 ], [ 1825256.730399999767542, 5662419.1645 ], [ 1823930.356100000441074, 5658380.243599999696016 ], [ 1821590.3246, 5655114.261599999852479 ], [ 1821027.62540000025183, 5650497.865899999625981 ] ] } },
{ "type": "Feature", "properties": { "name": "Waihi West", "z_score": null, "sampled_dip": 45.0, "dip_best": 45, "sr_best": 2.9 }, "geometry": { "type": "LineString", "coordinates": [ [ 1835064.565899999812245, 5686750.1402000002563 ], [ 1832505.926799999549985, 5679427.12430000025779 ], [ 1828003.7829, 5673626.548600000329316 ] ] } },
{ "type": "Feature", "properties": { "name": "Waikaia", "z_score": null, "sampled_dip": 60.0, "dip_best": 60, "sr_best": 0.05 }, "geometry": { "type": "LineString", "coordinates": [ [ 1298279.499099999666214, 4961322.911799999885261 ], [ 1293516.9896, 4954377.585400000214577 ], [ 1281809.153699999675155, 4934732.2336 ], [ 1277652.421500000171363, 4923379.380699999630451 ], [ 1277123.253700000233948, 4915653.531899999827147 ], [ 1274821.730000000447035, 4897689.361100000329316 ] ] } },
{ "type": "Feature", "properties": { "name": "Waikaka", "z_score": null, "sampled_dip": 60.0, "dip_best": 60, "sr_best": 0.05 }, "geometry": { "type": "LineString", "coordinates": [ [ 1283909.839300000108778, 4893893.7144 ], [ 1283909.839300000108778, 4901672.480000000447035 ], [ 1284544.840599999763072, 4904847.486399999819696 ], [ 1289624.850700000301003, 4907466.866600000299513 ], [ 1293196.732900000177324, 4912388.126400000415742 ] ] } },
{ "type": "Feature", "properties": { "name": "Waikuku", "z_score": null, "sampled_dip": 55.0, "dip_best": 55, "sr_best": 0.125 }, "geometry": { "type": "LineString", "coordinates": [ [ 1599729.313699999824166, 5213828.662499999627471 ], [ 1586333.693799999542534, 5212149.120699999853969 ], [ 1579306.6053, 5209169.889399999752641 ] ] } },
{ "type": "Feature", "properties": { "name": "Waimana - Waikaremoana", "z_score": null, "sampled_dip": 70.0, "dip_best": 70, "sr_best": 2.3 }, "geometry": { "type": "LineString", "coordinates": [ [ 1965697.148, 5801163.072800000198185 ], [ 1970249.059000000357628, 5809925.442200000397861 ], [ 1970761.9408, 5814810.237300000153482 ] ] } },
{ "type": "Feature", "properties": { "name": "Waimana North", "z_score": null, "sampled_dip": 75.0, "dip_best": 75, "sr_best": 1.2 }, "geometry": { "type": "LineString", "coordinates": [ [ 1966178.240799999795854, 5806892.860600000247359 ], [ 1962909.5307, 5799133.060200000181794 ], [ 1962947.224100000225008, 5794900.1519 ], [ 1961480.6891, 5788128.936300000175834 ], [ 1962708.4512, 5772309.306200000457466 ], [ 1961102.513299999758601, 5768650.313799999654293 ], [ 1959625.858799999579787, 5762904.425800000317395 ], [ 1960692.5861, 5754777.94579999987036 ], [ 1960417.2533, 5745259.020100000314415 ], [ 1957682.935600000433624, 5731249.5696 ], [ 1956432.8109, 5726140.895899999886751 ] ] } },
{ "type": "Feature", "properties": { "name": "Waimana South", "z_score": null, "sampled_dip": 80.0, "dip_best": 80, "sr_best": 1.0 }, "geometry": { "type": "LineString", "coordinates": [ [ 1924995.007799999788404, 5673579.755599999800324 ], [ 1933537.428000000305474, 5686336.364699999801815 ], [ 1941310.508600000292063, 5700971.676400000229478 ], [ 1947102.1464, 5706509.7385 ], [ 1952696.145100000314415, 5718762.854399999603629 ], [ 1956432.8109, 5726140.895899999886751 ] ] } },
{ "type": "Feature", "properties": { "name": "Waimarama 1 & 2", "z_score": null, "sampled_dip": 30.0, "dip_best": 30, "sr_best": 1.0 }, "geometry": { "type": "LineString", "coordinates": [ [ 1939924.028400000184774, 5572310.294599999673665 ], [ 1945240.627999999560416, 5577114.33600000012666 ], [ 1948421.4041, 5581991.100999999791384 ], [ 1948680.003999999724329, 5584520.057400000281632 ], [ 1951311.918700000271201, 5586120.056599999777973 ] ] } },
{ "type": "Feature", "properties": { "name": "Waimarama 3 & 4", "z_score": null, "sampled_dip": 30.0, "dip_best": 30, "sr_best": 1.0 }, "geometry": { "type": "LineString", "coordinates": [ [ 1959262.580699999816716, 5591915.3854 ], [ 1953862.847500000149012, 5586024.7292 ], [ 1952764.369599999859929, 5581130.349999999627471 ], [ 1949925.317800000309944, 5576795.970599999651313 ] ] } },
{ "type": "Feature", "properties": { "name": "Waimate", "z_score": null, "sampled_dip": 60.0, "dip_best": 60, "sr_best": 0.05 }, "geometry": { "type": "LineString", "coordinates": [ [ 1440164.504499999806285, 5046996.083399999886751 ], [ 1442281.1754, 5044667.745400000363588 ], [ 1444503.6798, 5040963.571399999782443 ], [ 1444821.1804, 5036306.895399999804795 ], [ 1446620.350700000301003, 5031438.552299999631941 ], [ 1448525.354500000365078, 5020961.0313 ] ] } },
{ "type": "Feature", "properties": { "name": "Waimea Offshore", "z_score": null, "sampled_dip": 60.0, "dip_best": 60, "sr_best": 0.2 }, "geometry": { "type": "LineString", "coordinates": [ [ 1634342.8733, 5445992.480100000277162 ], [ 1636101.439299999736249, 5448091.423000000417233 ], [ 1638145.4342, 5449791.545 ], [ 1646724.037899999879301, 5455079.148900000378489 ], [ 1648819.763500000350177, 5457020.848199999891222 ], [ 1650222.737499999813735, 5459351.00650000013411 ], [ 1651335.708200000226498, 5462358.112800000235438 ], [ 1652396.4392, 5467131.83530000038445 ], [ 1653656.255199999548495, 5469865.030299999751151 ], [ 1654926.059500000439584, 5471404.438900000415742 ], [ 1658985.099999999627471, 5474429.426099999807775 ], [ 1662246.403099999763072, 5476943.4572 ], [ 1664387.473799999803305, 5480017.038800000213087 ], [ 1666219.385300000198185, 5484051.259499999694526 ], [ 1668243.451899999752641, 5488893.1442 ], [ 1669642.990899999625981, 5493156.6124 ], [ 1670853.002999999560416, 5496868.683899999596179 ], [ 1672205.720099999569356, 5499688.755099999718368 ], [ 1673650.146800000220537, 5501889.786299999803305 ], [ 1675415.557199999690056, 5503838.616100000217557 ], [ 1677433.169200000353158, 5505512.3169 ], [ 1681674.739699999801815, 5507805.057699999772012 ], [ 1686667.755900000222027, 5509957.7286 ], [ 1687767.6985, 5511290.02379999961704 ] ] } },
{ "type": "Feature", "properties": { "name": "Waiohau North", "z_score": null, "sampled_dip": 65.0, "dip_best": 65, "sr_best": 0.7 }, "geometry": { "type": "LineString", "coordinates": [ [ 1933053.914800000376999, 5782577.835400000214577 ], [ 1935530.634700000286102, 5766859.153699999675155 ], [ 1934173.21169999986887, 5757228.866899999789894 ], [ 1934599.160199999809265, 5741868.145200000144541 ], [ 1936912.86089999973774, 5728095.113800000399351 ] ] } },
{ "type": "Feature", "properties": { "name": "Waiohau South", "z_score": null, "sampled_dip": 70.0, "dip_best": 70, "sr_best": 0.7 }, "geometry": { "type": "LineString", "coordinates": [ [ 1913307.3098, 5673176.39740000013262 ], [ 1917841.731999999843538, 5677372.721199999563396 ], [ 1919998.467899999581277, 5683364.6491 ], [ 1923524.454800000414252, 5687430.965400000102818 ], [ 1925674.166299999691546, 5691032.843000000342727 ], [ 1926116.498599999584258, 5695606.857099999673665 ], [ 1930362.491600000299513, 5705318.139600000344217 ], [ 1930878.395399999804795, 5710782.351300000213087 ], [ 1934349.75800000037998, 5719261.296400000341237 ], [ 1934633.2939, 5724141.877399999648333 ], [ 1936912.86089999973774, 5728095.113800000399351 ] ] } },
{ "type": "Feature", "properties": { "name": "Waiotahi North", "z_score": null, "sampled_dip": 80.0, "dip_best": 80, "sr_best": 1.1 }, "geometry": { "type": "LineString", "coordinates": [ [ 1958562.630599999800324, 5725011.879099999554455 ], [ 1959848.331799999810755, 5728090.079900000244379 ], [ 1962184.615500000305474, 5731259.536799999885261 ], [ 1963893.683000000193715, 5736068.332299999892712 ], [ 1964920.258399999700487, 5744121.629499999806285 ], [ 1966984.004200000315905, 5754206.399600000120699 ], [ 1966056.3388, 5764886.9501 ], [ 1966413.348500000312924, 5771311.166500000283122 ], [ 1966505.847199999727309, 5779675.572999999858439 ], [ 1965223.74930000025779, 5792401.530500000342727 ], [ 1965541.654699999839067, 5800808.916799999773502 ] ] } },
{ "type": "Feature", "properties": { "name": "Waiotahi South", "z_score": null, "sampled_dip": 80.0, "dip_best": 80, "sr_best": 2.0 }, "geometry": { "type": "LineString", "coordinates": [ [ 1958562.630599999800324, 5725011.879099999554455 ], [ 1956565.931699999608099, 5721627.110600000247359 ], [ 1953770.198800000362098, 5711281.385499999858439 ], [ 1951073.068, 5702476.681099999696016 ], [ 1945032.427299999631941, 5697769.274600000120699 ], [ 1941741.377999999560416, 5692707.632000000216067 ], [ 1938755.703300000168383, 5685518.052500000223517 ], [ 1934306.668399999849498, 5681279.0987 ] ] } },
{ "type": "Feature", "properties": { "name": "Waipiata", "z_score": null, "sampled_dip": 45.0, "dip_best": 45, "sr_best": 0.1 }, "geometry": { "type": "LineString", "coordinates": [ [ 1381502.368200000375509, 5000153.11699999962002 ], [ 1375924.1382, 4990871.5192 ], [ 1371587.644000000320375, 4986823.455500000156462 ], [ 1366129.659699999727309, 4978114.8827 ], [ 1361446.525299999862909, 4971963.307900000363588 ] ] } },
{ "type": "Feature", "properties": { "name": "Waipukaka", "z_score": null, "sampled_dip": 70.0, "dip_best": 70, "sr_best": 0.5 }, "geometry": { "type": "LineString", "coordinates": [ [ 1865179.270600000396371, 5508796.89740000013262 ], [ 1867345.337500000372529, 5509837.573200000450015 ], [ 1872706.494699999690056, 5513602.769899999722838 ], [ 1878561.30460000038147, 5523415.622000000439584 ] ] } },
{ "type": "Feature", "properties": { "name": "Waipukurau - Poukawa", "z_score": null, "sampled_dip": 60.0, "dip_best": 60, "sr_best": 2.0 }, "geometry": { "type": "LineString", "coordinates": [ [ 1922082.617600000463426, 5597033.844499999657273 ], [ 1911724.530600000172853, 5585409.2177 ], [ 1903628.335799999535084, 5565128.35149999987334 ], [ 1894282.1787, 5553020.070600000210106 ], [ 1892744.0389, 5550580.669099999591708 ] ] } },
{ "type": "Feature", "properties": { "name": "Wairarapa 1", "z_score": null, "sampled_dip": 70.0, "dip_best": 70, "sr_best": 11.0 }, "geometry": { "type": "LineString", "coordinates": [ [ 1743696.5883, 5397270.557099999859929 ], [ 1756719.606300000101328, 5407921.606800000183284 ], [ 1771612.742200000211596, 5424785.27240000013262 ], [ 1774524.389000000432134, 5429071.222400000318885 ], [ 1778225.576999999582767, 5432180.616600000299513 ] ] } },
{ "type": "Feature", "properties": { "name": "Wairarapa 2", "z_score": null, "sampled_dip": 70.0, "dip_best": 70, "sr_best": 12.1 }, "geometry": { "type": "LineString", "coordinates": [ [ 1778225.576999999582767, 5432180.616600000299513 ], [ 1779733.073099999688566, 5432318.376000000163913 ], [ 1784436.3767, 5435812.158200000412762 ], [ 1789207.60219999961555, 5441144.0663 ], [ 1798289.7423, 5449918.258399999700487 ], [ 1799404.44620000012219, 5450672.6645 ], [ 1804396.332499999552965, 5455088.90639999974519 ] ] } },
{ "type": "Feature", "properties": { "name": "Wairarapa 3", "z_score": null, "sampled_dip": 70.0, "dip_best": 70, "sr_best": 6.0 }, "geometry": { "type": "LineString", "coordinates": [ [ 1804430.837899999693036, 5455101.403099999763072 ], [ 1807999.656499999575317, 5457920.253399999812245 ], [ 1810399.214800000190735, 5461475.936499999836087 ], [ 1818685.231300000101328, 5470980.526100000366569 ], [ 1825300.157599999569356, 5478765.418999999761581 ], [ 1828328.832299999892712, 5483562.747700000181794 ] ] } },
{ "type": "Feature", "properties": { "name": "Wairarapa Needles", "z_score": null, "sampled_dip": 70.0, "dip_best": 70, "sr_best": 11.0 }, "geometry": { "type": "LineString", "coordinates": [ [ 1743696.5883, 5397270.557099999859929 ], [ 1730073.181900000199676, 5392067.77489999961108 ], [ 1716419.4249, 5386842.985299999825656 ] ] } },
{ "type": "Feature", "properties": { "name": "Wairata", "z_score": null, "sampled_dip": 60.0, "dip_best": 60, "sr_best": 0.5 }, "geometry": { "type": "LineString", "coordinates": [ [ 1980058.259800000116229, 5749363.32079999987036 ], [ 1979951.600499999709427, 5756412.25 ] ] } },
{ "type": "Feature", "properties": { "name": "Wairau", "z_score": null, "sampled_dip": 85.0, "dip_best": 85, "sr_best": 4.9 }, "geometry": { "type": "LineString", "coordinates": [ [ 1697947.73369999974966, 5417396.69649999961257 ], [ 1682029.986200000159442, 5409634.7138 ], [ 1673569.0844, 5405089.097400000318885 ], [ 1654894.1025, 5400915.3377 ], [ 1622458.006299999542534, 5389421.684299999848008 ], [ 1589146.322999999858439, 5372491.513600000180304 ] ] } },
{ "type": "Feature", "properties": { "name": "Wairau 2", "z_score": null, "sampled_dip": 75.0, "dip_best": 75, "sr_best": 4.0 }, "geometry": { "type": "LineString", "coordinates": [ [ 1713378.204199999570847, 5420693.4287 ], [ 1697947.73369999974966, 5417396.69649999961257 ] ] } },
{ "type": "Feature", "properties": { "name": "Wairau 3", "z_score": null, "sampled_dip": 65.0, "dip_best": 65, "sr_best": 4.0 }, "geometry": { "type": "LineString", "coordinates": [ [ 1724448.7675, 5418783.3004 ], [ 1713378.204199999570847, 5420693.4287 ] ] } },
{ "type": "Feature", "properties": { "name": "Wairoa North", "z_score": null, "sampled_dip": 60.0, "dip_best": 60, "sr_best": 0.09 }, "geometry": { "type": "LineString", "coordinates": [ [ 1790833.677000000141561, 5881885.137199999764562 ], [ 1784309.179100000299513, 5900347.016800000332296 ], [ 1779545.564799999818206, 5906554.575500000268221 ] ] } },
{ "type": "Feature", "properties": { "name": "Waitahuna 1", "z_score": null, "sampled_dip": 45.0, "dip_best": 45, "sr_best": 0.05 }, "geometry": { "type": "LineString", "coordinates": [ [ 1360910.454900000244379, 4913555.352900000289083 ], [ 1359606.344600000418723, 4912269.4402 ], [ 1359288.84389999974519, 4910920.0625 ], [ 1358733.217799999751151, 4909094.433899999596179 ], [ 1355478.83629999961704, 4904966.925599999725819 ], [ 1354370.469600000418723, 4902171.472299999557436 ], [ 1354288.2089, 4898140.661899999715388 ], [ 1357225.089800000190735, 4893854.403400000184774 ] ] } },
{ "type": "Feature", "properties": { "name": "Waitahuna 2", "z_score": null, "sampled_dip": 45.0, "dip_best": 45, "sr_best": 0.05 }, "geometry": { "type": "LineString", "coordinates": [ [ 1360974.61600000038743, 4901874.786500000394881 ], [ 1363349.855499999597669, 4907344.246799999848008 ], [ 1364815.308500000275671, 4909625.4885 ] ] } },
{ "type": "Feature", "properties": { "name": "Waitaki", "z_score": null, "sampled_dip": 60.0, "dip_best": 60, "sr_best": 0.05 }, "geometry": { "type": "LineString", "coordinates": [ [ 1419099.4282, 5031946.175300000235438 ], [ 1429497.573900000192225, 5024802.411000000312924 ], [ 1436641.338200000114739, 5019008.024400000460446 ], [ 1443388.226700000464916, 5013293.013000000268221 ], [ 1446801.3586, 5009483.005400000140071 ] ] } },
{ "type": "Feature", "properties": { "name": "Waitangi", "z_score": null, "sampled_dip": 70.0, "dip_best": 70, "sr_best": 0.169 }, "geometry": { "type": "LineString", "coordinates": [ [ 1391984.461199999786913, 5047525.3854 ], [ 1391816.82079999987036, 5048397.1151 ], [ 1390475.698200000450015, 5051098.855000000447035 ], [ 1387709.587600000202656, 5058554.843299999833107 ], [ 1386320.522300000302494, 5060274.638399999588728 ], [ 1385526.770700000226498, 5064243.396300000138581 ] ] } },
{ "type": "Feature", "properties": { "name": "Waitawhiti", "z_score": null, "sampled_dip": 70.0, "dip_best": 70, "sr_best": 0.5 }, "geometry": { "type": "LineString", "coordinates": [ [ 1865414.374900000169873, 5497946.362999999895692 ], [ 1862693.846900000236928, 5495263.823699999600649 ], [ 1857979.724100000225008, 5491171.552699999883771 ] ] } },
{ "type": "Feature", "properties": { "name": "Waitotara 10 & 11", "z_score": null, "sampled_dip": 60.0, "dip_best": 60, "sr_best": 0.16 }, "geometry": { "type": "LineString", "coordinates": [ [ 1730572.301, 5554467.571600000374019 ], [ 1733566.1968, 5559967.0296 ], [ 1736578.6409, 5571016.8125 ], [ 1739531.285500000230968, 5578369.247899999842048 ], [ 1741736.161600000225008, 5582026.05350000038743 ], [ 1746225.8986, 5592865.402800000272691 ], [ 1751073.330799999646842, 5600358.823599999770522 ], [ 1754736.853000000119209, 5602955.668499999679625 ] ] } },
{ "type": "Feature", "properties": { "name": "Waitotara 8 & 9", "z_score": null, "sampled_dip": 60.0, "dip_best": 60, "sr_best": 0.5 }, "geometry": { "type": "LineString", "coordinates": [ [ 1742505.576500000432134, 5582011.728799999691546 ], [ 1739463.4189, 5574661.939399999566376 ], [ 1739293.951500000432134, 5565415.781700000166893 ], [ 1734864.22690000012517, 5556246.583499999716878 ], [ 1730540.307799999602139, 5552613.871100000105798 ], [ 1719039.332399999722838, 5541700.897199999541044 ] ] } },
{ "type": "Feature", "properties": { "name": "Wakamarama", "z_score": null, "sampled_dip": 60.0, "dip_best": 60, "sr_best": 0.2 }, "geometry": { "type": "LineString", "coordinates": [ [ 1574005.950400000438094, 5507947.583499999716878 ], [ 1572951.796500000171363, 5506391.270399999804795 ], [ 1572528.098000000230968, 5504618.60219999961555 ], [ 1572008.9254, 5503126.293399999849498 ], [ 1569441.580400000326335, 5499193.5653 ], [ 1568790.9496, 5497586.31180000025779 ], [ 1565966.1585, 5494164.360600000247359 ], [ 1562335.043499999679625, 5490673.446399999782443 ], [ 1560628.177500000223517, 5487783.308000000193715 ], [ 1560221.641800000332296, 5485873.21889999974519 ], [ 1556970.479600000195205, 5482121.000300000421703 ], [ 1555092.137500000186265, 5480714.682799999602139 ], [ 1553425.685399999842048, 5479339.859400000423193 ], [ 1553105.57039999961853, 5478127.44620000012219 ], [ 1551846.402499999850988, 5476613.194199999794364 ], [ 1549551.978699999861419, 5474979.530600000172853 ], [ 1546844.28969999961555, 5473940.145700000226498 ], [ 1542753.3454, 5473907.359000000171363 ], [ 1538737.119099999777973, 5473479.290500000119209 ] ] } },
{ "type": "Feature", "properties": { "name": "Wakamarama Offshore", "z_score": null, "sampled_dip": 60.0, "dip_best": 60, "sr_best": 0.2 }, "geometry": { "type": "LineString", "coordinates": [ [ 1608890.621799999848008, 5544207.6053 ], [ 1607938.629300000146031, 5537275.166899999603629 ], [ 1607679.027499999850988, 5535022.1294 ], [ 1605773.0472999997437, 5532162.262000000104308 ], [ 1601874.146800000220537, 5528002.348199999891222 ], [ 1591389.982900000177324, 5519162.585799999535084 ], [ 1588357.3158, 5516996.003499999642372 ], [ 1584013.449699999764562, 5515062.3926 ], [ 1580125.643799999728799, 5513875.848299999721348 ], [ 1577959.4644, 5512575.928999999538064 ], [ 1574636.011, 5509138.067800000309944 ], [ 1574005.950400000438094, 5507947.583499999716878 ] ] } },
{ "type": "Feature", "properties": { "name": "Wakarara", "z_score": null, "sampled_dip": 60.0, "dip_best": 60, "sr_best": 0.2 }, "geometry": { "type": "LineString", "coordinates": [ [ 1893177.558199999853969, 5611539.8673 ], [ 1892050.890599999576807, 5607894.156700000166893 ], [ 1890018.984400000423193, 5601983.156899999827147 ], [ 1888966.126500000245869, 5598217.16509999986738 ], [ 1886698.432500000111759, 5593114.8536 ], [ 1882307.8277000002563, 5588698.180700000375509 ] ] } },
{ "type": "Feature", "properties": { "name": "Wanaka", "z_score": null, "sampled_dip": 60.0, "dip_best": 60, "sr_best": 0.05 }, "geometry": { "type": "LineString", "coordinates": [ [ 1308561.526600000448525, 5118729.677000000141561 ], [ 1306021.521499999798834, 5113490.916500000283122 ], [ 1301695.575299999676645, 5102249.409699999727309 ], [ 1295345.562599999830127, 5089152.508500000461936 ], [ 1293440.558799999766052, 5080818.1168 ], [ 1291694.30530000012368, 5065260.585699999704957 ], [ 1288678.0493, 5055259.315700000151992 ] ] } },
{ "type": "Feature", "properties": { "name": "Warea", "z_score": null, "sampled_dip": 60.0, "dip_best": 60, "sr_best": 0.1 }, "geometry": { "type": "LineString", "coordinates": [ [ 1675461.835199999623001, 5664692.626299999654293 ], [ 1673747.3317, 5663507.2906 ], [ 1671059.159699999727309, 5662279.621500000357628 ], [ 1670064.324400000274181, 5661517.620000000111759 ], [ 1669204.342199999839067, 5660481.6963 ], [ 1667765.667399999685585, 5658398.098299999721348 ], [ 1664624.480100000277162, 5653876.438 ] ] } },
{ "type": "Feature", "properties": { "name": "Waverley - Okaia 1", "z_score": null, "sampled_dip": 60.0, "dip_best": 60, "sr_best": 0.04 }, "geometry": { "type": "LineString", "coordinates": [ [ 1746048.6371, 5607233.3301 ], [ 1736246.433500000275671, 5592117.634200000204146 ], [ 1732535.399600000120699, 5584045.520600000396371 ], [ 1728756.402200000360608, 5573007.412700000219047 ], [ 1728662.472299999557436, 5567457.556400000117719 ] ] } },
{ "type": "Feature", "properties": { "name": "Wellington Hutt Valley 1", "z_score": null, "sampled_dip": 70.0, "dip_best": 70, "sr_best": 5.5 }, "geometry": { "type": "LineString", "coordinates": [ [ 1726797.058899999596179, 5407399.319799999706447 ], [ 1736936.886599999852479, 5413279.747999999672174 ] ] } },
{ "type": "Feature", "properties": { "name": "Wellington Hutt Valley 2", "z_score": null, "sampled_dip": 80.0, "dip_best": 80, "sr_best": 5.5 }, "geometry": { "type": "LineString", "coordinates": [ [ 1736936.886599999852479, 5413279.747999999672174 ], [ 1742041.9742, 5421485.897099999710917 ] ] } },
{ "type": "Feature", "properties": { "name": "Wellington Hutt Valley 3", "z_score": null, "sampled_dip": 90.0, "dip_best": 90, "sr_best": 5.5 }, "geometry": { "type": "LineString", "coordinates": [ [ 1742041.9742, 5421485.897099999710917 ], [ 1745602.970300000160933, 5426131.395600000396371 ], [ 1749160.924700000323355, 5429940.6771 ] ] } },
{ "type": "Feature", "properties": { "name": "Wellington Hutt Valley 4", "z_score": null, "sampled_dip": 85.0, "dip_best": 85, "sr_best": 6.9 }, "geometry": { "type": "LineString", "coordinates": [ [ 1771009.520700000226498, 5445639.238099999725819 ], [ 1756533.343100000172853, 5434449.938799999654293 ], [ 1749160.924700000323355, 5429940.6771 ] ] } },
{ "type": "Feature", "properties": { "name": "Wellington Hutt Valley 5", "z_score": null, "sampled_dip": 65.0, "dip_best": 65, "sr_best": 6.3 }, "geometry": { "type": "LineString", "coordinates": [ [ 1784182.488199999555945, 5451112.068699999712408 ], [ 1771021.140800000168383, 5445643.910699999891222 ] ] } },
{ "type": "Feature", "properties": { "name": "Wellington Pahiatua", "z_score": null, "sampled_dip": 80.0, "dip_best": 80, "sr_best": 5.5 }, "geometry": { "type": "LineString", "coordinates": [ [ 1837246.484299999661744, 5527752.685499999672174 ], [ 1830378.4649, 5519214.590900000184774 ], [ 1826245.1568, 5512493.3607 ], [ 1823691.941800000146031, 5509047.275299999862909 ], [ 1821321.72690000012517, 5505007.638600000180304 ], [ 1819376.388500000350177, 5500994.67090000025928 ], [ 1813612.200199999846518, 5492581.487300000153482 ] ] } },
{ "type": "Feature", "properties": { "name": "Wellington Tararua 1", "z_score": null, "sampled_dip": 65.0, "dip_best": 65, "sr_best": 6.1 }, "geometry": { "type": "LineString", "coordinates": [ [ 1789454.947200000286102, 5451022.190000000409782 ], [ 1786336.4956, 5449620.9403 ] ] } },
{ "type": "Feature", "properties": { "name": "Wellington Tararua 2", "z_score": null, "sampled_dip": 70.0, "dip_best": 70, "sr_best": 6.1 }, "geometry": { "type": "LineString", "coordinates": [ [ 1805343.916299999691546, 5470461.310499999672174 ], [ 1800885.573699999600649, 5464087.287899999879301 ], [ 1791505.149799999780953, 5452714.944299999624491 ], [ 1789577.92090000025928, 5451263.966400000266731 ] ] } },
{ "type": "Feature", "properties": { "name": "Wellington Tararua 3", "z_score": null, "sampled_dip": 60.0, "dip_best": 60, "sr_best": 6.1 }, "geometry": { "type": "LineString", "coordinates": [ [ 1813640.366499999538064, 5492580.677000000141561 ], [ 1813027.861499999649823, 5488347.843100000172853 ], [ 1811543.690600000321865, 5485949.4622 ], [ 1806991.1771, 5473338.102900000289083 ], [ 1805343.916299999691546, 5470461.310499999672174 ] ] } },
{ "type": "Feature", "properties": { "name": "Wendon Valley", "z_score": null, "sampled_dip": 60.0, "dip_best": 60, "sr_best": 0.05 }, "geometry": { "type": "LineString", "coordinates": [ [ 1293675.739900000393391, 4945130.3794 ], [ 1287537.394299999810755, 4933594.523 ], [ 1287537.394299999810755, 4922905.335 ], [ 1288384.062599999830127, 4915073.652599999681115 ], [ 1289759.898699999786913, 4909887.808899999596179 ] ] } },
{ "type": "Feature", "properties": { "name": "West Balleny", "z_score": null, "sampled_dip": 75.0, "dip_best": 75, "sr_best": 2.0 }, "geometry": { "type": "LineString", "coordinates": [ [ 1039164.959300000220537, 4769098.825400000438094 ], [ 1041819.4161, 4784919.597199999727309 ], [ 1043027.9287, 4798031.124800000339746 ], [ 1044440.3065, 4813224.027099999599159 ], [ 1045029.463399999774992, 4825917.958999999798834 ], [ 1050170.2204, 4849651.429999999701977 ] ] } },
{ "type": "Feature", "properties": { "name": "West Wakatipu", "z_score": null, "sampled_dip": 60.0, "dip_best": 60, "sr_best": 0.019 }, "geometry": { "type": "LineString", "coordinates": [ [ 1226476.092400000430644, 5040608.5022 ], [ 1227440.479399999603629, 5033750.639399999752641 ], [ 1230762.256699999794364, 5026999.930700000375509 ], [ 1232476.722400000318885, 5015320.1332 ], [ 1234941.266800000332296, 5011891.2018 ], [ 1240620.434399999678135, 4993246.387299999594688 ] ] } },
{ "type": "Feature", "properties": { "name": "Whakaari 4", "z_score": null, "sampled_dip": 45.0, "dip_best": 45, "sr_best": 2.6 }, "geometry": { "type": "LineString", "coordinates": [ [ 1966429.552899999544024, 5845883.516699999570847 ], [ 1965064.107900000177324, 5844402.2483 ], [ 1963904.8722, 5842886.025000000372529 ], [ 1962860.032700000330806, 5841820.520399999804795 ], [ 1958724.372499999590218, 5838675.708100000396371 ], [ 1957445.7336, 5838175.607200000435114 ], [ 1956569.457700000144541, 5837460.5537 ], [ 1955083.667899999767542, 5836927.227900000289083 ], [ 1954249.910199999809265, 5835771.6371 ], [ 1952510.054999999701977, 5834244.674700000323355 ] ] } },
{ "type": "Feature", "properties": { "name": "Whakatane North", "z_score": null, "sampled_dip": 65.0, "dip_best": 65, "sr_best": 2.2 }, "geometry": { "type": "LineString", "coordinates": [ [ 1950030.22649999987334, 5731991.113199999555945 ], [ 1951268.87459999974817, 5742326.328499999828637 ], [ 1950259.5318, 5764324.345700000412762 ], [ 1952672.501000000163913, 5774065.000199999660254 ], [ 1952527.634499999694526, 5778241.7571 ], [ 1948555.917399999685585, 5793623.495400000363588 ] ] } },
{ "type": "Feature", "properties": { "name": "Whakatane South", "z_score": null, "sampled_dip": 80.0, "dip_best": 80, "sr_best": 2.2 }, "geometry": { "type": "LineString", "coordinates": [ [ 1924995.007799999788404, 5673579.755599999800324 ], [ 1926832.925300000235438, 5679618.688 ], [ 1929996.174200000241399, 5686273.759800000116229 ], [ 1932623.9534, 5698260.1058 ], [ 1934333.555800000205636, 5702601.769399999640882 ], [ 1938645.68059999961406, 5708295.69539999961853 ], [ 1941145.681699999608099, 5713329.500799999572337 ], [ 1944262.073099999688566, 5716291.136900000274181 ], [ 1946228.373700000345707, 5720134.149799999780953 ], [ 1948102.614500000141561, 5726012.102800000458956 ], [ 1950030.22649999987334, 5731991.112999999895692 ] ] } },
{ "type": "Feature", "properties": { "name": "Whangamata West", "z_score": null, "sampled_dip": 45.0, "dip_best": 45, "sr_best": 1.9 }, "geometry": { "type": "LineString", "coordinates": [ [ 1853418.973399999551475, 5723593.437800000421703 ], [ 1864237.530299999751151, 5734354.8514 ] ] } },
{ "type": "Feature", "properties": { "name": "Whangamoa", "z_score": null, "sampled_dip": 60.0, "dip_best": 60, "sr_best": 0.21 }, "geometry": { "type": "LineString", "coordinates": [ [ 1647822.414300000295043, 5454922.990299999713898 ], [ 1644646.1738, 5450998.965400000102818 ], [ 1642405.821000000461936, 5443814.660899999551475 ], [ 1640760.9622, 5441381.1458 ], [ 1633058.741600000299513, 5431193.438799999654293 ], [ 1624319.386699999682605, 5424020.63300000037998 ], [ 1617008.7544, 5416573.047399999573827 ], [ 1605765.017199999652803, 5407298.669099999591708 ], [ 1599681.856499999761581, 5401478.285799999721348 ], [ 1594714.8273, 5393622.052899999544024 ], [ 1594514.477300000376999, 5388288.490199999883771 ], [ 1593546.971400000154972, 5382257.633399999700487 ], [ 1591480.1327, 5377173.572700000368059 ], [ 1589146.322999999858439, 5372491.513600000180304 ] ] } },
{ "type": "Feature", "properties": { "name": "Wharanui", "z_score": null, "sampled_dip": 60.0, "dip_best": 60, "sr_best": 0.3 }, "geometry": { "type": "LineString", "coordinates": [ [ 1709402.469600000418723, 5350593.797399999573827 ], [ 1715108.029199999757111, 5353160.4951 ], [ 1720804.3531, 5357279.50690000038594 ], [ 1721849.933400000445545, 5360912.318199999630451 ] ] } },
{ "type": "Feature", "properties": { "name": "Whareama Bank", "z_score": null, "sampled_dip": 30.0, "dip_best": 30, "sr_best": 1.5 }, "geometry": { "type": "LineString", "coordinates": [ [ 1867623.895399999804795, 5426422.276100000366569 ], [ 1881038.156499999575317, 5439841.8788 ], [ 1890994.579199999570847, 5447095.032100000418723 ], [ 1902975.208499999716878, 5452832.054700000211596 ], [ 1912352.222900000400841, 5460488.515999999828637 ], [ 1919922.656600000336766, 5467972.92200000025332 ] ] } },
{ "type": "Feature", "properties": { "name": "Wharekauhau", "z_score": null, "sampled_dip": 45.0, "dip_best": 45, "sr_best": 2.5 }, "geometry": { "type": "LineString", "coordinates": [ [ 1746445.901100000366569, 5392929.757799999788404 ], [ 1758763.55530000012368, 5399421.604000000283122 ], [ 1771831.099100000225008, 5418651.43099999986589 ], [ 1778409.547500000335276, 5426385.112099999561906 ], [ 1778594.47719999961555, 5430194.0592 ] ] } },
{ "type": "Feature", "properties": { "name": "Wheao North", "z_score": null, "sampled_dip": 65.0, "dip_best": 65, "sr_best": 0.25 }, "geometry": { "type": "LineString", "coordinates": [ [ 1920645.13260000012815, 5729328.517199999652803 ], [ 1923624.155600000172853, 5732100.4885 ], [ 1929503.305100000463426, 5736101.1464 ] ] } },
{ "type": "Feature", "properties": { "name": "Wheao South", "z_score": null, "sampled_dip": 80.0, "dip_best": 80, "sr_best": 0.25 }, "geometry": { "type": "LineString", "coordinates": [ [ 1920645.13260000012815, 5729328.517199999652803 ], [ 1915905.512900000438094, 5722111.914599999785423 ], [ 1914525.237599999643862, 5718085.879200000315905 ], [ 1911442.334800000302494, 5708389.4073 ], [ 1910909.362800000235438, 5697167.166899999603629 ], [ 1912133.473199999891222, 5687758.511199999600649 ], [ 1910063.370500000193715, 5673481.313900000415742 ] ] } },
{ "type": "Feature", "properties": { "name": "White Creek", "z_score": null, "sampled_dip": 70.0, "dip_best": 70, "sr_best": 0.5 }, "geometry": { "type": "LineString", "coordinates": [ [ 1535475.254300000146031, 5419379.775500000454485 ], [ 1534261.8679, 5413676.4528 ], [ 1534329.378700000233948, 5410392.812199999578297 ], [ 1533697.1815, 5408923.51410000026226 ], [ 1534099.377500000409782, 5406233.060499999672174 ], [ 1535481.853400000371039, 5403082.132399999536574 ], [ 1535337.6129, 5399372.142199999652803 ], [ 1534792.980499999597669, 5394373.263799999840558 ], [ 1534686.456799999810755, 5390159.865199999883771 ], [ 1532915.240600000135601, 5379029.0877 ], [ 1532624.507399999536574, 5374971.459599999710917 ], [ 1530457.888799999840558, 5369657.2823 ], [ 1530004.840900000184774, 5367019.322200000286102 ], [ 1529241.069899999536574, 5362507.582399999722838 ], [ 1528296.782200000248849, 5358909.030399999581277 ], [ 1527359.10080000013113, 5357382.2347 ], [ 1526843.162399999797344, 5355227.085099999792874 ], [ 1526495.491100000217557, 5350596.763000000268221 ], [ 1524554.080900000408292, 5344211.798899999819696 ], [ 1523696.142799999564886, 5339859.4221 ], [ 1522179.6025, 5336598.773400000296533 ], [ 1520710.202499999664724, 5334319.7823 ], [ 1517733.900399999693036, 5331253.3109 ], [ 1516242.612099999561906, 5330521.9238 ], [ 1514919.0455, 5329439.116600000299513 ], [ 1512080.700000000186265, 5325749.9715 ], [ 1509329.411000000312924, 5320763.260200000368059 ], [ 1506956.420800000429153, 5314710.4244 ] ] } },
{ "type": "Feature", "properties": { "name": "White Creek - buried", "z_score": null, "sampled_dip": 70.0, "dip_best": 70, "sr_best": 0.5 }, "geometry": { "type": "LineString", "coordinates": [ [ 1496467.1349, 5297721.214800000190735 ], [ 1497877.167399999685585, 5299647.11710000038147 ], [ 1499596.722900000400841, 5300885.197100000455976 ], [ 1500456.503999999724329, 5301985.7127 ], [ 1501316.2785, 5304221.135099999606609 ], [ 1501728.971900000236928, 5305803.126199999824166 ], [ 1503001.4463, 5307625.855200000107288 ], [ 1503758.050800000317395, 5309826.886400000192225 ], [ 1504961.736399999819696, 5312199.873200000263751 ], [ 1506612.509700000286102, 5313781.864400000311434 ] ] } },
{ "type": "Feature", "properties": { "name": "White Hill", "z_score": null, "sampled_dip": 60.0, "dip_best": 60, "sr_best": 0.2 }, "geometry": { "type": "LineString", "coordinates": [ [ 1237127.877399999648333, 4891625.654199999757111 ], [ 1237278.753700000233948, 4895850.190700000151992 ], [ 1237179.1009, 4897152.2489 ], [ 1235327.013799999840558, 4901385.590699999593198 ], [ 1232912.686099999584258, 4907801.7494 ], [ 1232846.54009999986738, 4909753.0554 ], [ 1232846.54009999986738, 4912398.894000000320375 ], [ 1233078.051, 4915309.316499999724329 ], [ 1233309.5619, 4916764.527700000442564 ], [ 1234467.11629999987781, 4918682.760700000450015 ], [ 1238424.250900000333786, 4922966.380400000140071 ] ] } },
{ "type": "Feature", "properties": { "name": "White Island 1", "z_score": null, "sampled_dip": 45.0, "dip_best": 45, "sr_best": 2.5 }, "geometry": { "type": "LineString", "coordinates": [ [ 1946241.494800000451505, 5795911.2083 ], [ 1952956.6217, 5801668.850499999709427 ], [ 1955562.920699999667704, 5804977.6091 ], [ 1957572.508899999782443, 5806564.341900000348687 ], [ 1959081.407800000160933, 5810017.418399999849498 ], [ 1965608.879099999554455, 5816738.884200000204146 ] ] } },
{ "type": "Feature", "properties": { "name": "White Island 2", "z_score": null, "sampled_dip": 45.0, "dip_best": 45, "sr_best": 2.0 }, "geometry": { "type": "LineString", "coordinates": [ [ 1966091.238300000317395, 5813643.5225 ], [ 1971164.831299999728799, 5817432.314600000157952 ], [ 1973320.257799999788404, 5820393.926400000229478 ], [ 1977480.665, 5823652.208499999716878 ] ] } },
{ "type": "Feature", "properties": { "name": "Whitemans Valley", "z_score": null, "sampled_dip": 60.0, "dip_best": 60, "sr_best": 0.1 }, "geometry": { "type": "LineString", "coordinates": [ [ 1758222.6387, 5418074.72620000038296 ], [ 1759629.9002, 5421187.3756 ], [ 1759833.916899999603629, 5422849.051099999807775 ], [ 1760862.759700000286102, 5423937.104000000283122 ], [ 1763050.6579, 5428142.645600000396371 ], [ 1764868.267099999822676, 5430700.933299999684095 ], [ 1767500.605000000447035, 5435817.217899999581277 ], [ 1768968.833999999798834, 5437638.3975 ], [ 1769267.555499999783933, 5439664.27240000013262 ], [ 1770758.491899999789894, 5442406.605000000447035 ] ] } },
{ "type": "Feature", "properties": { "name": "Woodville", "z_score": null, "sampled_dip": 70.0, "dip_best": 70, "sr_best": 0.2 }, "geometry": { "type": "LineString", "coordinates": [ [ 1842681.090599999763072, 5528518.938500000163913 ], [ 1844412.211500000208616, 5529669.041400000452995 ], [ 1847066.613300000317395, 5531369.69539999961853 ], [ 1848827.129700000397861, 5533163.970800000242889 ], [ 1854622.524000000208616, 5539899.021800000220537 ], [ 1856471.201500000432134, 5540859.1299 ], [ 1857825.870900000445545, 5542637.133500000461936 ] ] } }
]
}
